timestamp,"container_memory_rss{prometheus=""monitoring-cce-bj4-dev-01"",container="""",namespace=~""jiesuan"",pod=~""yid-k8s-aiops-81-5778cb86bf-tmvfd"",metrics_path=""/metrics/cadvisor""} / 1048576","sum(rate(container_network_receive_bytes_total{prometheus=""monitoring-cce-bj4-dev-01"",namespace=~""jiesuan"", pod=~""yid-k8s-aiops-81-5778cb86bf-tmvfd"", node=""10.200.65.114"", metrics_path=""/metrics/cadvisor""}[1m])) by (pod,namespace,node) * 8","sum(rate(container_network_transmit_bytes_total{prometheus=""monitoring-cce-bj4-dev-01"",namespace=~""jiesuan"", pod=~""yid-k8s-aiops-81-5778cb86bf-tmvfd"", node=""10.200.65.114"", metrics_path=""/metrics/cadvisor""}[1m])) by (pod,namespace,node) * 8","sum(rate(container_network_receive_bytes_total{prometheus=""monitoring-cce-bj4-dev-01"",namespace=~""jiesuan"", pod=~""yid-k8s-aiops-81-5778cb86bf-tmvfd"", node=""10.200.65.114"", metrics_path=""/metrics/cadvisor""}[1m])) by (pod,namespace,node) * 8.1","(sum(irate(container_cpu_usage_seconds_total{prometheus=""monitoring-cce-bj4-dev-01"",container!="""",container!=""POD"",namespace=~""jiesuan"",pod=~""yid-k8s-aiops-81-5778cb86bf-tmvfd"", metrics_path=""/metrics/cadvisor""} [1m])) by(namespace,pod) / on (namespace,pod) (sum(container_spec_cpu_quota{prometheus=""monitoring-cce-bj4-dev-01"",namespace=~""jiesuan"",pod=~""yid-k8s-aiops-81-5778cb86bf-tmvfd"",container!="""",metrics_path=""/metrics/cadvisor""}) by(namespace,pod) / 100000) ) * 100","irate (container_cpu_usage_seconds_total{prometheus=""monitoring-cce-bj4-dev-01"",container="""",namespace=~""jiesuan"",pod=~""yid-k8s-aiops-81-5778cb86bf-tmvfd"",metrics_path=""/metrics/cadvisor""} [1m]) * 100","1-sum(increase(std_grpc_server_handled_total{job=""be/yid"",biz_code=""6000"",environment=""rc"",instance=""yid-k8s-aiops-81-5778cb86bf-tmvfd"",grpc_code=~""Unknown|OK""}[1m]) or increase(std_grpc_server_handled_total{job=""be/yid"",environment=""rc"",instance=""{1}"",grpc_code!~""Unknown|OK""}[1m]))/sum(increase(std_grpc_server_handled_total{job=""be/yid"",instance=""{2}"",environment=""rc""}[1m])) or vector(1)"
2023-12-13 17:00:00,259.58984375,4271280.338632803,3919530.4469553037,4271280.338632803,10.824178259953127,21.720591607508936,1
2023-12-13 17:02:00,270.58984375,5919181.6,5204519.466666667,5919181.6,6.4343650289002765,20.65141202666079,1
2023-12-13 17:04:00,256.84375,5442415.733333333,4899146.133333334,5442415.733333333,11.977648995558006,22.72443406667056,1
2023-12-13 17:06:00,270.28125,4827708.0583883235,4593977.4711724315,4827708.0583883235,13.95622796552133,22.307021362375547,1
2023-12-13 17:08:00,270.8359375,5338734.933333334,5154690.933333334,5338734.933333334,14.345282673328054,22.151514933332997,1
2023-12-13 17:10:00,261.47265625,4272445.6,3856421.6,4272445.6,12.956877437779136,22.27285234999727,1
2023-12-13 17:12:00,256.90234375,4070037.866666666,3443733.066666667,4070037.866666666,17.646143146654747,21.183365826655066,1
2023-12-13 17:14:00,258.10546875,4179610.4,3708800.8,4179610.4,12.362739526660233,15.924455390001338,1
2023-12-13 17:16:00,259.19921875,4015244.533333333,3641823.2,4015244.533333333,15.28384198444352,11.505241289996777,1
2023-12-13 17:18:00,255.61328125,4499018.666666667,4120405.333333334,4499018.666666667,17.347632660013105,29.748235976658176,1
2023-12-13 17:20:00,258.23046875,4837766.666666667,4536978.133333334,4837766.666666667,20.580278126661955,19.892297303328327,1
2023-12-13 17:22:00,254.375,5716000.8,4958951.2,5716000.8,13.048923522227495,23.88502405000812,1
2023-12-13 17:24:00,258.4609375,5540891.733333333,4979682.933333334,5540891.733333333,15.63286120665402,13.154804059983384,1
2023-12-13 17:26:00,253.109375,4490610.666666667,4136713.866666666,4490610.666666667,15.567057431116051,23.534613523346106,1
2023-12-13 17:28:00,256.30859375,4425072.266666667,3917682.1333333324,4425072.266666667,14.615315977781492,22.891009949986863,1
2023-12-13 17:30:00,273.44921875,5146491.466666667,4552429.066666666,5146491.466666667,12.355166137777916,13.99270939664954,1
2023-12-13 17:32:00,262.765625,5246409.066666666,4795474.133333334,5246409.066666666,14.33963793333128,22.073650333331894,1
2023-12-13 17:34:00,264.48046875,5792266.933333334,5247238.133333334,5792266.933333334,9.772539657779918,22.52156923668129,1
2023-12-13 17:36:00,258.578125,4724101.866666666,4406599.2,4724101.866666666,8.966316646660239,31.05755096999928,1
2023-12-13 17:38:00,264.42578125,4562819.733333333,4179360.0,4562819.733333333,13.921486488882994,22.670941393322817,1
2023-12-13 17:40:00,252.00390625,4736273.866666666,4323607.733333333,4736273.866666666,17.70132237557037,10.425319120016258,1
2023-12-13 17:42:00,270.90625,4635255.466666667,4132989.333333334,4635255.466666667,14.651316233325307,22.78408578000381,1
2023-12-13 17:44:00,272.125,7218573.48434377,6524257.961359094,7218573.48434377,10.635996815456918,29.234532678206183,1
2023-12-13 17:46:00,269.9375,4977177.866666666,4652467.466666667,4977177.866666666,15.842959822216976,21.41548997999052,1
2023-12-13 17:48:00,263.7734375,4706388.8,4363383.466666667,4706388.8,14.364041791106706,21.738539583335903,1
2023-12-13 17:50:00,271.3359375,6208030.4,5708482.933333334,6208030.4,12.691904277776807,18.027107860010194,1
2023-12-13 17:52:00,254.7734375,5150348.8,4719569.333333333,5150348.8,16.107789886672332,17.35219567999593,1
2023-12-13 17:54:00,254.015625,4961207.2,4351281.066666666,4961207.2,6.66740796000037,22.256069689998792,1
2023-12-13 17:56:00,257.59765625,5052541.066666666,4852176.0,5052541.066666666,15.120786660004844,26.906530646665487,1
2023-12-13 17:58:00,252.6796875,4039639.7333333325,3766862.1333333324,4039639.7333333325,9.2001913199945,22.392464096677333,1
2023-12-13 18:00:00,259.00390625,2004496.8,1878598.666666667,2004496.8,18.32037630888711,23.298266230000692,1
2023-12-13 18:02:00,257.3984375,4258837.987337554,3692958.347217594,4258837.987337554,11.403267142073064,10.613131096298128,1
2023-12-13 18:04:00,261.015625,5686193.952728605,5167354.8688202165,5686193.952728605,13.095269738091329,21.29450140013103,1
2023-12-13 18:06:00,259.125,4831715.466666667,4213579.466666667,4831715.466666667,10.36834872888802,29.2763687333354,1
2023-12-13 18:08:00,267.48828125,5545141.866666666,5027050.666666667,5545141.866666666,14.668531146663653,24.12749328332817,1
2023-12-13 18:10:00,260.921875,5791476.0,5243161.866666666,5791476.0,15.099076788901586,21.252957999992454,1
2023-12-13 18:12:00,252.82421875,4573202.666666667,4073211.7333333325,4573202.666666667,15.172663535550885,30.87854609332377,1
2023-12-13 18:14:00,271.09375,3877121.866666666,3686441.066666667,3877121.866666666,6.261843095546485,21.558888199991387,1
2023-12-13 18:16:00,259.01171875,2807209.6,2660128.533333333,2807209.6,15.241242015553224,20.617121249985455,1
2023-12-13 18:18:00,271.01953125,4564714.666666667,4174638.933333333,4564714.666666667,13.950234997771785,21.09195013334101,1
2023-12-13 18:20:00,258.21875,5588500.0,5042257.866666666,5588500.0,16.933759980003945,32.41007267000289,1
2023-12-13 18:22:00,268.48828125,3914352.266666666,3756357.6,3914352.266666666,12.46011950444275,14.01092914333276,1
2023-12-13 18:24:00,257.7734375,3343390.4,3119956.533333333,3343390.4,14.356894315553491,21.34197060331644,1
2023-12-13 18:26:00,258.6640625,5726942.666666668,5228048.0,5726942.666666668,12.397626564440241,23.34169466332241,1
2023-12-13 18:28:00,252.98828125,2481725.6,2019799.2,2481725.6,13.101300479999434,21.278692413325192,1
2023-12-13 18:30:00,281.73046875,5216770.4,4966894.666666667,5216770.4,14.464976308889973,22.826706113337426,1
2023-12-13 18:32:00,258.0546875,4560903.2,4032321.066666667,4560903.2,13.299931962214437,23.981191880011462,1
2023-12-13 18:34:00,256.14453125,3570648.8,3375004.266666666,3570648.8,7.0094450288969625,25.01217855332167,1
2023-12-13 18:36:00,269.67578125,5036190.4,4779479.733333333,5036190.4,12.39904892000292,25.90745817001637,1
2023-12-13 18:38:00,256.77734375,4880267.733333333,4561476.8,4880267.733333333,14.15268799776742,25.9714638566705,1
2023-12-13 18:40:00,275.390625,5125522.133333334,4829691.2,5125522.133333334,12.0188838333383,21.385960306652123,1
2023-12-13 18:42:00,265.94140625,4585788.8,4099957.6,4585788.8,15.116307231106072,27.191403603331608,1
2023-12-13 18:44:00,264.71875,4002283.466666667,3892494.666666666,4002283.466666667,11.9212989800144,22.87586862999888,1
2023-12-13 18:46:00,274.74609375,4379816.0,4003654.1333333324,4379816.0,13.052595842228685,20.677845666650683,1
2023-12-13 18:48:00,261.8359375,4186032.266666666,3845385.866666666,4186032.266666666,12.302601379989131,21.77549230999527,1
2023-12-13 18:50:00,267.93359375,4413060.658578856,4014641.2478336217,4413060.658578856,8.839661953950095,25.92524069123793,1
2023-12-13 18:52:00,271.078125,3697518.832077861,3388425.571628558,3697518.832077861,14.085997913476524,18.737966365594435,1
2023-12-13 18:54:00,257.109375,3832448.533333333,3657447.2,3832448.533333333,11.607865893343437,29.60900139665076,1
2023-12-13 18:56:00,269.734375,3440593.8666666667,2904189.066666667,3440593.8666666667,13.883669533339953,21.832960220005283,1
2023-12-13 18:58:00,262.68359375,5327272.533333333,4734130.933333334,5327272.533333333,11.918076186670485,21.97911140998864,1
2023-12-13 19:00:00,254.36328125,6501429.333333332,6015698.666666668,6501429.333333332,8.052019557783044,25.55137848001323,1
2023-12-13 19:02:00,261.96484375,3757639.7333333325,3430349.333333333,3757639.7333333325,14.963977293324811,18.934293830000872,1
2023-12-13 19:04:00,254.875,4522931.733333333,4195384.533333333,4522931.733333333,16.142796937767542,12.469697339984126,1
2023-12-13 19:06:00,258.04296875,4093910.4,3679873.066666667,4093910.4,17.171877824439434,9.708006099996664,1
2023-12-13 19:08:00,257.625,4518465.6,4206422.933333334,4518465.6,13.897627302212644,22.43791550999352,1
2023-12-13 19:10:00,256.09765625,3380492.0,3183701.8666666667,3380492.0,18.264413757780048,29.51353254332692,1
2023-12-13 19:12:00,258.90625,6306284.533333332,5697560.0,6306284.533333332,5.911022220000937,27.784839223337865,1
2023-12-13 19:14:00,254.45703125,4563939.733333333,4207609.066666666,4563939.733333333,13.271543380008854,28.09660841667209,1
2023-12-13 19:16:00,271.82421875,3953515.2,3543900.533333333,3953515.2,16.592988366658876,12.271165843339984,1
2023-12-13 19:18:00,262.796875,2182265.6,2129469.6,2182265.6,13.397211146657352,18.539012293331325,1
2023-12-13 19:20:00,257.44921875,4972809.6,4575209.333333333,4972809.6,19.109253962217032,20.917747813340004,1
2023-12-13 19:22:00,258.05859375,5410193.333333333,4679285.066666666,5410193.333333333,14.169682108881213,21.99039554000289,1
2023-12-13 19:24:00,258.6015625,4767403.466666667,4420548.8,4767403.466666667,17.249822066676444,31.767617003327665,1
2023-12-13 19:26:00,260.96875,5297051.466666667,4716788.0,5297051.466666667,11.868524015557744,10.650093826673883,1
2023-12-13 19:28:00,258.7890625,4564757.6,4268561.866666666,4564757.6,12.58790834223166,13.368173856676247,1
2023-12-13 19:30:00,271.171875,5538318.933333334,4937172.8,5538318.933333334,10.681376422208915,19.09369678001288,1
2023-12-13 19:32:00,276.6484375,2545782.4,2449114.933333333,2545782.4,12.207510100011456,16.403890933337,1
2023-12-13 19:34:00,278.52734375,5374151.2,4839438.133333334,5374151.2,11.683274679995115,26.489199653321208,1
2023-12-13 19:36:00,274.57421875,3675437.333333334,3525479.2,3675437.333333334,19.466523391117033,17.588940523322286,1
2023-12-13 19:38:00,255.4453125,3077096.8,2797886.4,3077096.8,14.21743567777513,19.606705643309397,1
2023-12-13 19:40:00,276.44921875,5253871.733333333,4693250.133333334,5253871.733333333,18.876131748887325,19.51373619333026,1
2023-12-13 19:42:00,272.8671875,5895896.533333332,5223938.933333334,5895896.533333332,15.519302584450795,13.15132712001893,1
2023-12-13 19:44:00,269.96484375,4458936.266666667,4089096.8,4458936.266666667,11.183506015545898,17.222357563320355,1
2023-12-13 19:46:00,266.2109375,4607663.2,4266225.6,4607663.2,13.525168966670105,21.284132600000397,1
2023-12-13 19:48:00,270.75390625,4342291.466666667,3910693.866666666,4342291.466666667,6.7014247822226025,21.78111567666444,1
2023-12-13 19:50:00,263.8125,4185646.1333333324,3805572.266666666,4185646.1333333324,14.673625580002813,12.9847571933351,1
2023-12-13 19:52:00,268.5546875,4549456.0,3998187.7333333325,4549456.0,15.830967220002398,23.203398506666414,1
2023-12-13 19:54:00,269.03125,5486308.7892316915,4900797.494502565,5486308.7892316915,13.777881726296618,20.058606673548525,1
2023-12-13 19:56:00,254.05078125,4220063.733333333,3826902.666666666,4220063.733333333,15.494202839989965,22.64796998999373,1
2023-12-13 19:58:00,268.984375,4989323.466666667,4355381.333333333,4989323.466666667,14.868063653330966,19.51413533000353,1
2023-12-13 20:00:00,252.86328125,4999988.533333333,4360644.0,4999988.533333333,11.376564855551504,21.355833496660733,1
2023-12-13 20:02:00,262.26953125,3800434.933333333,3538691.466666667,3800434.933333333,13.752592602217598,22.100018526665128,1
2023-12-13 20:04:00,259.98828125,2020712.2666666661,1902130.4,2020712.2666666661,10.753093973326033,19.310115613334347,1
2023-12-13 20:06:00,256.03515625,1931260.8,1777739.7333333334,1931260.8,13.195397133337488,20.620567019990023,1
2023-12-13 20:08:00,270.01171875,4159961.066666667,3800763.2,4159961.066666667,11.889710615553973,18.51898831334741,1
2023-12-13 20:10:00,259.34765625,5261930.6069393065,4710482.285104823,5261930.6069393065,12.841442062456176,30.100370439628744,1
2023-12-13 20:12:00,254.16796875,4324542.933333334,3789349.866666666,4324542.933333334,13.780968246671062,23.01458911332399,1
2023-12-13 20:14:00,258.84375,4914821.333333333,4521372.8,4914821.333333333,14.361791888901887,18.61728268001267,1
2023-12-13 20:16:00,256.17578125,6018642.4,5349975.733333333,6018642.4,14.54650254667892,20.889928373338385,1
2023-12-13 20:18:00,256.859375,4620781.333333333,4326031.2,4620781.333333333,12.273595357789116,20.60734590665864,1
2023-12-13 20:20:00,261.30078125,5078103.466666667,4434645.066666666,5078103.466666667,14.414508477768527,19.916965720015767,1
2023-12-13 20:22:00,257.3203125,4344750.666666667,3857080.533333333,4344750.666666667,12.716679659998693,21.569345413323997,1
2023-12-13 20:24:00,264.5390625,4274230.933333334,4156813.6,4274230.933333334,13.758154613331294,13.55018198667191,1
2023-12-13 20:26:00,271.24609375,4482074.133333334,4048877.866666666,4482074.133333334,16.045984248889404,23.90383620001861,1
2023-12-13 20:28:00,271.61328125,3835884.0,3650081.066666667,3835884.0,12.092107337779858,20.688480349999736,1
2023-12-13 20:30:00,262.875,4645072.266666667,4286497.6,4645072.266666667,21.16116957999313,22.12451920999835,1
2023-12-13 20:32:00,264.79296875,5971860.533333332,5328214.933333334,5971860.533333332,12.784984884444079,20.69916513333737,1
2023-12-13 20:34:00,277.97265625,2173985.6,2093406.133333333,2173985.6,17.64456898666039,20.547206140011745,1
2023-12-13 20:36:00,267.375,5531565.333333333,4964177.6,5531565.333333333,15.734124624432294,17.565349376673108,1
2023-12-13 20:38:00,258.39453125,5520084.266666667,5319205.333333333,5520084.266666667,12.359477495548266,25.653129783337747,1
2023-12-13 20:40:00,256.421875,4384049.6,4017033.866666666,4384049.6,14.01595498666413,21.744942516646308,1
2023-12-13 20:42:00,257.01171875,3466446.1333333333,3321022.4,3466446.1333333333,13.494019513341804,17.395610686653526,1
2023-12-13 20:44:00,255.625,5517168.266666667,4940490.4,5517168.266666667,14.432657620006163,27.28439652666566,1
2023-12-13 20:46:00,271.99609375,3430673.6,3274233.333333333,3430673.6,17.227815484446992,22.76438372665628,1
2023-12-13 20:48:00,255.21875,6107815.733333332,5618275.733333333,6107815.733333332,18.302558233327645,20.99743740999353,1
2023-12-13 20:50:00,258.5703125,5496375.466666667,5257689.333333333,5496375.466666667,18.46730019111419,19.992706493333877,1
2023-12-13 20:52:00,264.37890625,5464278.933333334,5066240.266666667,5464278.933333334,19.76113698888285,27.39590531666181,1
2023-12-13 20:54:00,258.58984375,5195627.466666667,4499279.466666667,5195627.466666667,14.03043730221624,9.731547289993612,1
2023-12-13 20:56:00,259.453125,2554680.0,2333301.6,2554680.0,14.137085591113038,12.868524196674116,1
2023-12-13 20:58:00,258.078125,4315209.6,3948555.7333333325,4315209.6,15.208716944438894,27.92781274334023,1
2023-12-13 21:00:00,263.9296875,5420966.666666667,4881227.2,5420966.666666667,18.398486591112388,21.788217086650548,1
2023-12-13 21:02:00,259.98046875,3810244.8,3541656.0,3810244.8,11.515865579988006,20.402914536656073,1
2023-12-13 21:04:00,258.578125,4953391.2,4731970.4,4953391.2,14.006778502225645,25.01333997999609,1
2023-12-13 21:06:00,264.05859375,4467561.068320496,4110201.860558167,4467561.068320496,15.062086754923069,19.664743713114397,1
2023-12-13 21:08:00,254.81640625,5703603.2,5158220.0,5703603.2,17.710821524443517,23.19201726665293,1
2023-12-13 21:10:00,257.2890625,3094108.98910109,2893865.546778656,3094108.98910109,17.384534466544967,11.61477834550367,1
2023-12-13 21:12:00,255.12890625,4534584.8,3976840.533333333,4534584.8,19.13562389556318,25.186129150000248,1
2023-12-13 21:14:00,262.84375,2324379.441370575,2442087.86080928,2324379.441370575,6.13441894984347,24.480613459093647,1
2023-12-13 21:16:00,261.18359375,4569449.066666666,4326280.8,4569449.066666666,17.64789399556725,19.429736520008493,1
2023-12-13 21:18:00,259.859375,2445055.733333333,2056312.0,2445055.733333333,6.829248628879819,20.65651237666316,1
2023-12-13 21:20:00,260.375,6403960.0,6090482.4,6403960.0,13.375607175548794,10.866790386668676,1
2023-12-13 21:22:00,258.16796875,4529113.333333333,4033380.0,4529113.333333333,15.690527437772186,23.82397173666201,1
2023-12-13 21:24:00,259.89453125,4561735.2,4197895.466666667,4561735.2,17.19913414221891,14.438700056659096,1
2023-12-13 21:26:00,258.05078125,4380310.933333334,3952515.2,4380310.933333334,10.040918771103154,30.403154703332497,1
2023-12-13 21:28:00,262.41015625,4666420.8,4334800.8,4666420.8,16.555988988887595,19.679128826683158,1
2023-12-13 21:30:00,272.4140625,5193129.333333333,4596158.933333334,5193129.333333333,9.775997604447184,24.09836547999779,1
2023-12-13 21:32:00,261.265625,4556957.333333333,4039092.8,4556957.333333333,16.969145131103378,30.049614510013882,1
2023-12-13 21:34:00,257.99609375,4278627.2,3917015.7333333325,4278627.2,15.293872697786556,21.003566563328306,1
2023-12-13 21:36:00,262.88671875,2876722.933333333,2651369.333333333,2876722.933333333,15.618029891112304,22.16882284000652,1
2023-12-13 21:38:00,264.34765625,4892003.466666667,4630182.666666667,4892003.466666667,16.160128980005133,25.30229084666644,1
2023-12-13 21:40:00,278.0078125,5402044.0,4736806.4,5402044.0,15.598394991118564,21.10626990666788,1
2023-12-13 21:42:00,258.3828125,4736011.2,4288777.6,4736011.2,10.804998151110745,22.258417873332895,1
2023-12-13 21:44:00,266.5078125,2112776.0,2025917.866666667,2112776.0,15.036731793338227,21.70055144000798,1
2023-12-13 21:46:00,258.9140625,4441643.733333333,4078724.0,4441643.733333333,11.353320853344892,15.61494385333693,1
2023-12-13 21:48:00,267.80078125,2477981.8666666667,2585246.4,2477981.8666666667,12.892960806671503,19.423036276663574,1
2023-12-13 21:50:00,263.43359375,2854046.1333333333,2542622.4,2854046.1333333333,12.346655937775116,20.927037346676414,1
2023-12-13 21:52:00,256.33203125,6166509.333333332,5527443.733333333,6166509.333333332,14.30733848888647,22.854932726671294,1
2023-12-13 21:54:00,265.4453125,3186124.0,2946534.933333333,3186124.0,13.544536684445724,21.37863375666105,1
2023-12-13 21:56:00,256.94921875,5018696.533333333,4476517.866666666,5018696.533333333,7.9580702622155925,27.86544856666297,1
2023-12-13 21:58:00,256.96484375,4520834.133333334,4214848.533333333,4520834.133333334,16.939284128893632,20.530129193333174,1
2023-12-13 22:00:00,271.79296875,4789249.866666666,4487727.733333333,4789249.866666666,7.1162860133335935,20.417122250000826,1
2023-12-13 22:02:00,272.65625,4882376.266666667,4464838.933333334,4882376.266666667,8.881879857783336,16.571285296668066,1
2023-12-13 22:04:00,259.515625,3951183.7333333325,3560136.8,3951183.7333333325,11.270146764436506,17.812959910006608,1
2023-12-13 22:06:00,265.3984375,4544751.124887511,4213370.3962937035,4544751.124887511,14.838200722151024,19.955550548268867,1
2023-12-13 22:08:00,271.640625,2893675.5008834214,2719119.378604526,2893675.5008834214,16.285769068014694,20.353867680100954,1
2023-12-13 22:10:00,258.91015625,3001698.1333333333,2647286.1333333333,3001698.1333333333,11.303232637777304,23.84727037999255,1
2023-12-13 22:12:00,272.1484375,4342361.6,3795603.2,4342361.6,12.217789599995337,20.618454086652488,1
2023-12-13 22:14:00,271.15234375,5252321.066666666,4662193.066666666,5252321.066666666,12.843290502221661,25.350369060009452,1
2023-12-13 22:16:00,261.15234375,4653658.133333334,4266662.4,4653658.133333334,13.146449084451886,27.52207620333744,1
2023-12-13 22:18:00,263.1953125,5781000.266666668,5284870.4,5781000.266666668,18.356689920005408,21.009075813320425,1
2023-12-13 22:20:00,257.828125,2612930.666666666,2227698.1333333333,2612930.666666666,14.110340651111779,21.345352499993172,1
2023-12-13 22:22:00,275.73046875,6276604.581374412,4415755.393284651,6276604.581374412,19.15866182299163,25.97370786236752,1
2023-12-13 22:24:00,284.25390625,5527314.4,4103425.333333334,5527314.4,13.817525884434064,23.367527640002667,1
2023-12-13 22:26:00,286.6171875,6645045.866666666,4673021.6,6645045.866666666,10.82510511334274,22.90240608999739,1
2023-12-13 22:28:00,286.84765625,5334753.866666666,3811344.266666666,5334753.866666666,17.047460846677293,26.94239831333107,1
2023-12-13 22:30:00,286.80859375,3857462.666666666,2710836.0,3857462.666666666,17.892716008888478,19.93755550664597,1
2023-12-13 22:32:00,284.1796875,6488519.466666668,4557877.6,6488519.466666668,14.766907573325119,27.54524790332653,1
2023-12-13 22:34:00,291.16796875,7155996.8,4926384.0,7155996.8,19.439352160002773,13.714144626671136,1
2023-12-13 22:36:00,290.6015625,5638200.266666668,4100282.666666666,5638200.266666668,15.330218486665725,21.005637739993595,1
2023-12-13 22:38:00,286.98046875,6594188.8,4428656.0,6594188.8,10.27928613554751,23.34209525666665,1
2023-12-13 22:40:00,291.34375,6796600.0,5086920.533333333,6796600.0,12.496748026670602,25.2931816533237,1
2023-12-13 22:42:00,286.26171875,8114308.266666668,5326541.066666666,8114308.266666668,15.79181676444326,23.83097419668047,1
2023-12-13 22:44:00,298.984375,6828360.533333332,4575195.466666667,6828360.533333332,15.390857577779874,15.221351400008038,1
2023-12-13 22:46:00,299.35546875,6572270.133333334,4926826.666666667,6572270.133333334,10.35850060667144,21.889692376668485,1
2023-12-13 22:48:00,289.3984375,5736553.333333332,4104594.666666666,5736553.333333332,18.253868422212285,27.0014960700064,1
2023-12-13 22:50:00,290.34375,6474593.866666666,4019633.6,6474593.866666666,15.557340799989307,14.168153013330688,1
2023-12-13 22:52:00,297.45703125,6304393.6,4270185.333333333,6304393.6,8.821434682209253,35.928042876645726,1
2023-12-13 22:54:00,296.39453125,3647086.4,2489584.266666666,3647086.4,17.241129944450222,23.578922429999995,1
2023-12-13 22:56:00,306.1953125,6262123.2,4327061.6,6262123.2,16.970694200006413,27.15397571999347,1
2023-12-13 22:58:00,287.4375,5443541.6,3695612.8,5443541.6,13.500939171111288,24.65525442668877,1
2023-12-13 23:00:00,290.40234375,7571857.066666666,5268838.133333334,7571857.066666666,18.186301193329406,23.140030456658373,1
2023-12-13 23:02:00,288.82421875,6299535.820248691,4036359.6359635964,6299535.820248691,25.019114131409246,23.815111594508227,1
2023-12-13 23:04:00,294.83984375,6509200.0,4777034.4,6509200.0,14.611264257772644,22.11474214333672,1
2023-12-13 23:06:00,290.37890625,5870543.733333332,4266888.266666667,5870543.733333332,16.474519260001312,25.867708163350468,1
2023-12-13 23:08:00,293.2734375,6596396.266666668,4557881.6,6596396.266666668,13.244514471104289,29.781193303327502,1
2023-12-13 23:10:00,285.4375,4436743.733333333,3287808.8,4436743.733333333,8.611773097767987,16.549448513324023,1
2023-12-13 23:12:00,290.65625,7728508.8,4842745.333333333,7728508.8,14.012576635545381,30.148291419997506,1
2023-12-13 23:14:00,300.8671875,6862299.48341943,4863618.730211631,6862299.48341943,18.05500386380303,20.918040653224963,1
2023-12-13 23:16:00,285.78515625,5637833.377765927,3753869.1015729136,5637833.377765927,15.868401919492069,37.369953509063,1
2023-12-13 23:18:00,289.53125,7379743.2,4852103.733333333,7379743.2,18.28015219109754,26.9595822099897,1
2023-12-13 23:20:00,296.66796875,7961058.666666668,5417413.333333333,7961058.666666668,20.88676234223789,22.317656196658696,1
2023-12-13 23:22:00,284.046875,6604369.6,4513296.266666667,6604369.6,16.049891462235895,13.360527109980467,1
2023-12-13 23:24:00,297.671875,7188946.933333334,4758673.6,7188946.933333334,13.497363006673467,12.682942636674852,1
2023-12-13 23:26:00,295.23046875,8141339.466666668,5242990.666666667,8141339.466666668,16.73225847999371,14.62319742667508,1
2023-12-13 23:28:00,297.05859375,7737333.066666666,5117615.733333333,7737333.066666666,9.58138038887733,20.21075711333348,1
2023-12-13 23:30:00,293.50390625,3078364.0,2298033.066666667,3078364.0,15.012582308894103,17.898053106667554,1
2023-12-13 23:32:00,290.43359375,6729414.305712952,4415445.370308646,6729414.305712952,16.529043717097842,22.329728054801837,1
2023-12-13 23:34:00,283.75390625,7955711.09555711,5484871.2462087115,7955711.09555711,8.671833132245437,26.403963370326434,1
2023-12-13 23:36:00,289.10546875,3729682.231776822,2612191.580841916,3729682.231776822,16.778179357618285,35.24494712528534,1
2023-12-13 23:38:00,287.0625,5751197.4135919735,3702603.0730260313,5751197.4135919735,12.751706244933985,25.74136017731722,1
2023-12-13 23:40:00,291.0546875,7063565.066666666,4829186.666666667,7063565.066666666,16.711957242223434,22.266375263328275,1
2023-12-13 23:42:00,303.47265625,8355989.333333332,5960363.733333332,8355989.333333332,18.81687395999001,12.547555970013489,1
2023-12-13 23:44:00,286.1796875,7174978.666666668,4887380.266666667,7174978.666666668,18.538647622222523,23.298761336676154,1
2023-12-13 23:46:00,290.2109375,6208322.133333334,4384012.533333333,6208322.133333334,14.373031266667464,24.895560813335276,1
2023-12-13 23:48:00,296.34375,5844469.066666666,3837974.1333333324,5844469.066666666,15.279651117776265,22.749126600004573,1
2023-12-13 23:50:00,289.0234375,7327990.666666668,4796686.4,7327990.666666668,15.149005900004545,26.67237014667384,1
2023-12-13 23:52:00,285.1015625,5819113.066666666,3733285.866666666,5819113.066666666,15.740936197770578,13.19391007666127,1
2023-12-13 23:54:00,297.49609375,7437182.933333334,5023496.0,7437182.933333334,16.397310984434117,29.27856745334187,1
2023-12-13 23:56:00,295.62109375,5750843.466666668,4026519.466666667,5750843.466666668,11.223153006673481,22.9934926200076,1
2023-12-13 23:58:00,286.3828125,5970464.0,4031439.7333333325,5970464.0,14.81567241112417,24.65805992668417,1
2023-12-14 00:00:00,286.1875,6433225.333333332,4646298.933333334,6433225.333333332,15.682977348882964,30.89486348331168,1
2023-12-14 00:02:00,290.35546875,6597763.733333332,4392469.066666666,6597763.733333332,18.80681046221677,26.480241213333407,1
2023-12-14 00:04:00,290.30078125,3953837.6,2745188.266666666,3953837.6,16.412873319996933,24.64986265331391,1
2023-12-14 00:06:00,287.85546875,6650276.533333332,4648409.333333333,6650276.533333332,18.07907896889245,26.03196005999052,1
2023-12-14 00:08:00,284.37890625,7415821.842912387,5326917.9890652085,7415821.842912387,17.183812288303127,25.244975110020754,1
2023-12-14 00:10:00,284.921875,7362558.666666668,5125058.133333334,7362558.666666668,9.577199640011207,11.01564083333263,1
2023-12-14 00:12:00,287.0546875,3647910.666666666,2254264.266666666,3647910.666666666,13.66217484222337,24.746620363342423,1
2023-12-14 00:14:00,291.328125,4186971.466666667,2765839.2,4186971.466666667,8.465040297774571,13.514427370003734,1
2023-12-14 00:16:00,295.18359375,3902617.066666667,2618821.8666666667,3902617.066666667,8.527915586665687,17.763490356664988,1
2023-12-14 00:18:00,291.85546875,7435074.666666668,4991113.066666666,7435074.666666668,15.805189664452984,24.29414148001039,1
2023-12-14 00:20:00,288.28515625,5616604.981494447,4177221.699843286,5616604.981494447,17.211939001706334,27.59959230768125,1
2023-12-14 00:22:00,300.83203125,5860659.2,4057748.8,5860659.2,8.468134044443206,12.879406786669279,1
2023-12-14 00:24:00,286.62890625,7510734.133333334,5069444.8,7510734.133333334,15.180440886664048,18.85813849667708,1
2023-12-14 00:26:00,297.546875,6814189.066666666,4787130.933333334,6814189.066666666,16.975768746665885,19.691339719987198,1
2023-12-14 00:28:00,290.734375,6459998.4,4425399.466666667,6459998.4,18.36343214223032,20.21629680665986,1
2023-12-14 00:30:00,296.58203125,5525748.4758636765,3713946.09721158,5525748.4758636765,15.465440852398384,21.991009334706458,1
2023-12-14 00:32:00,285.28515625,3784683.2,2438021.333333333,3784683.2,8.268429286658325,28.50400638332455,1
2023-12-14 00:34:00,288.05859375,6446557.333333332,4378775.2,6446557.333333332,18.675725806662946,23.105968370000486,1
2023-12-14 00:36:00,302.328125,7963212.533333332,5584206.933333334,7963212.533333332,13.293408493336756,15.48875978999907,1
2023-12-14 00:38:00,288.67578125,6414794.666666668,4384223.733333333,6414794.666666668,13.014725897778087,31.18844728000113,1
2023-12-14 00:40:00,305.38671875,5065910.133333334,3423723.2,5065910.133333334,15.527707306674627,30.493429223327745,1
2023-12-14 00:42:00,288.7265625,8608184.8,6009744.0,8608184.8,17.57830410445523,26.878486993324863,1
2023-12-14 00:44:00,293.2109375,5143453.6,3679068.0,5143453.6,19.067794333322027,24.43070942666964,1
2023-12-14 00:46:00,293.79296875,6485327.2,4364746.933333334,6485327.2,14.706847577779426,24.11607092333725,1
2023-12-14 00:48:00,289.4609375,5329170.666666667,3678242.666666666,5329170.666666667,14.047935037783141,28.793141439988784,1
2023-12-14 00:50:00,296.6875,5853049.6,4049521.866666666,5853049.6,17.625687717777005,27.26638455334372,1
2023-12-14 00:52:00,295.05859375,6907089.333333332,4408817.866666666,6907089.333333332,15.005876760001733,23.497844160010573,1
2023-12-14 00:54:00,296.171875,4060350.666666666,2765848.533333333,4060350.666666666,13.430969942209128,25.011945783335253,1
2023-12-14 00:56:00,295.59765625,9412620.533333333,6560636.0,9412620.533333333,8.33007131556062,27.242164326671624,1
2023-12-14 00:58:00,304.05078125,7830141.866666666,5206109.333333333,7830141.866666666,18.208642284444068,31.49173284999657,1
2023-12-14 01:00:00,294.27734375,6269322.133333334,4299413.066666666,6269322.133333334,14.51108327332703,22.598701576668343,1
2023-12-14 01:02:00,289.8125,5553090.933333334,3878718.4,5553090.933333334,15.43731657555327,29.007483880001626,1
2023-12-14 01:04:00,290.65234375,6784743.733333332,4737310.133333334,6784743.733333332,17.27049793778052,24.36098843000461,1
2023-12-14 01:06:00,286.54296875,8880282.4,6106625.333333332,8880282.4,13.854983837777073,19.331592933328164,1
2023-12-14 01:08:00,285.828125,9851892.266666668,6275828.266666668,9851892.266666668,19.73347178888313,19.16154281665513,1
2023-12-14 01:10:00,286.29296875,6632389.6,4312297.866666666,6632389.6,16.220253988899962,20.9940976833362,1
2023-12-14 01:12:00,292.41796875,5861784.0,4012929.6,5861784.0,15.032580739999606,22.59838534664595,1
2023-12-14 01:14:00,285.2734375,9814333.866666667,6191709.333333332,9814333.866666667,9.586886088881231,12.116904370001675,1
2023-12-14 01:16:00,290.30859375,8227837.333333332,5260474.4,8227837.333333332,12.473179393337984,18.884941233336576,1
2023-12-14 01:18:00,287.33203125,5430949.6,3862915.466666667,5430949.6,15.749732857770546,20.680068993339468,1
2023-12-14 01:20:00,284.51171875,4767618.4,3572880.266666666,4767618.4,12.394650157770634,28.92126621331651,1
2023-12-14 01:22:00,293.5625,5205701.333333333,3700431.7333333325,5205701.333333333,7.435946586661482,30.00249216000763,1
2023-12-14 01:24:00,291.234375,7811026.003467129,5508255.767435658,7811026.003467129,13.846261488188144,24.954123049738477,1
2023-12-14 01:26:00,284.6328125,6186902.4,4340052.266666667,6186902.4,12.688734702225904,22.54371268999724,1
2023-12-14 01:28:00,295.953125,7431648.231489817,5068518.0518051805,7431648.231489817,15.115383236090135,14.015497359740289,1
2023-12-14 01:30:00,287.2578125,8776311.466666667,6022083.466666668,8776311.466666667,14.820467040004187,19.522053976664512,1
2023-12-14 01:32:00,282.71875,6190092.278970528,4116074.143219096,6190092.278970528,15.25226296172368,28.99709330244244,1
2023-12-14 01:34:00,297.00390625,3448017.8666666667,2438448.0,3448017.8666666667,17.699950537773677,14.698855803338425,1
2023-12-14 01:36:00,297.87890625,7042353.333333332,5312624.8,7042353.333333332,13.220218984448971,16.917940773346345,1
2023-12-14 01:38:00,315.5390625,8541246.133333333,4906528.533333333,8541246.133333333,19.86670747111525,33.56389605665754,1
2023-12-14 01:40:00,320.76953125,7451492.0,4158235.2,7451492.0,21.01633278665961,21.66661280001184,1
2023-12-14 01:42:00,320.25390625,4866500.899940004,2772667.688820745,4866500.899940004,19.42046516899487,20.519241970545426,1
2023-12-14 01:44:00,322.0703125,4047737.066666667,2319116.266666666,4047737.066666667,19.597383286664904,21.93003334332995,1
2023-12-14 01:46:00,324.76953125,8790416.047449268,4933752.0242577735,8790416.047449268,20.062165394909123,27.645283512713252,1
2023-12-14 01:48:00,317.765625,10352799.2,5817892.8,10352799.2,10.849714300000212,29.481906170015765,1
2023-12-14 01:50:00,333.515625,4782520.8,2556197.333333333,4782520.8,19.555799037771067,17.975949576672672,1
2023-12-14 01:52:00,317.73046875,8880842.849048428,4998816.118388161,8880842.849048428,11.288580539722002,24.079974475880643,1
2023-12-14 01:54:00,325.8515625,5536437.066666666,2967616.533333333,5536437.066666666,17.121326986671193,24.32808266998715,1
2023-12-14 01:56:00,317.046875,8641045.866666667,5046706.4,8641045.866666667,18.0226513711063,21.796685593338527,1
2023-12-14 01:58:00,316.19921875,10399288.266666668,5449175.733333333,10399288.266666668,17.73446007111084,26.486444053322586,1
2023-12-14 02:00:00,329.703125,8791132.8,5180566.666666667,8791132.8,14.334360299997368,30.31861457333435,1
2023-12-14 02:02:00,321.61328125,7897036.266666668,4133650.933333333,7897036.266666668,20.83110802666245,23.26453275668125,1
2023-12-14 02:04:00,323.56640625,8432647.466666667,4622288.266666667,8432647.466666667,16.287333431116874,24.10769794332737,1
2023-12-14 02:06:00,325.73046875,8058824.266249126,4806137.322184096,8058824.266249126,20.889546294877324,27.30842855382947,1
2023-12-14 02:08:00,318.21875,7693370.133333334,4352209.066666666,7693370.133333334,16.863003413325515,31.925493803331236,1
2023-12-14 02:10:00,316.625,7915193.866666666,4707549.866666666,7915193.866666666,13.816653426668685,37.270797586679684,1
2023-12-14 02:12:00,318.7421875,8578509.066666666,4847160.8,8578509.066666666,19.523026404446377,25.121422209995213,1
2023-12-14 02:14:00,317.1875,8127867.9647906115,4973300.613496932,8127867.9647906115,11.272123415134168,33.24053009136427,1
2023-12-14 02:16:00,320.2265625,11548443.2,6369603.2,11548443.2,19.95629252888547,23.941284673322414,1
2023-12-14 02:18:00,322.828125,10717938.4,5861783.733333332,10717938.4,14.944280466669525,20.576934846661363,1
2023-12-14 02:20:00,314.15625,8166642.616610543,4895289.96765912,8166642.616610543,18.99164561730912,20.27722207848092,1
2023-12-14 02:22:00,322.2578125,9913613.066666666,5066196.0,9913613.066666666,9.167033737774343,25.149464193333788,1
2023-12-14 02:24:00,329.79296875,8227648.701796488,4539519.9146751985,8227648.701796488,16.35498969658741,23.627262873694338,1
2023-12-14 02:26:00,321.78125,7912400.573390673,4569025.969263593,7912400.573390673,19.082988241037167,26.708928026139816,1
2023-12-14 02:28:00,321.36328125,8061361.6,4596909.333333333,8061361.6,15.430611211114512,33.459629786666476,1
2023-12-14 02:30:00,319.76953125,8957420.533333333,4535681.6,8957420.533333333,25.086142844439674,31.24176302999937,1
2023-12-14 02:32:00,321.26953125,5161521.866666666,2852303.466666667,5161521.866666666,8.810670166664448,23.336874936649107,1
2023-12-14 02:34:00,315.046875,6646337.866666666,3860940.266666666,6646337.866666666,8.222994275549556,25.349467200018506,1
2023-12-14 02:36:00,321.953125,7114109.641083747,3966733.628819942,7114109.641083747,20.15532251142737,33.97959751391027,1
2023-12-14 02:38:00,329.296875,7381611.868644774,4419825.970995166,7381611.868644774,17.045994052326456,22.92417188530711,1
2023-12-14 02:40:00,322.7421875,8321292.8,4697821.333333333,8321292.8,8.117000266663831,24.485800926680287,1
2023-12-14 02:42:00,316.8359375,9095654.4,4972830.4,9095654.4,17.356398599998403,29.479537246661486,1
2023-12-14 02:44:00,319.9921875,7071371.733333332,4245307.466666667,7071371.733333332,18.591228022220694,27.15573130333117,1
2023-12-14 02:46:00,331.7578125,5576075.466666667,3659209.6,5576075.466666667,16.374956946674498,22.65926022667069,1
2023-12-14 02:48:00,320.8515625,9390219.2,5151304.266666667,9390219.2,18.885734279998967,28.797021656670648,1
2023-12-14 02:50:00,325.40234375,9527804.8,5194764.266666667,9527804.8,8.583512964445013,34.40680380665677,1
2023-12-14 02:52:00,322.16796875,9154098.4,4836142.133333334,9154098.4,17.730668942224128,14.122154219997661,1
2023-12-14 02:54:00,323.6796875,9584206.933333334,5347792.8,9584206.933333334,15.138963508895054,24.5712340833173,1
2023-12-14 02:56:00,314.06640625,9327816.0,5170404.266666667,9327816.0,16.827408480005232,18.299178996676346,1
2023-12-14 02:58:00,331.26171875,6969404.0,3514505.8666666667,6969404.0,20.34950019111016,26.997651063332643,1
2023-12-14 03:00:00,318.51171875,6874049.6,4045906.666666666,6874049.6,16.05356075778319,29.56657752666312,1
2023-12-14 03:02:00,320.04296875,8497258.540812586,4740131.586841316,8497258.540812586,15.838246379808743,22.82411080891555,1
2023-12-14 03:04:00,319.96875,4730434.933333334,2667906.4,4730434.933333334,16.235910542228442,23.823142996649647,1
2023-12-14 03:06:00,318.6875,6176297.333333332,3407369.066666667,6176297.333333332,10.637695666664513,28.704517583343353,1
2023-12-14 03:08:00,319.796875,11388837.333333336,6494692.533333332,11388837.333333336,14.832743384435569,26.253791166673174,1
2023-12-14 03:10:00,323.3203125,9508395.733333332,4855744.533333333,9508395.733333332,19.346875819998484,24.758428046673853,1
2023-12-14 03:12:00,318.484375,10770145.333333334,5622150.4,10770145.333333334,12.217492771111814,24.012047756671862,1
2023-12-14 03:14:00,317.203125,10463422.933333334,5782985.866666666,10463422.933333334,12.490902760004651,26.781533176666322,1
2023-12-14 03:16:00,313.9765625,8116786.4,4352954.4,8116786.4,20.56389110222679,14.117397990000123,1
2023-12-14 03:18:00,314.56640625,7634194.666666668,4235172.533333333,7634194.666666668,12.143646273341599,9.876816343312383,1
2023-12-14 03:20:00,318.7109375,9520801.866666667,5504564.0,9520801.866666667,18.754803044446614,21.876498973336616,1
2023-12-14 03:22:00,327.0625,7249456.0,4066890.666666666,7249456.0,15.06630945999253,23.958509250005587,1
2023-12-14 03:24:00,323.22265625,9705609.333333334,5219290.4,9705609.333333334,17.1400578377749,25.679628796666893,1
2023-12-14 03:26:00,322.03515625,8356162.666666668,4736065.066666666,8356162.666666668,18.333664717776827,10.837184236661415,1
2023-12-14 03:28:00,326.9296875,7308247.808844603,4260183.290565535,7308247.808844603,13.791879896911404,27.095356336859737,1
2023-12-14 03:30:00,323.5,6210418.933333334,3968549.333333334,6210418.933333334,20.255007968888897,24.26205699999021,1
2023-12-14 03:32:00,323.59375,5382270.933333334,3058467.733333333,5382270.933333334,16.129195364434658,23.538174956678024,1
2023-12-14 03:34:00,320.88671875,9473995.733333332,5376744.0,9473995.733333332,14.824645940000966,34.04713484332509,1
2023-12-14 03:36:00,333.109375,8551158.133333333,4434193.6,8551158.133333333,14.0065968533357,24.140441926671578,1
2023-12-14 03:38:00,322.171875,9121114.133333333,4840832.8,9121114.133333333,18.54111717111664,32.14535523664381,1
2023-12-14 03:40:00,322.23828125,9227732.533333333,5403240.8,9227732.533333333,18.103760720001038,28.58939922332259,1
2023-12-14 03:42:00,333.015625,8733497.066666666,4926792.266666667,8733497.066666666,13.941338133348232,14.718157536675186,1
2023-12-14 03:44:00,320.5078125,11218383.733333332,6236198.133333334,11218383.733333332,20.604640364439952,27.303674323338786,1
2023-12-14 03:46:00,320.3984375,3293532.8,1954474.133333333,3293532.8,11.239610886663689,31.99832162999277,1
2023-12-14 03:48:00,314.1171875,9205354.324405458,5180980.487642173,9205354.324405458,19.710433952605,25.952018435013613,1
2023-12-14 03:50:00,325.15625,4934098.133333334,2729107.466666667,4934098.133333334,16.087963917784187,21.030686163333787,1
2023-12-14 03:52:00,330.10546875,6715395.733333332,3841676.0,6715395.733333332,17.32780851777837,26.21171446335211,1
2023-12-14 03:54:00,325.515625,9488680.266666668,5288982.933333334,9488680.266666668,20.778528588885415,27.806295359987416,1
2023-12-14 03:56:00,318.73828125,9739701.333333334,5350199.466666667,9739701.333333334,17.087175393325094,24.701784646652712,1
2023-12-14 03:58:00,324.94921875,9308808.266666668,5168110.666666667,9308808.266666668,16.496713742235446,28.152271413321923,1
2023-12-14 04:00:00,314.5703125,4289818.666666667,2261828.0,4289818.666666667,19.27672634222997,24.97766063999734,1
2023-12-14 04:02:00,322.3515625,6559181.066666666,3637526.1333333324,6559181.066666666,18.9691496644486,23.013381989997768,1
2023-12-14 04:04:00,321.63671875,8650545.333333334,4660754.4,8650545.333333334,15.951636042235705,24.301479263352427,1
2023-12-14 04:06:00,320.12890625,9420045.333333334,5259702.4,9420045.333333334,8.158975944453333,25.50876279332443,1
2023-12-14 04:08:00,322.02734375,5644649.6,2805020.0,5644649.6,17.027925575562726,24.537245689983443,1
2023-12-14 04:10:00,316.1953125,6195349.066666666,3344605.333333333,6195349.066666666,17.83760457999759,32.59914967333316,1
2023-12-14 04:12:00,322.140625,8829346.133333333,4947898.666666667,8829346.133333333,19.21533484443595,29.10162003000247,1
2023-12-14 04:14:00,330.0390625,8282340.533333332,4498698.133333334,8282340.533333332,17.327506537775562,27.92708730667073,1
2023-12-14 04:16:00,316.6640625,9248872.8,5366025.6,9248872.8,18.48561836000752,42.23734878001172,1
2023-12-14 04:18:00,322.60546875,8255748.958992639,4751001.9654219,8255748.958992639,18.686101171479066,25.9386368300068,1
2023-12-14 04:20:00,322.98046875,9777467.03113541,5488657.910527368,9777467.03113541,23.170881467651444,27.31794373624537,1
2023-12-14 04:22:00,322.04296875,5710915.466666668,3135025.6,5710915.466666668,13.256431268883818,23.47473304333107,1
2023-12-14 04:24:00,327.93359375,9702546.666666666,5098898.133333334,9702546.666666666,18.068888535554933,22.247332923313174,1
2023-12-14 04:26:00,320.8203125,5350169.6,2847454.4,5350169.6,15.998986057772225,13.725693276646778,1
2023-12-14 04:28:00,323.6484375,8107698.933333334,4686457.6,8107698.933333334,17.544778537768355,27.37644543999825,1
2023-12-14 04:30:00,320.10546875,4881959.733333333,2891995.733333333,4881959.733333333,15.475885217779755,22.18217683000451,1
2023-12-14 04:32:00,313.14453125,9216973.664910994,4911922.6615107665,9216973.664910994,18.270574764986442,27.11522387825389,1
2023-12-14 04:34:00,325.32421875,9262301.066666666,5039721.333333333,9262301.066666666,20.418325988883023,24.157834849999443,1
2023-12-14 04:36:00,316.2421875,10929545.066666666,5968915.466666668,10929545.066666666,13.250370875547462,22.44033711666513,1
2023-12-14 04:38:00,317.98046875,7170080.8,4366049.6,7170080.8,16.337924917768554,26.281632613342172,1
2023-12-14 04:40:00,319.14453125,9102393.066666666,5208163.2,9102393.066666666,18.75517622666343,30.6630048333318,1
2023-12-14 04:42:00,317.6875,8808283.733333332,4756127.466666667,8808283.733333332,16.838555782224933,25.610751753338267,1
2023-12-14 04:44:00,320.03515625,8518846.4,5181417.066666666,8518846.4,20.203875333326227,31.10435408668612,1
2023-12-14 04:46:00,338.41015625,6468131.71577123,3905222.7702972936,6468131.71577123,23.67787026396688,21.355081959078703,1
2023-12-14 04:48:00,324.703125,9124888.533333333,5301921.866666666,9124888.533333333,17.080923042214838,22.19951579999664,1
2023-12-14 04:50:00,322.38671875,5094189.066666666,2537358.4,5094189.066666666,21.52384983999784,32.794711940005065,1
2023-12-14 04:52:00,327.07421875,10578872.533333333,5619998.933333334,10578872.533333333,17.29314420889649,30.38249964001201,1
2023-12-14 04:54:00,316.93359375,7650135.359392183,4524723.382985104,7650135.359392183,24.397750814762677,36.488499170261996,1
2023-12-14 04:56:00,328.9921875,8783199.41329422,4784630.175345023,8783199.41329422,17.907626172851227,21.09314216280681,1
2023-12-14 04:58:00,325.6328125,8366492.533333332,4779889.866666666,8366492.533333332,10.669702808890081,25.32478746332345,1
2023-12-14 05:00:00,326.98046875,8144198.933333334,4544769.333333333,8144198.933333334,19.816844093341693,20.78007539331641,1
2023-12-14 05:02:00,324.76953125,8178086.933333334,4366370.4,8178086.933333334,16.943020035558018,33.05413918334428,1
2023-12-14 05:04:00,321.26171875,8063790.434927513,4549044.759206799,8063790.434927513,21.330676176200637,13.297445999000105,1
2023-12-14 05:06:00,324.98828125,8328210.933333334,4947242.4,8328210.933333334,14.218657464435736,25.62381254666737,1
2023-12-14 05:08:00,322.16796875,6368934.933333334,3742358.1333333324,6368934.933333334,13.602073877765278,28.771590926674737,1
2023-12-14 05:10:00,319.90234375,9148754.666666666,5181542.4,9148754.666666666,19.975565040011944,31.8488776700057,1
2023-12-14 05:12:00,327.40234375,8827383.815491268,4902625.783228903,8827383.815491268,15.66143332667905,20.894124350079426,1
2023-12-14 05:14:00,325.48828125,7962044.266666668,4438951.466666667,7962044.266666668,15.566866384437569,26.44479391000156,1
2023-12-14 05:16:00,318.94921875,5426109.866666666,3023419.2,5426109.866666666,17.28371727332059,22.79731088000214,1
2023-12-14 05:18:00,315.87109375,9187757.6,5266603.2,9187757.6,13.755039282211024,26.854180743345445,1
2023-12-14 05:20:00,318.22265625,9717434.837677488,4992639.424038397,9717434.837677488,19.175499722244762,39.189586757570225,1
2023-12-14 05:22:00,323.6484375,11161182.666666666,5970615.466666668,11161182.666666666,15.754912766666775,21.869440320006102,1
2023-12-14 05:24:00,318.83984375,11152658.933333334,6395410.4,11152658.933333334,18.055883791126284,21.687706573332733,1
2023-12-14 05:26:00,324.0234375,8217326.98137722,4474905.553519672,8217326.98137722,16.855465533969586,30.76280499049272,1
2023-12-14 05:28:00,319.984375,7349248.0,4240553.333333333,7349248.0,16.141870248894623,36.32201723664669,1
2023-12-14 05:30:00,330.0234375,8559396.61378483,4660376.216504466,8559396.61378483,14.143830895886559,22.207807945613407,1
2023-12-14 05:32:00,320.6875,8915483.733333332,4759635.733333333,8915483.733333332,18.391907480011767,27.546595873330563,1
2023-12-14 05:34:00,315.80859375,6152025.5965871215,3543318.2242367687,6152025.5965871215,21.979603975033328,37.55666659111528,1
2023-12-14 05:36:00,321.01171875,8335861.85285195,4641528.152815281,8335861.85285195,16.54164339545183,26.46367829449433,1
2023-12-14 05:38:00,321.73828125,9728409.545393948,5186438.608185575,9728409.545393948,9.375656750213047,39.416305462609046,1
2023-12-14 05:40:00,322.85546875,10624575.733333332,5753983.733333332,10624575.733333332,18.328747920006407,24.627346406681074,1
2023-12-14 05:42:00,329.078125,9827038.4,5304761.333333333,9827038.4,12.071492706664786,26.99039363998357,1
2023-12-14 05:44:00,315.79296875,7668418.722496333,4338831.8442459,7668418.722496333,18.13105393384921,33.67190296374101,1
2023-12-14 05:46:00,318.9375,4431086.4,2796680.8,4431086.4,19.69693920222603,27.90643295666086,1
2023-12-14 05:48:00,323.5078125,11389057.866666667,5825462.133333334,11389057.866666667,22.42526728889465,26.322415419999746,1
2023-12-14 05:50:00,325.3125,3875785.6,1937339.2,3875785.6,26.65336236223488,27.70305570666096,1
2023-12-14 05:52:00,327.39453125,9154221.866666667,4895045.866666666,9154221.866666667,24.55120079777165,22.164532839985142,1
2023-12-14 05:54:00,325.1328125,9098884.266666668,5170278.933333334,9098884.266666668,15.965699975559902,25.609171380007567,1
2023-12-14 05:56:00,340.34375,8240968.0,4704591.466666667,8240968.0,12.833935975569249,28.234352376651557,1
2023-12-14 05:58:00,325.93359375,6338442.666666668,3648753.066666667,6338442.666666668,14.284003542238176,21.08100091665013,1
2023-12-14 06:00:00,322.484375,7406219.02190219,4313190.252358569,7406219.02190219,21.016144003300358,23.828270987089137,1
2023-12-14 06:02:00,321.13671875,10581639.466666667,5857604.533333332,10581639.466666667,25.640184786655784,25.25233988000158,1
2023-12-14 06:04:00,322.64453125,7485137.333333332,4194650.933333334,7485137.333333332,24.198285359986286,23.088539056649704,1
2023-12-14 06:06:00,325.56640625,3600116.533333333,2176796.0,3600116.533333333,17.61890552887861,20.446628136657328,1
2023-12-14 06:08:00,324.14453125,6397467.733333332,3327017.6,6397467.733333332,22.17047717554831,26.40653001665972,1
2023-12-14 06:10:00,319.828125,4049032.533333333,2469251.466666667,4049032.533333333,17.79448992666504,37.035864776650364,1
2023-12-14 06:12:00,325.859375,4539324.0,2246757.333333333,4539324.0,18.008456611116546,24.266970886674248,1
2023-12-14 06:14:00,323.6640625,6231177.333333332,3486170.666666666,6231177.333333332,10.710274819996103,13.895316803318565,1
2023-12-14 06:16:00,319.1875,7195169.32822137,4088035.205867645,7195169.32822137,19.234166101013923,23.85788494415317,1
2023-12-14 06:18:00,319.09375,9260209.333333334,5093107.2,9260209.333333334,16.2133812555597,20.96853635999044,1
2023-12-14 06:20:00,320.2109375,8271013.066666666,5025486.666666667,8271013.066666666,8.779297280012138,30.10605939998641,1
2023-12-14 06:22:00,325.94921875,8441588.0,4645534.933333334,8441588.0,14.562528680010777,20.862029039999467,1
2023-12-14 06:24:00,320.0078125,7058176.266666668,3810605.866666666,7058176.266666668,20.59605644221948,29.200326606660386,1
2023-12-14 06:26:00,329.87890625,11388052.266666668,6382251.466666668,11388052.266666668,13.659841928893002,21.84889443999661,1
2023-12-14 06:28:00,320.78125,10579128.242747584,5672276.625541847,10579128.242747584,17.733386704470657,19.7316696565585,1
2023-12-14 06:30:00,330.1171875,5105654.4,2869613.8666666667,5105654.4,14.845961246658893,26.74088308000743,1
2023-12-14 06:32:00,319.77734375,8969327.2,5159587.2,8969327.2,19.597311286666404,11.849546673329316,1
2023-12-14 06:34:00,327.53515625,7036953.066666666,3659466.4,7036953.066666666,16.578534984453448,27.140459949999546,1
2023-12-14 06:36:00,322.0859375,10693886.933333334,5705600.0,10693886.933333334,12.389630715543818,25.511041136657397,1
2023-12-14 06:38:00,323.8984375,11124617.866666667,6473845.333333332,11124617.866666667,11.027898993343117,26.62374143333485,1
2023-12-14 06:40:00,320.61328125,9895184.266666668,5482288.266666667,9895184.266666668,19.257359222230864,28.792707639998603,1
2023-12-14 06:42:00,317.0078125,8300435.2,4738055.733333333,8300435.2,16.507344517772758,30.23699965667523,1
2023-12-14 06:44:00,323.4765625,5866549.163389107,2872370.908606093,5866549.163389107,16.396068146578205,16.34639574693841,1
2023-12-14 06:46:00,317.1328125,8127289.866666666,4404532.0,8127289.866666666,18.559478548898674,25.489963496681103,1
2023-12-14 06:48:00,323.94140625,10308830.133333333,5656418.133333334,10308830.133333333,12.036756231116467,30.79327694998938,1
2023-12-14 06:50:00,317.3125,8187503.2,5053749.066666666,8187503.2,19.429500137775904,24.536354369993205,1
2023-12-14 06:52:00,321.37109375,8181210.133333334,4530536.0,8181210.133333334,15.869212533337604,24.791969989989106,1
2023-12-14 06:54:00,323.2109375,8612202.666666666,5116037.066666666,8612202.666666666,15.426081022225034,32.44929699001659,1
2023-12-14 06:56:00,327.171875,8796346.933333334,5038689.866666666,8796346.933333334,21.473247382220713,25.086297693342203,1
2023-12-14 06:58:00,327.6328125,9092254.342969555,5063894.9018038735,9092254.342969555,17.794694059337573,29.048087509588882,1
2023-12-14 07:00:00,327.8359375,6963710.133333334,4061408.0,6963710.133333334,17.524427893335492,16.373070740010007,1
2023-12-14 07:02:00,329.96875,3853427.0954840863,2215150.541576404,3853427.0954840863,20.598825475750576,27.711024652565193,1
2023-12-14 07:04:00,321.35546875,11194283.2,6720540.266666668,11194283.2,10.434675844444428,26.88419218999722,1
2023-12-14 07:06:00,321.09375,7459478.133333334,4204432.8,7459478.133333334,19.91905368222635,29.962558356661855,1
2023-12-14 07:08:00,316.8515625,6998998.4,4004845.333333334,6998998.4,21.99397096222836,25.980632646678714,1
2023-12-14 07:10:00,325.2578125,10968561.637442498,6132682.978865257,10968561.637442498,15.576955759266195,35.401359137274426,1
2023-12-14 07:12:00,320.69140625,7171341.866666666,4147398.933333333,7171341.866666666,16.72578749777232,32.098123120013035,1
2023-12-14 07:14:00,321.1484375,8119867.2,4481719.466666667,8119867.2,7.434063457783647,13.927430693317245,1
2023-12-14 07:16:00,319.11328125,4574172.266666667,2771625.6,4574172.266666667,8.751323979991461,21.95808028334189,1
2023-12-14 07:18:00,328.3125,9154074.933333334,5052209.6,9154074.933333334,19.459696242217127,24.787631906656323,1
2023-12-14 07:20:00,319.1484375,6381476.533333332,3718488.266666666,6381476.533333332,16.912113248884758,25.040919516662445,1
2023-12-14 07:22:00,321.74609375,12323938.133333333,6615704.0,12323938.133333333,11.808551415564985,27.223511523334306,1
2023-12-14 07:24:00,329.96875,10897476.533333333,6219668.8,10897476.533333333,15.175818288892815,21.861429356673998,1
2023-12-14 07:26:00,322.5625,11185833.088921478,6031971.203839487,11185833.088921478,10.38290019774074,32.537267870968186,1
2023-12-14 07:28:00,322.328125,10636976.0,5889138.666666668,10636976.0,16.789567951119448,28.438638450000628,1
2023-12-14 07:30:00,314.796875,8913085.066666666,4922516.533333333,8913085.066666666,20.756113148899104,28.15942219999367,1
2023-12-14 07:32:00,328.80859375,8942290.666666666,5116187.466666667,8942290.666666666,16.185242279995393,24.500322266661293,1
2023-12-14 07:34:00,316.86328125,6468951.733333332,3895258.666666666,6468951.733333332,19.358481637787516,26.820852819995103,1
2023-12-14 07:36:00,327.9296875,9462430.933333334,4918122.133333334,9462430.933333334,19.103910584445764,13.548455536680802,1
2023-12-14 07:38:00,322.94140625,4857119.466666667,3032921.333333333,4857119.466666667,19.83269032668128,22.650201593326834,1
2023-12-14 07:40:00,327.3046875,11468603.2,6506570.133333334,11468603.2,15.835189262223947,27.347520283340906,1
2023-12-14 07:42:00,318.8359375,9221982.933333334,5247108.533333333,9221982.933333334,17.732111371119064,37.219389283345656,1
2023-12-14 07:44:00,330.2890625,9661341.6,5341147.466666667,9661341.6,17.26030678221529,25.118416080003954,1
2023-12-14 07:46:00,326.8828125,8226525.066666666,4663589.066666666,8226525.066666666,19.67736594443624,25.99419439667448,1
2023-12-14 07:48:00,319.21875,7830461.333333332,4618555.2,7830461.333333332,17.051887446674908,25.715185206669656,1
2023-12-14 07:50:00,330.80078125,10178244.533333333,5650696.0,10178244.533333333,19.065859391121194,22.87713253334611,1
2023-12-14 07:52:00,321.6796875,4124599.3867484336,2281044.3940807893,4124599.3867484336,15.347145782785079,32.448180925878574,1
2023-12-14 07:54:00,338.546875,7374331.2,4194373.6,7374331.2,17.214343335557107,20.812664066664485,1
2023-12-14 07:56:00,336.0390625,6893516.672212978,3992273.1447587362,6893516.672212978,17.79078750526525,23.818707064880037,1
2023-12-14 07:58:00,322.1015625,8258306.933333334,4963988.8,8258306.933333334,20.939590320000807,22.70386911666719,1
2023-12-14 08:00:00,330.66796875,7305001.066666666,4296171.2,7305001.066666666,16.906783800012718,23.01785214333601,1
2023-12-14 08:02:00,330.390625,8687157.403394125,4654333.744540393,8687157.403394125,19.206003191855046,23.119333021034173,1
2023-12-14 08:04:00,330.12890625,7309067.928804746,4336325.57829478,7309067.928804746,18.938909448255856,30.39960694619869,1
2023-12-14 08:06:00,326.48828125,10530992.533333333,6204308.533333332,10530992.533333333,16.637774615551784,16.204696880013216,1
2023-12-14 08:08:00,330.60546875,5899506.133333334,3210706.4,5899506.133333334,18.38668450666268,25.93102038665772,1
2023-12-14 08:10:00,322.953125,5156233.066666666,2468679.466666667,5156233.066666666,23.899655215548897,29.572108376669348,1
2023-12-14 08:12:00,330.1640625,7759664.533333332,4009790.933333333,7759664.533333332,17.383749339997948,32.555506880016765,1
2023-12-14 08:14:00,320.6640625,10573374.133333333,5595666.133333334,10573374.133333333,18.466913351116496,20.785495236656672,1
2023-12-14 08:16:00,325.12890625,6486104.266666668,3652056.266666666,6486104.266666668,15.063557955549593,30.97238656666984,1
2023-12-14 08:18:00,331.07421875,7070650.133333334,3987464.0,7070650.133333334,16.326264086658036,26.139794963334374,1
2023-12-14 08:20:00,336.05078125,8620172.8,4699179.733333333,8620172.8,17.06400676444496,19.423032549990847,1
2023-12-14 08:22:00,290.2421875,7408728.8,4882080.266666667,7408728.8,9.994170202213962,23.18135480333391,1
2023-12-14 08:24:00,293.08203125,6147635.466666668,4330519.466666667,6147635.466666668,20.90492038665818,23.260805956670083,1
2023-12-14 08:26:00,292.78515625,5460443.733333333,3712004.8,5460443.733333333,14.290212953330613,27.03783122000459,1
2023-12-14 08:28:00,294.875,6013786.4,4221836.533333333,6013786.4,16.92848431556033,24.772157773331852,1
2023-12-14 08:30:00,290.421875,6439541.333333332,4349470.4,6439541.333333332,18.861834117787012,26.151550873328233,1
2023-12-14 08:32:00,294.46875,8015132.0,5644976.533333332,8015132.0,21.08986644001561,25.48414397332332,1
2023-12-14 08:34:00,293.875,8433727.466666667,6039062.4,8433727.466666667,14.54614748444227,19.475192763347877,1
2023-12-14 08:36:00,301.69921875,2536393.8666666667,1912571.4666666663,2536393.8666666667,15.232307671103625,23.100799450015373,1
2023-12-14 08:38:00,293.5390625,4122793.642331145,2745222.7516577253,4122793.642331145,21.681146244142884,28.194257265680147,1
2023-12-14 08:40:00,309.99609375,6856608.104505465,4802654.225539857,6856608.104505465,15.963154056702564,26.12037192080637,1
2023-12-14 08:42:00,293.328125,9710704.533333333,6066052.533333332,9710704.533333333,16.144326039987693,27.487846963340417,1
2023-12-14 08:44:00,300.8515625,5983916.294568477,4193054.581806065,5983916.294568477,20.39966906142708,26.38784757079336,1
2023-12-14 08:46:00,299.45703125,6668362.666666668,4373595.733333333,6668362.666666668,19.528218911113477,23.820967886664825,1
2023-12-14 08:48:00,297.31640625,5349178.133333334,3741336.8,5349178.133333334,18.05396810222495,27.53527804665889,1
2023-12-14 08:50:00,291.48828125,5864444.533333332,4076268.0,5864444.533333332,13.266889684455238,21.696860326652924,1
2023-12-14 08:52:00,297.921875,7696458.4,4968846.666666667,7696458.4,18.624278180003685,23.19174113001888,1
2023-12-14 08:54:00,292.28125,6504836.0,4581416.266666667,6504836.0,10.43495776445424,24.58187060665902,1
2023-12-14 08:56:00,304.6015625,7050230.4,4682380.8,7050230.4,18.85500558888048,21.986445143338642,1
2023-12-14 08:58:00,301.75,9772912.533333333,6698263.466666668,9772912.533333333,21.996365520010134,21.72204033001132,1
2023-12-14 09:00:00,293.66796875,4966074.933333334,3589139.2,4966074.933333334,17.0686819622319,17.94067657998918,1
2023-12-14 09:02:00,300.83203125,8283462.4,5286420.266666667,8283462.4,15.75747613332674,23.955881319998298,1
2023-12-14 09:04:00,304.37109375,7213656.0,5024568.0,7213656.0,16.998995266670438,20.274356713343877,1
2023-12-14 09:06:00,301.54296875,6368640.0,4561654.4,6368640.0,19.383343353337192,16.917098403331085,1
2023-12-14 09:08:00,295.41015625,6141177.866666666,4190563.466666667,6141177.866666666,10.039997957776198,24.112093063328448,1
2023-12-14 09:10:00,292.29296875,2981825.744950337,2407115.5256316243,2981825.744950337,21.78863076683442,24.54513781415201,1
2023-12-14 09:12:00,304.77734375,4387561.6,2745257.333333333,4387561.6,17.021192259999225,21.884739933326877,1
2023-12-14 09:14:00,308.5546875,7518493.982731606,5128125.612561257,7518493.982731606,18.324978708977174,29.23809340936207,1
2023-12-14 09:16:00,294.8671875,4351165.333333333,2752953.333333333,4351165.333333333,17.21434393554874,29.51936368001043,1
2023-12-14 09:18:00,294.18359375,6523039.466666668,4437346.133333334,6523039.466666668,15.900006777778295,24.394222590005175,1
2023-12-14 09:20:00,299.21875,5390096.0,3721069.866666666,5390096.0,7.744337477779482,19.35547784334631,1
2023-12-14 09:22:00,305.55078125,6321546.4,4505488.0,6321546.4,22.716631099998875,24.89238235000812,1
2023-12-14 09:24:00,292.0625,8506947.466666667,5872027.2,8506947.466666667,12.357131959999807,10.756189426659454,1
2023-12-14 09:26:00,299.47265625,4049469.333333334,2788457.8666666667,4049469.333333334,14.119702984446324,24.047103673340946,1
2023-12-14 09:28:00,295.5703125,6631408.266666668,4333296.0,6631408.266666668,14.225341755550794,25.88607074001629,1
2023-12-14 09:30:00,299.40625,7171270.133333334,4926597.066666666,7171270.133333334,10.165404366659157,22.99111874667384,1
2023-12-14 09:32:00,305.3828125,5618444.8,3822590.4,5618444.8,14.441491346660769,23.722955046663017,1
2023-12-14 09:34:00,295.5,5443912.284209824,4010156.102112911,5443912.284209824,16.22493278677554,23.003758131705574,1
2023-12-14 09:36:00,296.3671875,5015067.697228146,3613558.1023454163,5015067.697228146,18.021762244587237,25.699978748008043,1
2023-12-14 09:38:00,307.08203125,4325274.344538095,2943511.7433454376,4325274.344538095,24.654926601602288,23.57194283573845,1
2023-12-14 09:40:00,294.53125,6838438.933333334,4511905.066666666,6838438.933333334,16.723655166667108,27.404351733348452,1
2023-12-14 09:42:00,304.078125,9785663.466666667,6610492.533333332,9785663.466666667,15.42563623554694,21.550656570010084,1
2023-12-14 09:44:00,298.33984375,6573409.866666666,4797374.133333334,6573409.866666666,17.427659046661574,15.22530481001013,1
2023-12-14 09:46:00,303.23828125,7698164.266666668,5576896.266666667,7698164.266666668,15.706101577767795,21.4227597900026,1
2023-12-14 09:48:00,303.53125,4669734.666666667,3314412.533333333,4669734.666666667,15.007115975555887,19.573930146652856,1
2023-12-14 09:50:00,303.18359375,5640462.4,4063694.666666666,5640462.4,15.418303902228622,26.36286272999617,1
2023-12-14 09:52:00,296.453125,3523183.2,2319667.2,3523183.2,17.398548122227012,23.210160606662,1
2023-12-14 09:54:00,299.87109375,5363272.533333333,3678368.0,5363272.533333333,9.88259979554439,26.59430266333705,1
2023-12-14 09:56:00,301.70703125,8217419.733333332,5385592.8,8217419.733333332,12.100574137778795,11.326854403329587,1
2023-12-14 09:58:00,294.90625,6482659.466666668,4420513.066666666,6482659.466666668,14.825814891098867,28.858225549993218,1
2023-12-14 10:00:00,304.5078125,6833710.133333334,4560754.933333334,6833710.133333334,18.83084633554164,24.978726930009238,1
2023-12-14 10:02:00,304.88671875,6765031.466666668,4759241.066666666,6765031.466666668,13.019687326660561,25.07995324000755,1
2023-12-14 10:04:00,304.23046875,4518247.733333333,3318522.666666666,4518247.733333333,15.686427219997213,16.893229563332472,1
2023-12-14 10:06:00,298.23828125,7882972.0,5258345.333333333,7882972.0,10.198159544444128,27.33010337333932,1
2023-12-14 10:08:00,296.32421875,3614879.887988799,2481495.082841617,3614879.887988799,18.627766518865155,36.9768686368684,1
2023-12-14 10:10:00,298.0234375,7020085.066666666,4622872.8,7020085.066666666,14.926186035542438,26.11285169000136,1
2023-12-14 10:12:00,303.109375,6797056.533333332,4212962.666666667,6797056.533333332,21.836038340002734,25.864159819999863,1
2023-12-14 10:14:00,297.75390625,5103222.666666667,3579449.6,5103222.666666667,14.752580059996236,24.479421643336533,1
2023-12-14 10:16:00,300.93359375,7546988.568571905,4888261.023162806,7546988.568571905,17.705351361443046,23.876147972004873,1
2023-12-14 10:18:00,307.08984375,7269021.333333332,4958199.466666667,7269021.333333332,14.228453588891881,26.813516026644116,1
2023-12-14 10:20:00,297.484375,5929708.018003,4264851.075179196,5929708.018003,16.211737718516407,22.968548498063488,1
2023-12-14 10:22:00,298.83203125,5203491.466666667,3604684.533333333,5203491.466666667,17.570764797775258,29.517452879978613,1
2023-12-14 10:24:00,304.2265625,5914990.634269906,4163708.162517082,5914990.634269906,17.204368274288907,21.625583314982677,1
2023-12-14 10:26:00,299.28515625,8244883.733333332,5357356.8,8244883.733333332,16.071170171118062,29.127941113329143,1
2023-12-14 10:28:00,295.453125,5982626.133333334,4270066.933333334,5982626.133333334,13.850988724443596,28.501138443340697,1
2023-12-14 10:30:00,293.90625,9233886.211378863,6450990.634269906,9233886.211378863,11.351750029442005,25.237455401129193,1
2023-12-14 10:32:00,297.1875,6233470.4,3876983.7333333325,6233470.4,13.820875320007973,11.000013526669743,1
2023-12-14 10:34:00,301.26171875,6319477.866666666,4799637.333333333,6319477.866666666,14.648683526676095,21.77363798999674,1
2023-12-14 10:36:00,300.41796875,4598027.2,3221661.333333333,4598027.2,14.520777124432952,23.792302099997567,1
2023-12-14 10:38:00,307.1953125,6113252.266666668,4255949.6,6113252.266666668,15.632685679997346,21.496022439993485,1
2023-12-14 10:40:00,295.71875,5818545.066666666,4099985.866666666,5818545.066666666,18.614566248886856,25.231284786665736,1
2023-12-14 10:42:00,300.828125,8173224.0,5590592.8,8173224.0,17.881582593335125,23.413409496667253,1
2023-12-14 10:44:00,295.47265625,6013744.533333332,4347517.333333333,6013744.533333332,10.26554044221282,28.392361406658893,1
2023-12-14 10:46:00,296.328125,7951558.4,5372685.333333333,7951558.4,9.85701674666618,26.784099259991013,1
2023-12-14 10:48:00,310.51953125,7712544.533333332,5388517.066666666,7712544.533333332,19.32370555333263,22.961186616666964,1
2023-12-14 10:50:00,297.546875,7108679.466666668,4949392.533333333,7108679.466666668,11.511057006670551,25.12471982665981,1
2023-12-14 10:52:00,294.66796875,5118560.533333333,3403988.0,5118560.533333333,18.692773104444814,26.924652196660947,1
2023-12-14 10:54:00,299.84375,7360758.666666668,4907694.133333334,7360758.666666668,13.395442977780476,24.05085429333364,1
2023-12-14 10:56:00,300.515625,6359814.933333334,3991094.666666666,6359814.933333334,14.745516826660607,26.20074408999547,1
2023-12-14 10:58:00,306.984375,5671892.526168412,3937732.6488432563,5671892.526168412,16.090375700602017,25.251360527358397,1
2023-12-14 11:00:00,304.66796875,6568206.666666668,4580265.866666666,6568206.666666668,16.44003640444781,24.465822643348176,1
2023-12-14 11:02:00,317.92578125,3301840.8,2214410.933333333,3301840.8,13.2076810777653,20.219994853323442,1
2023-12-14 11:04:00,299.13671875,6991774.666666668,4810103.2,6991774.666666668,17.489705466658858,24.030698829980487,1
2023-12-14 11:06:00,300.91796875,3558383.733333333,2694869.066666667,3558383.733333333,20.287981568900356,16.054890586674446,1
2023-12-14 11:08:00,298.6484375,6710045.866666666,4772922.4,6710045.866666666,15.699961975559642,35.35507188333819,1
2023-12-14 11:10:00,298.1953125,5707942.133333334,3744598.1333333324,5707942.133333334,19.64463069333255,30.14277289667613,1
2023-12-14 11:12:00,296.96875,6788162.250441623,4415077.425590774,6788162.250441623,16.33005265695216,27.489718491506906,1
2023-12-14 11:14:00,306.9140625,7182771.2,4965207.2,7182771.2,14.056280244452255,23.997573653347594,1
2023-12-14 11:16:00,306.4609375,5915518.933333334,4264927.2,5915518.933333334,10.144188213323812,21.698982319988623,1
2023-12-14 11:18:00,293.80859375,3611551.466666667,2415585.6,3611551.466666667,16.421468228897236,27.58820874999704,1
2023-12-14 11:20:00,302.06640625,7525161.866666666,5016263.733333333,7525161.866666666,17.861325397777062,16.449158199999758,1
2023-12-14 11:22:00,297.39453125,4882888.8,3392669.066666667,4882888.8,16.49273576221377,24.807354119984666,1
2023-12-14 11:24:00,297.93359375,7307456.533333332,5277217.6,7307456.533333332,18.204147311108606,23.838649636648675,1
2023-12-14 11:26:00,299.3125,7007328.533333332,4591063.466666667,7007328.533333332,21.84949756221613,26.242655376675728,1
2023-12-14 11:28:00,294.0859375,5446110.933333334,3715896.8,5446110.933333334,18.564109204453413,20.85785229998388,1
2023-12-14 11:30:00,288.69140625,6299408.8,4062635.2,6299408.8,16.181295751108944,29.223018509995498,1
2023-12-14 11:32:00,305.59765625,6404657.6,4471539.733333333,6404657.6,19.338559733344788,20.302928876675047,1
2023-12-14 11:34:00,303.15234375,3377056.266666666,2329465.8666666667,3377056.266666666,25.80197918890109,22.3464792566665,1
2023-12-14 11:36:00,305.703125,6049665.066666666,4257822.933333334,6049665.066666666,19.22611858222,18.018659973337584,1
2023-12-14 11:38:00,265.82421875,4619956.533333333,4307762.666666667,4619956.533333333,8.642264586669626,26.532145763339944,1
2023-12-14 11:40:00,265.42578125,3819900.533333333,3698958.666666666,3819900.533333333,10.003122093346773,22.7137638466714,1
2023-12-14 11:42:00,270.9921875,4749241.866666666,4308541.066666666,4749241.866666666,17.242341115553348,21.844781596664692,1
2023-12-14 11:44:00,270.45703125,4504646.4,4170203.466666667,4504646.4,17.86823787776585,29.15019927000685,1
2023-12-14 11:46:00,266.19140625,2905955.8044195576,2708725.6607672567,2905955.8044195576,8.475428066087652,15.061780095328094,1
2023-12-14 11:48:00,266.95703125,3945412.0,3443745.066666667,3945412.0,16.054380024434067,11.793506713341534,1
2023-12-14 11:50:00,267.3046875,5104900.20665289,4556305.846276915,5104900.20665289,9.940836048706114,21.446058979392678,1
2023-12-14 11:52:00,263.50390625,3074897.167610796,2635237.3208930357,3074897.167610796,14.09381539042397,20.615948690434145,1
2023-12-14 11:54:00,283.87890625,4912364.0,4683289.6,4912364.0,16.514295035562505,25.279571596668877,1
2023-12-14 11:56:00,296.9296875,3738354.933333333,3646914.1333333324,3738354.933333333,12.878283584448381,25.79755872667496,1
2023-12-14 11:58:00,281.94140625,5790852.8,5279318.4,5790852.8,19.199238937774986,22.85933411333341,1
2023-12-14 12:00:00,276.03125,5019931.733333333,4586252.0,5019931.733333333,15.005087455550287,22.17793215000711,1
2023-12-14 12:02:00,276.0546875,5745008.266666668,5026629.6,5745008.266666668,16.124854384446127,15.848879606686143,1
2023-12-14 12:04:00,269.4453125,4229392.266666667,3858205.6,4229392.266666667,15.417387373341223,28.756829996661207,1
2023-12-14 12:06:00,272.9453125,1937258.666666667,1868535.2,1937258.666666667,13.235491555565707,19.686824423333746,1
2023-12-14 12:08:00,284.546875,2359866.1333333333,2368927.733333333,2359866.1333333333,14.163092946659567,30.010200226679444,1
2023-12-14 12:10:00,266.95703125,4698819.2,4377713.066666666,4698819.2,16.020104306662688,11.26006892666434,1
2023-12-14 12:12:00,272.61328125,2305741.6,2114877.8666666667,2305741.6,18.81904517111252,35.13147267001235,1
2023-12-14 12:14:00,271.29296875,4631893.866666666,4316127.466666667,4631893.866666666,15.961305677774362,26.359178643348667,1
2023-12-14 12:16:00,277.61328125,4214137.066666666,3929588.533333333,4214137.066666666,15.788502248890131,14.54305749333192,1
2023-12-14 12:18:00,270.89453125,4183040.266666666,3764437.866666666,4183040.266666666,14.977790555551312,23.25232357667119,1
2023-12-14 12:20:00,279.33984375,4490065.6,4121522.1333333324,4490065.6,14.134530266666035,14.980017533356055,1
2023-12-14 12:22:00,270.5859375,5480450.666666667,4765215.733333333,5480450.666666667,13.452563024442899,25.599099576672117,1
2023-12-14 12:24:00,268.20703125,3501178.1333333333,3158736.8,3501178.1333333333,13.72154111778299,26.314917493315694,1
2023-12-14 12:26:00,273.390625,4123926.666666666,3719538.1333333324,4123926.666666666,13.52577687777941,20.656254883312307,1
2023-12-14 12:28:00,275.3125,2457317.6,2206326.1333333333,2457317.6,17.29510335555662,23.020964133320373,1
2023-12-14 12:30:00,279.109375,5830492.8,5341611.2,5830492.8,16.381805022230967,18.97609060331888,1
2023-12-14 12:32:00,272.3515625,4572237.333333333,4096938.666666666,4572237.333333333,12.806241655554107,12.485723240000276,1
2023-12-14 12:34:00,278.7890625,3647610.4,3443633.066666667,3647610.4,9.836405513326303,23.194206859989208,1
2023-12-14 12:36:00,273.796875,4421998.133333334,4099915.466666667,4421998.133333334,14.656097459988407,27.89304240664932,1
2023-12-14 12:38:00,268.3125,4065588.0,3936065.066666667,4065588.0,11.694097344443435,21.919746936667558,1
2023-12-14 12:40:00,271.51953125,1996177.066666667,1983811.4666666663,1996177.066666667,9.570950277783496,34.7792693466666,1
2023-12-14 12:42:00,269.34765625,4726896.266666667,4202009.6,4726896.266666667,17.824352719989193,33.95461172665818,1
2023-12-14 12:44:00,278.5234375,3349970.933333333,3224934.1333333333,3349970.933333333,23.856858617784585,14.883922339989414,1
2023-12-14 12:46:00,282.2421875,6939900.903604413,6520022.139975325,6939900.903604413,16.561029846738364,24.978151492130976,1
2023-12-14 12:48:00,269.0078125,5354012.8,4835811.466666667,5354012.8,14.979447733332766,25.112686616679028,1
2023-12-14 12:50:00,286.74609375,3620515.7333333325,3454369.8666666667,3620515.7333333325,22.22536428888109,24.020178863332447,1
2023-12-14 12:52:00,276.64453125,5701379.466666668,5010936.8,5701379.466666668,14.643972173329935,23.415679613341734,1
2023-12-14 12:54:00,293.4921875,4094422.933333333,3826263.466666667,4094422.933333333,7.6950619644453075,14.689880773318391,1
2023-12-14 12:56:00,272.0859375,4489858.666666667,4086258.666666666,4489858.666666667,12.161966068880348,36.336818239991175,1
2023-12-14 12:58:00,273.53515625,4245208.266666667,4124329.333333334,4245208.266666667,10.88299890221808,24.910616746662225,1
2023-12-14 13:00:00,280.2109375,5736708.0,5472378.933333334,5736708.0,17.758991028887174,22.10577320001903,1
2023-12-14 13:02:00,280.7890625,5747603.733333332,5456110.933333334,5747603.733333332,6.03664805777953,23.637299246668896,1
2023-12-14 13:04:00,285.69140625,4810173.066666666,4658810.933333334,4810173.066666666,11.765999342234053,24.5736919533374,1
2023-12-14 13:06:00,275.484375,4551439.770681954,4236053.596426905,4551439.770681954,12.779820347527794,27.556094587027808,1
2023-12-14 13:08:00,296.9375,3585092.0,3374484.266666666,3585092.0,17.61461206221914,26.93257599334175,1
2023-12-14 13:10:00,277.08984375,2176125.333333333,2219043.466666667,2176125.333333333,23.088421457780186,20.023936026652034,1
2023-12-14 13:12:00,280.4921875,3518170.4,3335980.8,3518170.4,13.847949419998459,24.357649126662483,1
2023-12-14 13:14:00,275.76953125,4818647.466666667,4599885.6,4818647.466666667,15.557794506668065,25.512221919998414,1
2023-12-14 13:16:00,281.15234375,5658292.647156856,5328658.089460704,5658292.647156856,14.39670609959296,26.984477718153318,1
2023-12-14 13:18:00,276.44921875,3916468.0,3490867.733333333,3916468.0,14.868620097776226,17.097080113332293,1
2023-12-14 13:20:00,282.3984375,4906144.266666667,4657182.666666667,4906144.266666667,14.934552417770545,28.398716696659303,1
2023-12-14 13:22:00,273.3125,4678843.466666667,4233386.133333334,4678843.466666667,17.712247375554096,25.303165863321443,1
2023-12-14 13:24:00,270.48828125,4292233.6,3948002.666666666,4292233.6,15.330258120003338,26.318036483353357,1
2023-12-14 13:26:00,278.296875,4186738.4,3835088.533333333,4186738.4,23.35441303777366,30.385838383347927,1
2023-12-14 13:28:00,272.9765625,4199840.8,3837128.8,4199840.8,16.38887690000249,26.162491863336374,1
2023-12-14 13:30:00,272.9296875,3971236.533333333,3836933.6,3971236.533333333,17.063658993332258,36.32962842665923,1
2023-12-14 13:32:00,281.53125,4950846.933333334,4222528.266666667,4950846.933333334,16.393829202214775,17.975325709994646,1
2023-12-14 13:34:00,286.453125,2892283.2,2734284.8,2892283.2,12.66919543777476,25.062777213339967,1
2023-12-14 13:36:00,284.23046875,4509351.466666667,4208809.333333333,4509351.466666667,17.074993655567393,24.27319682331775,1
2023-12-14 13:38:00,283.48046875,4935786.133333334,4540010.133333334,4935786.133333334,15.09450864223052,19.861730316673256,1
2023-12-14 13:40:00,271.30859375,5127678.933333334,4674177.6,5127678.933333334,13.409209257774314,22.70801007665189,1
2023-12-14 13:42:00,273.03515625,5019505.066666666,4451359.2,5019505.066666666,18.688302528882762,23.049739269990827,1
2023-12-14 13:44:00,275.87890625,2599432.0,2530197.6,2599432.0,16.334212660003686,11.758016216675365,1
2023-12-14 13:46:00,272.66015625,3010201.553488682,2751438.077141047,3010201.553488682,16.914341118558436,20.693373864037138,1
2023-12-14 13:48:00,274.79296875,6035830.933333334,5538251.466666667,6035830.933333334,15.710342013335321,24.731692656666077,1
2023-12-14 13:50:00,272.09765625,3376854.4,3199285.8666666667,3376854.4,22.98118320888736,31.472838923315674,1
2023-12-14 13:52:00,275.109375,6038545.6,5430705.066666666,6038545.6,16.34299836221746,29.516473123342923,1
2023-12-14 13:54:00,275.50390625,5919337.333333332,5503376.266666667,5919337.333333332,13.518644335563293,29.635789166665443,1
2023-12-14 13:56:00,301.66796875,4701287.466666667,4351038.133333334,4701287.466666667,13.871244399989438,26.641180519994432,1
2023-12-14 13:58:00,276.86328125,4741898.343498983,4443560.443955604,4741898.343498983,18.756470315189212,24.34427860878712,1
2023-12-14 14:00:00,290.2890625,4548395.2,4215981.333333333,4548395.2,19.047018019999896,23.65163226333,1
2023-12-14 14:02:00,273.18359375,6076871.733333332,5578343.2,6076871.733333332,15.62628378666381,23.691445793325933,1
2023-12-14 14:04:00,276.8203125,5505476.553907681,5117687.852024662,5505476.553907681,18.43463417653297,23.230103509394663,1
2023-12-14 14:06:00,278.171875,3625654.243616241,3475284.7523168214,3625654.243616241,16.567192857303244,24.6865020334635,1
2023-12-14 14:08:00,283.24609375,5536464.266666667,4998233.066666666,5536464.266666667,16.960583106669624,21.566150136689725,1
2023-12-14 14:10:00,280.49609375,4322388.533333333,4155341.333333334,4322388.533333333,15.158463539992225,27.474938723341136,1
2023-12-14 14:12:00,280.95703125,4778651.653952497,4394740.664245978,4778651.653952497,18.497633110142253,15.449909324111134,1
2023-12-14 14:14:00,272.9609375,5322056.274169888,5074899.053207095,5322056.274169888,12.68207350758157,21.283416072140746,1
2023-12-14 14:16:00,273.90234375,4799536.266666667,4524641.066666666,4799536.266666667,14.01180469555483,15.201722203322182,1
2023-12-14 14:18:00,272.73828125,3979225.333333334,3969866.1333333324,3979225.333333334,19.50215748666475,22.81539662333671,1
2023-12-14 14:20:00,277.28125,5739257.165711237,5354304.492734302,5739257.165711237,17.75587514332501,19.363664428092907,1
2023-12-14 14:22:00,273.01171875,5843514.133333334,5403936.533333333,5843514.133333334,17.637743642214147,22.66706774333822,1
2023-12-14 14:24:00,279.04296875,2095371.7333333332,1735430.933333333,2095371.7333333332,10.082768446655892,25.101033726678,1
2023-12-14 14:26:00,276.1953125,2708630.4702863046,2487939.2060793918,2708630.4702863046,14.871814905176613,30.444210635603145,1
2023-12-14 14:28:00,284.78515625,2766272.8,2435308.0,2766272.8,10.330016722226802,12.621782840020993,1
2023-12-14 14:30:00,285.4921875,5214747.733333333,4868393.6,5214747.733333333,15.589393971103066,15.03715698665474,1
2023-12-14 14:32:00,273.44921875,2881452.266666666,2503562.933333333,2881452.266666666,17.144723511106953,13.938843606665614,1
2023-12-14 14:34:00,269.57421875,4169772.266666666,3826180.266666666,4169772.266666666,24.33640921556313,28.430168106666923,1
2023-12-14 14:36:00,277.33203125,4774575.733333333,4494907.2,4774575.733333333,7.062088311116289,25.896979473327516,1
2023-12-14 14:38:00,273.27734375,3990342.666666666,3623175.2,3990342.666666666,14.12397382666111,23.376187303341194,1
2023-12-14 14:40:00,278.21875,5308913.333333333,5027161.066666666,5308913.333333333,15.380135408890457,23.77469969665981,1
2023-12-14 14:42:00,286.04296875,3426836.8,3103864.8,3426836.8,13.187962862219946,26.942774946655845,1
2023-12-14 14:44:00,279.8203125,5703416.8,5279045.866666666,5703416.8,15.972923535559351,27.25696415999361,1
2023-12-14 14:46:00,273.203125,5702713.6,5201330.666666667,5702713.6,16.37339966889057,26.694356366667005,1
2023-12-14 14:48:00,279.69140625,4121171.7333333325,3700885.066666667,4121171.7333333325,16.687758560001384,26.234786816664077,1
2023-12-14 14:50:00,275.44921875,6033934.133333334,5549403.733333333,6033934.133333334,13.611489946666147,24.17675696667477,1
2023-12-14 14:52:00,273.4765625,5026623.733333333,4566121.6,5026623.733333333,15.988454002233789,23.363393156663125,1
2023-12-14 14:54:00,296.9296875,5205551.2,4907061.866666666,5205551.2,23.325740342212768,23.612243673342167,1
2023-12-14 14:56:00,291.5625,5090118.933333334,4585349.866666666,5090118.933333334,15.647663922217262,25.187303636654786,1
2023-12-14 14:58:00,277.828125,3663276.0,3535973.333333333,3663276.0,16.023880695558752,26.136575026660772,1
2023-12-14 15:00:00,288.484375,4644347.2,4311464.0,4644347.2,15.938833042212837,17.935230893320593,1
2023-12-14 15:02:00,282.7421875,4158073.8568190914,3631670.443940808,4158073.8568190914,16.25595430830808,13.773459918673895,1
2023-12-14 15:04:00,278.94921875,3734872.266666666,3639875.2,3734872.266666666,15.795154286671377,18.33096315000148,1
2023-12-14 15:06:00,284.671875,1973585.4438816318,1871753.1324980003,1973585.4438816318,17.158784555228344,26.414428882296697,1
2023-12-14 15:08:00,285.81640625,4450398.133333334,4145040.0,4450398.133333334,13.222061251112285,26.378489273338342,1
2023-12-14 15:10:00,280.21875,4491689.333333333,4111567.2,4491689.333333333,14.258986537784542,24.09226475666704,1
2023-12-14 15:12:00,273.91015625,4713962.933333334,4217557.866666666,4713962.933333334,17.022301093335653,23.77215356333181,1
2023-12-14 15:14:00,275.234375,2025752.5333333332,1990537.866666667,2025752.5333333332,14.019802451107855,19.614103529990338,1
2023-12-14 15:16:00,277.890625,4720003.733333333,4329963.466666667,4720003.733333333,17.141216944453642,22.286262886676315,1
2023-12-14 15:18:00,275.15234375,2676653.6,2585519.2,2676653.6,15.225289186653551,20.31049653000082,1
2023-12-14 15:20:00,277.58203125,3778928.0,3433690.666666666,3778928.0,15.335553657787385,26.67442034665631,1
2023-12-14 15:22:00,274.68359375,6129472.266666668,5438064.266666667,6129472.266666668,15.475635764451,22.847384613341998,1
2023-12-14 15:24:00,271.828125,4424354.933333334,4006708.0,4424354.933333334,14.530469533330887,22.44829486999758,1
2023-12-14 15:26:00,273.35546875,4120421.866666666,3804565.333333334,4120421.866666666,14.570689448899227,25.615493810012893,1
2023-12-14 15:28:00,273.05078125,4594285.866666666,4219567.2,4594285.866666666,13.78346735999609,31.01305070667877,1
2023-12-14 15:30:00,282.28515625,4786011.2,4488246.933333334,4786011.2,19.084486591115514,21.063210803331454,1
2023-12-14 15:32:00,270.2734375,5324800.8,4645639.2,5324800.8,14.200848953332756,11.417254649980652,1
2023-12-14 15:34:00,275.796875,4523219.788645531,4213818.181818182,4523219.788645531,13.806690869087765,19.815497376394784,1
2023-12-14 15:36:00,268.03125,4464262.666666667,4189905.333333334,4464262.666666667,17.356817966663378,11.170556940002523,1
2023-12-14 15:38:00,271.16796875,4320136.533333333,4016399.2,4320136.533333333,15.542054026672204,23.293795746649266,1
2023-12-14 15:40:00,273.94140625,4454830.549721639,4148873.2873287327,4454830.549721639,15.848238728318536,21.917988478840613,1
2023-12-14 15:42:00,274.65234375,4653484.81514818,4212395.106177283,4653484.81514818,13.140352959747169,26.176389452282454,1
2023-12-14 15:44:00,276.3984375,4950701.866666666,4475253.866666666,4950701.866666666,21.087984888888766,29.03318307668087,1
2023-12-14 15:46:00,282.8515625,2496309.333333333,2492505.066666667,2496309.333333333,15.1417497866593,21.64682110332554,1
2023-12-14 15:48:00,278.05078125,6459243.466666668,5925109.066666666,6459243.466666668,16.526914851112654,30.117138489998368,1
2023-12-14 15:50:00,280.5,4673070.133333334,4411932.8,4673070.133333334,15.544610888884765,26.136136996671357,1
2023-12-14 15:52:00,274.828125,3952428.6856838176,3538538.2564649433,3952428.6856838176,9.908518626153297,25.98909533456129,1
2023-12-14 15:54:00,289.92578125,5306844.533333333,4829739.733333333,5306844.533333333,18.746301637778142,13.743794763334638,1
2023-12-14 15:56:00,272.3203125,4286481.866666666,3857526.1333333324,4286481.866666666,18.184862455560104,20.970996346659373,1
2023-12-14 15:58:00,283.67578125,4936182.933333334,4714498.4,4936182.933333334,13.711942357767839,12.623538216648738,1
2023-12-14 16:00:00,288.421875,3194066.4,2970737.066666667,3194066.4,13.463128631119616,23.554893189987826,1
2023-12-14 16:02:00,282.9140625,5384014.4,4737445.333333333,5384014.4,18.278394433339905,23.595759043334212,1
2023-12-14 16:04:00,287.28125,3998672.8,3635340.8,3998672.8,15.071796991105654,23.731631043313733,1
2023-12-14 16:06:00,282.30859375,4068868.0,3728900.0,4068868.0,14.496915073331266,27.548262413329212,1
2023-12-14 16:08:00,284.55859375,5175876.266666667,4950550.4,5175876.266666667,15.19583278222449,23.739418206653987,1
2023-12-14 16:10:00,274.61328125,5112914.666666667,4748961.333333333,5112914.666666667,17.99894873554068,13.863078726668999,1
2023-12-14 16:12:00,284.05859375,4748049.6,4293741.866666666,4748049.6,17.296912215549835,25.226065419992665,1
2023-12-14 16:14:00,282.96875,4684180.0,4442980.8,4684180.0,10.078623491119489,25.63815418667218,1
2023-12-14 16:16:00,281.42578125,4433218.4,4157175.2,4433218.4,16.282124173335937,24.288414036661077,1
2023-12-14 16:18:00,282.0234375,3312277.5722427755,3178701.3298670133,3312277.5722427755,18.854454423436888,27.092192580752048,1
2023-12-14 16:20:00,283.55078125,4755760.533333333,4507604.0,4755760.533333333,12.502307771113315,22.122993776671738,1
2023-12-14 16:22:00,272.046875,2412404.8,2032805.333333333,2412404.8,15.45514258221374,18.06594185332263,1
2023-12-14 16:24:00,275.72265625,4832772.266666667,4360944.0,4832772.266666667,18.476204391109704,28.576181779984232,1
2023-12-14 16:26:00,273.9296875,2207312.266666666,2036670.933333333,2207312.266666666,15.105607388880644,19.969235930014595,1
2023-12-14 16:28:00,272.38671875,3101142.1333333333,2907713.8666666667,3101142.1333333333,13.007847488899847,26.380413116664077,1
2023-12-14 16:30:00,274.61328125,4118617.066666667,3974182.666666666,4118617.066666667,15.576984191106426,27.306415879987373,1
2023-12-14 16:32:00,277.09765625,5577594.933333334,5169167.2,5577594.933333334,13.675995702215006,17.238459539997464,1
2023-12-14 16:34:00,277.57421875,4505969.066666666,4121496.266666666,4505969.066666666,14.034669515563614,17.816936360007578,1
2023-12-14 16:36:00,280.10546875,4211313.424876683,3836652.1797093716,4211313.424876683,14.76442805180295,18.16351923077848,1
2023-12-14 16:38:00,273.421875,6759621.066666666,6405421.333333332,6759621.066666666,13.716024795560065,28.797270793341646,1
2023-12-14 16:40:00,278.40234375,4374650.933333334,4003116.266666666,4374650.933333334,15.310912315552642,26.955103453340897,1
2023-12-14 16:42:00,287.171875,1873007.7333333332,1753910.4,1873007.7333333332,14.444498168886641,20.31211372666197,1
2023-12-14 16:44:00,272.17578125,2868779.733333333,2623265.6,2868779.733333333,15.539446624445393,28.38699083668568,1
2023-12-14 16:46:00,272.17578125,4820098.4,4531649.866666666,4820098.4,13.997892633326249,31.865270533332176,1
2023-12-14 16:48:00,287.265625,4888442.933333334,4564761.333333333,4888442.933333334,14.072615006670175,27.93907148998793,1
2023-12-14 16:50:00,270.58984375,3305624.266666666,3134890.4,3305624.266666666,12.609142966652547,24.070503553327093,1
2023-12-14 16:52:00,286.16015625,5220552.0,4571442.133333334,5220552.0,14.988739708884776,22.214310533357395,1
2023-12-14 16:54:00,279.78125,4469935.733333333,4068190.1333333324,4469935.733333333,15.170182420018437,21.009896333368186,1
2023-12-14 16:56:00,279.40625,6143743.2,5752992.533333332,6143743.2,17.425327431119513,17.063206483338337,1
2023-12-14 16:58:00,277.65625,4959497.333333333,4718720.0,4959497.333333333,17.07140967110819,23.978690086708713,1
2023-12-14 17:00:00,285.30078125,4258698.666666667,3831074.1333333324,4258698.666666667,7.89442212886772,16.358279813333258,1
2023-12-14 17:02:00,279.265625,5229822.474158053,4843829.009669892,5229822.474158053,18.248052473018614,27.235187179039112,1
2023-12-14 17:04:00,281.87109375,2622456.8,2294847.2,2622456.8,18.748687444442318,26.69329937663861,1
2023-12-14 17:06:00,288.046875,4311299.733333333,3933527.2,4311299.733333333,16.697457388864773,24.707365476691248,1
2023-12-14 17:08:00,280.671875,4678369.066666666,4434307.733333333,4678369.066666666,20.333641722229203,22.67412312998204,1
2023-12-14 17:10:00,274.87109375,2764533.333333333,2511919.733333333,2764533.333333333,15.845363935546224,11.697884253323233,1
2023-12-14 17:12:00,266.5,3898376.0,3593879.2,3898376.0,18.169272993335554,14.172599606681617,1
2023-12-14 17:14:00,283.33203125,3706773.333333334,3592384.266666666,3706773.333333334,15.238623371114954,25.999077866678515,1
2023-12-14 17:16:00,279.73828125,4561092.533333333,4252666.933333334,4561092.533333333,12.940520857777708,14.959628260015357,1
2023-12-14 17:18:00,272.3984375,4847423.733333333,4624078.933333334,4847423.733333333,17.894649168883916,28.139126156699298,1
2023-12-14 17:20:00,279.7890625,5201946.133333334,4944477.333333333,5201946.133333334,10.818512324444278,21.975157206664637,1
2023-12-14 17:22:00,276.76953125,5197261.333333333,4782857.866666666,5197261.333333333,16.381834377761052,24.128249580001768,1
2023-12-14 17:24:00,282.30078125,3765873.866666666,3586545.333333333,3765873.866666666,18.959384117754073,14.692675263310473,1
2023-12-14 17:26:00,272.84375,3711532.8,3466611.733333333,3711532.8,13.679605397757973,30.043152506647548,1
2023-12-14 17:28:00,278.02734375,4938151.970418735,4635185.449215498,4938151.970418735,13.583190568210167,23.14297982612261,1
2023-12-14 17:30:00,275.01171875,5025556.533333333,4526988.8,5025556.533333333,14.907302253316931,25.479191009993283,1
2023-12-14 17:32:00,272.78515625,5137493.866666666,4670228.266666667,5137493.866666666,17.170709619984137,36.005810866675645,1
2023-12-14 17:34:00,274.546875,4650713.45185284,4310699.7098162165,4650713.45185284,14.781596204252903,19.526162889830967,1
2023-12-14 17:36:00,277.32421875,4411289.348224704,4002641.5069178194,4411289.348224704,17.417763169435094,22.201527447878608,1
2023-12-14 17:38:00,282.921875,4781538.133333334,4402213.6,4781538.133333334,14.224386093361925,22.495850883327268,1
2023-12-14 17:40:00,284.16015625,4707375.2,4377418.133333334,4707375.2,17.324042684437398,17.943481176625934,1
2023-12-14 17:42:00,280.0546875,4970450.503299778,4540663.955736284,4970450.503299778,17.82238772970776,22.36686740213763,1
2023-12-14 17:44:00,286.66015625,4258334.466440045,3862937.5458241687,4258334.466440045,14.699505005675212,27.78324326464642,1
2023-12-14 17:46:00,281.9140625,5055230.984601026,4742449.17005533,5055230.984601026,12.860407615033346,22.946323258484732,1
2023-12-14 17:48:00,278.921875,3931270.4,3690443.2,3931270.4,15.508671866652248,25.938829753334478,1
2023-12-14 17:50:00,281.99609375,4571151.466666667,4213715.733333333,4571151.466666667,14.447922597788017,15.431587236671474,1
2023-12-14 17:52:00,270.88671875,4594440.533333333,4078131.7333333325,4594440.533333333,15.056400015536282,31.99603778664217,1
2023-12-14 17:54:00,277.03515625,4695928.0,4342172.8,4695928.0,13.705133406652346,24.44792991334301,1
2023-12-14 17:56:00,278.36328125,5395579.2,4881013.333333333,5395579.2,19.545478913350962,23.607426246647574,1
2023-12-14 17:58:00,282.0390625,5080217.333333333,4580222.133333334,5080217.333333333,15.47947727111427,23.40889435998785,1
2023-12-14 18:00:00,281.55859375,3955505.866666666,3639632.266666666,3955505.866666666,15.407416544460125,23.377301266640035,1
2023-12-14 18:02:00,270.2734375,5336811.841578877,4846650.753433791,5336811.841578877,19.106137311658767,31.080450303380236,1
2023-12-14 18:04:00,282.2578125,5305516.0,5021978.666666667,5305516.0,9.009928160004264,23.14964356002747,1
2023-12-14 18:06:00,273.17578125,4064763.466666667,3923493.6,4064763.466666667,19.826994546650287,14.556680553359909,1
2023-12-14 18:08:00,289.1875,4571851.733333333,4214260.533333333,4571851.733333333,8.51667189333562,21.105831029999536,1
2023-12-14 18:10:00,281.203125,4533090.933333334,4151424.533333333,4533090.933333334,12.066696682207596,12.995997116668153,1
2023-12-14 18:12:00,273.359375,4436358.714495266,3825895.45272703,4436358.714495266,10.671339429704787,23.696354830617217,1
2023-12-14 18:14:00,273.98828125,4902147.733333333,4724145.6,4902147.733333333,12.310177948901481,16.591804596634272,1
2023-12-14 18:16:00,277.99609375,4467027.466666667,4122196.0,4467027.466666667,9.473922331106019,26.149295429980462,1
2023-12-14 18:18:00,277.3046875,2776604.533333333,2413586.666666666,2776604.533333333,18.621637322228505,35.42403845334775,1
2023-12-14 18:20:00,278.78125,5504701.066666666,5018556.533333333,5504701.066666666,13.778279826672385,24.126488210022217,1
2023-12-14 18:22:00,281.25390625,3721200.533333333,3253310.666666666,3721200.533333333,16.409127364458982,20.09245208333596,1
2023-12-14 18:24:00,275.03125,4319142.4,3976173.866666666,4319142.4,14.71227003555719,26.916659750034643,1
2023-12-14 18:26:00,277.1640625,4687181.866666666,4356842.4,4687181.866666666,14.564554484451142,31.92793663668757,1
2023-12-14 18:28:00,275.76171875,2363770.67004636,2381762.9990327857,2363770.67004636,16.00729189872723,23.69408622554895,1
2023-12-14 18:30:00,276.37890625,4719896.0,4389266.133333334,4719896.0,16.461475986676913,20.43419982670457,1
2023-12-14 18:32:00,284.4609375,4624734.106357457,4114278.5552445687,4624734.106357457,16.914156115336358,13.724260005986238,1
2023-12-14 18:34:00,274.19921875,2314852.990199347,2245650.243349557,2314852.990199347,13.369230519804615,10.550604146940387,1
2023-12-14 18:36:00,278.1640625,4647420.266666667,4358183.2,4647420.266666667,14.208439459972494,27.531383443323044,1
2023-12-14 18:38:00,282.05078125,2742438.933333333,2504106.666666666,2742438.933333333,16.703229371115512,17.711078349966556,1
2023-12-14 18:40:00,283.08984375,4412428.266666667,4093719.2,4412428.266666667,17.24875398222745,21.964149073319284,1
2023-12-14 18:42:00,282.77734375,4048019.7333333325,3433593.333333333,4048019.7333333325,14.557516273343936,27.034492846675374,1
2023-12-14 18:44:00,273.91796875,5192850.133333334,4587604.266666667,5192850.133333334,14.619605508891661,7.923910776686776,1
2023-12-14 18:46:00,272.265625,4226093.866666666,3863703.2,4226093.866666666,15.260543879994655,33.906312860005215,1
2023-12-14 18:48:00,276.21875,1618550.666666667,1489658.4,1618550.666666667,16.252960535574758,24.03240017670517,1
2023-12-14 18:50:00,277.01171875,6769863.466666668,6045512.533333332,6769863.466666668,17.06987634443471,23.789477009995608,1
2023-12-14 18:52:00,275.72265625,6917989.333333332,6015815.733333332,6917989.333333332,10.286987891110282,21.467815690023905,1
2023-12-14 18:54:00,281.1875,5204246.133333334,4615891.733333333,5204246.133333334,14.651407846670027,22.72200442001728,1
2023-12-14 18:56:00,282.44921875,5574745.6,5018443.733333333,5574745.6,13.451384526658027,12.22017070002039,1
2023-12-14 18:58:00,287.66796875,2738692.533333333,2575890.4,2738692.533333333,14.80483699331267,19.64749482334204,1
2023-12-14 19:00:00,279.49609375,3015243.733333333,2681224.533333333,3015243.733333333,16.019541104453513,22.632601993342785,1
2023-12-14 19:02:00,269.6328125,4569069.066666666,4178870.933333333,4569069.066666666,16.159564497777158,13.279256106664734,1
2023-12-14 19:04:00,281.5078125,4858980.831416475,4563889.722305563,4858980.831416475,12.555494102750304,19.77711565153089,1
2023-12-14 19:06:00,283.89453125,4688721.066666666,4346232.266666667,4688721.066666666,17.590360648917134,33.092479380041674,1
2023-12-14 19:08:00,278.74609375,4259062.4,4004333.066666667,4259062.4,17.217266437752794,16.676155056629796,1
2023-12-14 19:10:00,277.65625,4098327.2,3713977.866666666,4098327.2,7.8316433666623215,24.492105266641985,1
2023-12-14 19:12:00,275.515625,3103105.066666667,2827123.2,3103105.066666667,20.208776086672312,25.861867580000162,1
2023-12-14 19:14:00,269.16796875,4366992.736722861,3990861.33137869,4366992.736722861,13.006907658660078,10.982330365831563,1
2023-12-14 19:16:00,271.33203125,4964339.208956717,4685528.372929926,4964339.208956717,14.898819599496846,20.672113728300708,1
2023-12-14 19:18:00,277.68359375,5458537.866666666,4998572.266666667,5458537.866666666,11.004650542227962,25.291756413353138,1
2023-12-14 19:20:00,276.6171875,2605296.266666666,2343994.4,2605296.266666666,12.584303597783826,23.62807565000064,1
2023-12-14 19:22:00,276.92578125,3085940.8,2743710.666666666,3085940.8,13.328657940017164,34.75421886333303,1
2023-12-14 19:24:00,279.4453125,4704658.933333334,4388844.533333333,4704658.933333334,11.997060604464624,21.715060506636895,1
2023-12-14 19:26:00,279.51953125,5591622.933333334,5036795.466666667,5591622.933333334,13.754174975555443,22.513785040015744,1
2023-12-14 19:28:00,281.1328125,3979923.7333333325,3677060.533333333,3979923.7333333325,14.901258173340466,12.383415419996407,1
2023-12-14 19:30:00,282.84375,3778190.666666666,3625633.866666666,3778190.666666666,13.251629293307712,24.590825263342897,1
2023-12-14 19:32:00,272.1015625,6601435.733333332,5824088.0,6601435.733333332,14.716236191096769,20.12245589668358,1
2023-12-14 19:34:00,274.8046875,2818342.666666666,2610469.333333333,2818342.666666666,18.765798279976785,21.186992376654718,1
2023-12-14 19:36:00,282.17578125,2760399.466666667,2436997.066666667,2760399.466666667,16.734414713347274,26.65277900664175,1
2023-12-14 19:38:00,272.58984375,4261761.066666666,3850766.933333333,4261761.066666666,20.753448571130217,22.72762815332195,1
2023-12-14 19:40:00,275.67578125,7037480.533333332,6422703.2,7037480.533333332,19.198926131098734,19.2438149600154,1
2023-12-14 19:42:00,281.2890625,5383066.4,4770259.733333333,5383066.4,17.279130215530234,28.198964930003662,1
2023-12-14 19:44:00,283.87109375,3538901.333333333,3351297.333333333,3538901.333333333,15.454852597775039,16.372126733331243,1
2023-12-14 19:46:00,281.8359375,5562245.066666666,5000773.6,5562245.066666666,14.475829037773009,25.261731319963776,1
2023-12-14 19:48:00,276.44921875,5327058.133333334,5166709.333333333,5327058.133333334,13.202968744444664,24.429820483346706,1
2023-12-14 19:50:00,269.9765625,3686260.533333333,3182403.733333333,3686260.533333333,10.66377905553155,23.350788743312783,1
2023-12-14 19:52:00,272.05078125,4728198.4,4199029.866666666,4728198.4,16.395139364467465,27.5831950433106,1
2023-12-14 19:54:00,292.08984375,4763314.4,4455779.466666667,4763314.4,13.928117304458285,26.308709563309094,1
2023-12-14 19:56:00,276.1015625,5726488.8,5244248.266666667,5726488.8,23.1503423510973,26.19970387667612,1
2023-12-14 19:58:00,274.36328125,4580878.133333334,4211969.6,4580878.133333334,18.97357550000177,21.965993176660657,1
2023-12-14 20:00:00,294.44140625,5228846.4,4994546.133333334,5228846.4,10.706525428880315,13.699563013360605,1
2023-12-14 20:02:00,300.53125,5545090.2060137335,4880812.854190279,5545090.2060137335,10.567450621143138,23.19148118544816,1
2023-12-14 20:04:00,293.390625,4947757.066666666,4522372.266666667,4947757.066666666,15.441769564414345,21.24505942333296,1
2023-12-14 20:06:00,282.06640625,5049802.933333334,4467761.6,5049802.933333334,14.666457188884833,25.09155039670683,1
2023-12-14 20:08:00,296.7734375,4479956.528986231,4185511.084441777,4479956.528986231,9.377995230627086,23.974969523639334,1
2023-12-14 20:10:00,282.203125,4648822.666666667,4322589.066666666,4648822.666666667,19.937760904431343,19.559630240012968,1
2023-12-14 20:12:00,277.37109375,3392833.333333333,3015528.0,3392833.333333333,15.100290942225707,21.925184590024095,1
2023-12-14 20:14:00,275.1328125,4061287.7333333325,3617510.1333333324,4061287.7333333325,17.011873868889072,12.977777613317206,1
2023-12-14 20:16:00,273.37109375,5668130.666666668,5291837.866666666,5668130.666666668,14.491312362240729,9.720891733353103,1
2023-12-14 20:18:00,279.59765625,4711196.0,4403463.2,4711196.0,13.07646078002613,22.75211697332755,1
2023-12-14 20:20:00,270.515625,4447674.4,4100129.066666667,4447674.4,15.06299435778702,27.33060630668964,1
2023-12-14 20:22:00,277.421875,2412289.333333333,2028436.8,2412289.333333333,15.509919868911512,21.821621643321123,1
2023-12-14 20:24:00,278.4453125,4283554.933333334,3945477.333333334,4283554.933333334,18.514909617758047,22.17710743663095,1
2023-12-14 20:26:00,274.55859375,4345421.049123509,4045397.8537625815,4345421.049123509,14.17826452044478,31.291090318593998,1
2023-12-14 20:28:00,280.16796875,5466617.866666666,4897211.2,5466617.866666666,14.412799753352173,19.148330283351246,1
2023-12-14 20:30:00,282.78515625,5683382.4,5161538.133333334,5683382.4,13.736201075565381,14.594509173330152,1
2023-12-14 20:32:00,282.1328125,4453131.516627197,3875830.959607752,4453131.516627197,19.00571352078245,23.24542983222486,1
2023-12-14 20:34:00,277.515625,5689682.4,5166159.466666667,5689682.4,16.230522431109826,22.067062273369327,1
2023-12-14 20:36:00,283.15625,5659237.333333332,5321602.933333334,5659237.333333332,15.73889236444504,16.508442776685115,1
2023-12-14 20:38:00,276.0625,3809252.8,3701961.6,3809252.8,13.05090268000236,19.95935114333406,1
2023-12-14 20:40:00,279.66796875,4518406.666666667,4131049.333333334,4518406.666666667,13.46335757109854,18.718874199985294,1
2023-12-14 20:42:00,277.1640625,4893785.333333333,4421716.266666667,4893785.333333333,23.29761026666448,19.59909059335284,1
2023-12-14 20:44:00,279.25,2297891.733333333,2349638.666666666,2297891.733333333,16.35883814441816,11.60942961330875,1
2023-12-14 20:46:00,279.8671875,3558480.0,3419274.1333333333,3558480.0,15.95937850442068,30.99422719998984,1
2023-12-14 20:48:00,279.75390625,5594314.666666667,5028246.933333334,5594314.666666667,18.79837804001808,30.11022746999516,1
2023-12-14 20:50:00,272.76171875,5035834.4,4651255.733333333,5035834.4,12.200559351088788,26.519023849978108,1
2023-12-14 20:52:00,281.1953125,4973366.133333334,4475270.666666667,4973366.133333334,17.310755242231405,23.642484836648997,1
2023-12-14 20:54:00,282.19921875,3758426.137689615,3361014.8358059675,3758426.137689615,16.4225397632962,28.323495395896174,1
2023-12-14 20:56:00,288.59375,4233306.133333334,4070505.066666667,4233306.133333334,19.756267835554254,19.977652759989727,1
2023-12-14 20:58:00,292.62109375,4406927.466666667,4050050.933333333,4406927.466666667,16.14183668887967,19.450275483347166,1
2023-12-14 21:00:00,284.859375,4443849.866666666,4212863.466666667,4443849.866666666,9.883296322206863,22.068879103317162,1
2023-12-14 21:02:00,271.75390625,4042704.533333333,3796551.2,4042704.533333333,8.250965142215136,22.08163004334589,1
2023-12-14 21:04:00,275.84375,4516826.666666667,4182423.2,4516826.666666667,19.217852271103766,36.83976961668425,1
2023-12-14 21:06:00,279.2890625,3295385.8666666667,3090749.6,3295385.8666666667,21.602026984425414,19.296610723346628,1
2023-12-14 21:08:00,284.453125,5324997.333333333,4866568.266666667,5324997.333333333,13.85301397777059,19.01170865331854,1
2023-12-14 21:10:00,280.46484375,6172032.0,5760956.533333332,6172032.0,17.97361669777375,28.974302646674914,1
2023-12-14 21:12:00,287.87109375,4773496.533333333,4300504.8,4773496.533333333,9.492049108893195,24.38740599997497,1
2023-12-14 21:14:00,275.08984375,4012420.8,3601703.733333333,4012420.8,15.018819891103904,28.112112616654482,1
2023-12-14 21:16:00,274.71484375,4264008.534186752,3942726.5393205984,4264008.534186752,11.56074349655179,23.108819485277753,1
2023-12-14 21:18:00,280.80859375,3882670.133680034,3747815.048171483,3882670.133680034,13.620551868512496,18.893123869036483,1
2023-12-14 21:20:00,282.26171875,4642232.266666667,4282868.0,4642232.266666667,13.517563837780877,24.495357316676134,1
2023-12-14 21:22:00,282.1328125,4663702.666666667,4215488.266666667,4663702.666666667,14.516722348893788,22.334924050034413,1
2023-12-14 21:24:00,273.8671875,4476888.533333333,4196331.2,4476888.533333333,23.022969617773523,24.699781946692386,1
2023-12-14 21:26:00,274.94921875,4864919.877349687,4633176.10985202,4864919.877349687,13.761050937652456,21.178115057972335,1
2023-12-14 21:28:00,280.00390625,2794615.466666667,2605316.266666666,2794615.466666667,10.64583406667225,20.024911620033286,1
2023-12-14 21:30:00,269.921875,4429942.133333334,4102908.8,4429942.133333334,18.005566977792316,14.448520966689102,1
2023-12-14 21:32:00,273.52734375,4721853.066666666,4233384.533333333,4721853.066666666,13.203452320012731,26.900910893358134,1
2023-12-14 21:34:00,280.984375,3211109.6,3113412.266666666,3211109.6,18.302736177768868,24.81912789332758,1
2023-12-14 21:36:00,270.5859375,5469842.933333334,4918923.466666667,5469842.933333334,18.521502733314673,22.085303680020537,1
2023-12-14 21:38:00,277.22265625,5118565.866666666,4844203.733333333,5118565.866666666,9.197708784421492,20.987253133304574,1
2023-12-14 21:40:00,271.96484375,4139941.6,3705866.1333333324,4139941.6,15.874575651121429,24.326168103337604,1
2023-12-14 21:42:00,287.64453125,2268627.733333333,2262124.533333333,2268627.733333333,15.310639582231591,24.30082505001337,1
2023-12-14 21:44:00,277.15234375,4299574.4,3868601.6,4299574.4,11.251521559994822,23.18751249666093,1
2023-12-14 21:46:00,276.44921875,4488772.619722065,4077553.637484587,4488772.619722065,19.369571222280353,25.617606545119838,1
2023-12-14 21:48:00,283.49609375,3771398.666666666,3572519.733333333,3771398.666666666,15.930690388874304,27.40145894669695,1
2023-12-14 21:50:00,275.15625,4462456.266666667,4150177.066666667,4462456.266666667,14.732813211093244,21.245453666633694,1
2023-12-14 21:52:00,280.17578125,4524174.933333334,3982795.7333333325,4524174.933333334,15.198593602237654,19.940321873339904,1
2023-12-14 21:54:00,277.4765625,5294274.666666667,5073063.466666667,5294274.666666667,14.524506080003144,21.57108212665965,1
2023-12-14 21:56:00,286.86328125,6526791.466666668,6171515.466666668,6526791.466666668,18.09000938888251,13.332790100005994,1
2023-12-14 21:58:00,284.9375,5100749.333333333,4858714.4,5100749.333333333,12.777877342208132,23.293770443366768,1
2023-12-14 22:00:00,288.0234375,4708860.533333333,4425500.266666667,4708860.533333333,17.36737611554822,19.963126803340856,1
2023-12-14 22:02:00,273.734375,4325425.933948745,3795411.204052388,4325425.933948745,16.04076129572277,26.89275603025612,1
2023-12-14 22:04:00,295.87109375,2693349.6,2448287.733333333,2693349.6,18.030846095546924,23.65854146667213,1
2023-12-14 22:06:00,273.6640625,5052757.866666666,4733823.466666667,5052757.866666666,22.22554211110239,27.39585365998209,1
2023-12-14 22:08:00,287.04296875,4980479.2,4725638.666666667,4980479.2,16.392531239996767,26.474784223294893,1
2023-12-14 22:10:00,272.81640625,3634063.466666667,3325522.4,3634063.466666667,12.674890311124425,34.30662240333428,1
2023-12-14 22:12:00,282.0078125,4646570.933333334,4263805.066666666,4646570.933333334,21.706893508898148,25.0444878199778,1
2023-12-14 22:14:00,286.5703125,5119748.8,4840651.733333333,5119748.8,12.739549755545642,24.31352329663544,1
2023-12-14 22:16:00,284.34375,2923924.8,2673097.6,2923924.8,15.485192753322837,26.14839951997661,1
2023-12-14 22:18:00,289.89453125,2880199.2,2715292.8,2880199.2,21.502331575579273,25.363875513333674,1
2023-12-14 22:20:00,276.890625,4499374.4,4209981.6,4499374.4,6.426687977800611,26.60897554000258,1
2023-12-14 22:22:00,293.64453125,6350333.333333332,4547427.466666667,6350333.333333332,17.770635393325293,34.50516609329497,1
2023-12-14 22:24:00,307.8203125,5826715.2,3906322.933333333,5826715.2,20.097506571101906,23.473660320014464,1
2023-12-14 22:26:00,313.15234375,5957766.133333334,3724478.1333333324,5957766.133333334,16.170997106657726,23.236049159992643,1
2023-12-14 22:28:00,302.5625,6449431.466666668,4081581.6,6449431.466666668,12.370447971107852,26.403417813320022,1
2023-12-14 22:30:00,302.8515625,6460396.8,4371146.4,6460396.8,19.269421197758575,25.582293389985963,1
2023-12-14 22:32:00,306.9140625,6724016.266666668,4455872.533333333,6724016.266666668,12.962277464426329,22.987984796685247,1
2023-12-14 22:34:00,304.88671875,7086480.8,4681938.933333334,7086480.8,13.603343004425467,24.54196155667887,1
2023-12-14 22:36:00,309.26953125,6534753.333333332,4493676.266666667,6534753.333333332,14.512720964460945,22.45585972666352,1
2023-12-14 22:38:00,309.51953125,7059697.333333332,4755268.266666667,7059697.333333332,16.376948046640287,20.814935446687738,1
2023-12-14 22:40:00,305.83203125,5561560.266666667,4091063.7333333325,5561560.266666667,17.80003041775975,22.296208976670947,1
2023-12-14 22:42:00,308.5859375,5815322.4,3776175.466666667,5815322.4,13.683368444455686,24.601310846628625,1
2023-12-14 22:44:00,301.44140625,6652204.266666668,4368638.133333334,6652204.266666668,18.060614619979688,19.437797283317195,1
2023-12-14 22:46:00,314.0859375,6105186.745783052,3626542.0361357424,6105186.745783052,16.038130375343755,27.60569895330215,1
2023-12-14 22:48:00,309.359375,3917729.333333334,2852534.933333333,3917729.333333334,18.988414762231212,24.288613000001835,1
2023-12-14 22:50:00,311.52734375,5856367.733333332,4114607.466666667,5856367.733333332,16.724316619996294,20.118200106662695,1
2023-12-14 22:52:00,311.671875,8108393.6,5237175.466666667,8108393.6,17.796701777778157,22.18854512330533,1
2023-12-14 22:54:00,306.125,4820121.866666666,3390760.533333333,4820121.866666666,19.879124182205285,15.143393226705182,1
2023-12-14 22:56:00,311.9453125,7837681.333333332,5487876.266666667,7837681.333333332,17.679573897783282,19.389107236638665,1
2023-12-14 22:58:00,305.25390625,3881526.4,2846370.1333333333,3881526.4,20.754761553350058,24.60217101999054,1
2023-12-14 23:00:00,305.42578125,5015098.730465497,3709431.0752724,5015098.730465497,15.649270882889805,28.106255286392994,1
2023-12-14 23:02:00,305.25,5977731.466666668,4385354.666666667,5977731.466666668,22.119976568889495,25.69694357337236,1
2023-12-14 23:04:00,309.69140625,3111779.466666667,2141654.933333333,3111779.466666667,23.14042692221443,22.316343679995047,1
2023-12-14 23:06:00,317.19921875,8908714.4,6089566.133333334,8908714.4,23.19870587777889,24.444630986642252,1
2023-12-14 23:08:00,302.3671875,6515899.466666668,4423586.133333334,6515899.466666668,16.428498219983233,24.156663596659197,1
2023-12-14 23:10:00,312.390625,5729044.73035131,4100571.9618692086,5729044.73035131,13.317040166230454,24.665286940859986,1
2023-12-14 23:12:00,310.24609375,6375732.0446592225,4620544.309281786,6375732.0446592225,7.847216541701234,31.81019884020215,1
2023-12-14 23:14:00,312.92578125,6991166.933333334,4686243.466666667,6991166.933333334,18.40650727555233,26.23147878669745,1
2023-12-14 23:16:00,303.28515625,5617066.3998666005,4103455.727863932,5617066.3998666005,17.270125616147443,25.212367890650448,1
2023-12-14 23:18:00,316.984375,5120362.933333334,3621093.866666666,5120362.933333334,14.200771028893845,32.29627746002128,1
2023-12-14 23:20:00,306.234375,5998937.066666666,4203459.466666667,5998937.066666666,23.21988307110991,22.32290247668668,1
2023-12-14 23:22:00,313.1796875,8836193.866666667,5387780.0,8836193.866666667,19.068420091094197,38.212708233331796,1
2023-12-14 23:24:00,315.08203125,6524160.266666668,4319448.533333333,6524160.266666668,13.2769968688889,24.548203163334012,1
2023-12-14 23:26:00,311.48828125,5217137.866666666,3544586.933333333,5217137.866666666,26.56218870888956,25.504463483327218,1
2023-12-14 23:28:00,308.51953125,5471540.533333333,3912554.933333333,5471540.533333333,17.40896814444568,24.064343659993032,1
2023-12-14 23:30:00,313.453125,6972693.6,4529937.066666666,6972693.6,15.1848237133365,26.437672093355413,1
2023-12-14 23:32:00,309.70703125,3328150.666666666,2111550.933333333,3328150.666666666,18.24478541332711,19.53709158997905,1
2023-12-14 23:34:00,308.0625,8596585.066666666,5832994.933333334,8596585.066666666,13.84688615333289,24.76681712665595,1
2023-12-14 23:36:00,316.66015625,5362100.266666667,3663108.266666666,5362100.266666667,14.43991742889112,25.411710659973327,1
2023-12-14 23:38:00,303.9921875,5922063.2,4237273.066666666,5922063.2,15.153134324452065,38.55670155001765,1
2023-12-14 23:40:00,309.1875,8591007.466666667,5559742.133333334,8591007.466666667,21.773652819974814,35.011703796675036,1
2023-12-14 23:42:00,304.0859375,7412078.0234070225,5028947.6176186185,7412078.0234070225,15.386655252115832,27.78789527190583,1
2023-12-14 23:44:00,311.19140625,6306129.4752983535,4306677.511834122,6306129.4752983535,10.021290534940826,22.637102626853288,1
2023-12-14 23:46:00,306.28125,4073813.333333334,2717531.2,4073813.333333334,9.995750944459964,28.505529133350745,1
2023-12-14 23:48:00,311.54296875,6799768.533333332,4377185.333333333,6799768.533333332,13.888359124474745,23.44562957999491,1
2023-12-14 23:50:00,300.09375,6338709.866666666,4160205.066666667,6338709.866666666,14.772012333333905,23.302304493360378,1
2023-12-14 23:52:00,309.09765625,6854343.466666668,4515218.133333334,6854343.466666668,13.396329084450068,23.753666503325807,1
2023-12-14 23:54:00,312.49609375,7497997.066666666,5109351.466666667,7497997.066666666,7.841469668912598,20.80137624667259,1
2023-12-14 23:56:00,307.28125,6847472.38977572,4674937.181324358,6847472.38977572,15.732073631721814,11.974491205382366,1
2023-12-14 23:58:00,311.26953125,8453636.442400614,5760915.725282415,8453636.442400614,10.702512972757994,24.23015905230726,1
2023-12-15 00:00:00,307.3203125,5677351.466666668,4115477.333333334,5677351.466666668,20.965571011119106,29.477223446689703,1
2023-12-15 00:02:00,313.34765625,6478083.466666668,4270178.4,6478083.466666668,15.329411895557618,23.910710156633293,1
2023-12-15 00:04:00,307.41015625,6411888.266666668,4239776.0,6411888.266666668,17.243176664471527,24.36464525996901,1
2023-12-15 00:06:00,310.37109375,4304866.133333334,2840218.666666666,4304866.133333334,14.716099075546177,25.119445953362927,1
2023-12-15 00:08:00,313.5,6836721.066666666,4684593.333333333,6836721.066666666,20.31628785111631,30.965405019960603,1
2023-12-15 00:10:00,313.265625,7738851.2,5468898.4,7738851.2,13.152550264429816,13.220312269986605,1
2023-12-15 00:12:00,322.35546875,6701023.466666668,4535531.466666667,6701023.466666668,17.064037251111586,28.97188346333375,1
2023-12-15 00:14:00,313.05078125,3931538.933333333,2707778.666666666,3931538.933333333,21.39484009113706,37.88839837667183,1
2023-12-15 00:16:00,312.58203125,7105533.6,4561442.133333334,7105533.6,19.070158971137268,16.135960206690168,1
2023-12-15 00:18:00,304.46875,7419212.8,4994848.533333333,7419212.8,17.40985585557711,20.314526203340694,1
2023-12-15 00:20:00,312.296875,7316471.332911352,5059658.460205884,7316471.332911352,27.862465367382182,24.247204034399854,1
2023-12-15 00:22:00,304.859375,5811297.255843419,4053633.9568537227,5811297.255843419,12.100426185644196,20.410692307708498,1
2023-12-15 00:24:00,310.1953125,6402694.933333334,4256788.8,6402694.933333334,13.353059059979087,14.711086376676882,1
2023-12-15 00:26:00,314.875,6179288.8,3930495.7333333325,6179288.8,12.997659902224164,16.365465220005714,1
2023-12-15 00:28:00,311.4296875,6826697.336400306,4777946.861352801,6826697.336400306,21.82934152750553,28.66807930793691,1
2023-12-15 00:30:00,309.41796875,5702413.6,3787712.533333333,5702413.6,16.98219554220688,20.50311119664305,1
2023-12-15 00:32:00,306.59375,6570541.163922405,4450169.188720752,6570541.163922405,10.281277417084707,10.675454246394676,1
2023-12-15 00:34:00,309.96875,6892508.0,4415280.533333333,6892508.0,14.728204782230833,21.9445170033335,1
2023-12-15 00:36:00,311.78515625,6206448.8,4461098.933333334,6206448.8,13.541684415572991,20.48355052334955,1
2023-12-15 00:38:00,310.12109375,5779883.2,3859017.6,5779883.2,20.532780826680312,24.002968519974576,1
2023-12-15 00:40:00,310.7109375,3074639.733333333,2119539.2,3074639.733333333,20.448097044459754,25.074453483345376,1
2023-12-15 00:42:00,305.9765625,6723746.933333334,4571774.666666667,6723746.933333334,13.045307982214984,25.09861390669054,1
2023-12-15 00:44:00,310.05859375,4924214.666666667,3702096.533333333,4924214.666666667,14.37942112000504,23.440314103354467,1
2023-12-15 00:46:00,305.56640625,8324443.466666668,5521140.8,8324443.466666668,20.597703217774523,29.036688149984307,1
2023-12-15 00:48:00,316.48828125,7223233.333333332,4972766.133333334,7223233.333333332,13.875016359993927,29.250053966631327,1
2023-12-15 00:50:00,306.87890625,5724826.4,3976349.866666666,5724826.4,12.02292497111355,28.20806068664145,1
2023-12-15 00:52:00,308.4921875,3401724.8,2629114.933333333,3401724.8,18.757958679990324,28.52797480334023,1
2023-12-15 00:54:00,317.15234375,7164612.0,4846438.933333334,7164612.0,20.633851524423033,10.232943909989748,1
2023-12-15 00:56:00,310.66015625,7200692.533333332,4560886.133333334,7200692.533333332,15.303839562208545,28.781417449984776,1
2023-12-15 00:58:00,303.2421875,8752531.733333332,5811323.2,8752531.733333332,11.103185244428461,34.33627741668412,1
2023-12-15 01:00:00,312.1953125,2905578.4,2293074.4,2905578.4,18.453158213330127,25.827257373360528,1
2023-12-15 01:02:00,305.875,5384929.6,3590111.466666667,5384929.6,15.80635853997794,24.381918789974105,1
2023-12-15 01:04:00,306.47265625,7322071.2,4950826.133333334,7322071.2,17.145617768886346,20.324882213317323,1
2023-12-15 01:06:00,303.73046875,6044027.2,4427526.933333334,6044027.2,19.45676615555486,27.983159776631513,1
2023-12-15 01:08:00,319.37890625,6062361.333333332,4129889.333333334,6062361.333333332,24.950022257786866,16.07937574663083,1
2023-12-15 01:10:00,317.80859375,5962644.97416236,4107780.0966827804,5962644.97416236,22.37019875091527,27.283276062698068,1
2023-12-15 01:12:00,313.86328125,6145394.632438739,4135565.2608768125,6145394.632438739,23.96472508306315,23.999140520120893,1
2023-12-15 01:14:00,318.73046875,8064425.333333332,5649897.066666666,8064425.333333332,18.0756532222343,25.01441744000961,1
2023-12-15 01:16:00,306.58203125,6452550.4,4359972.8,6452550.4,13.804685651104796,27.07794702335377,1
2023-12-15 01:18:00,315.66796875,6585106.592893807,4481805.479634691,6585106.592893807,20.375832380080933,36.60495399639615,1
2023-12-15 01:20:00,311.01171875,5125841.866666666,4031539.466666667,5125841.866666666,19.503537324457692,30.602947743367015,1
2023-12-15 01:22:00,299.75390625,6837737.8372069765,4613257.661142419,6837737.8372069765,17.812143599309522,30.49143820067735,1
2023-12-15 01:24:00,305.65625,7101736.8,5084296.533333333,7101736.8,14.935095217790352,31.456893519983467,1
2023-12-15 01:26:00,308.11328125,5297412.533333333,3442520.0,5297412.533333333,16.33390418887656,20.8828102866634,1
2023-12-15 01:28:00,301.3828125,5488206.119592027,4234340.37730818,5488206.119592027,16.386740535088613,34.55741049928779,1
2023-12-15 01:30:00,305.87109375,4793497.6,3628552.533333333,4793497.6,15.748742244452135,14.089799356637132,1
2023-12-15 01:32:00,316.59375,7151298.4,4982521.6,7151298.4,9.410777137770005,14.329863236683499,1
2023-12-15 01:34:00,305.30859375,6000483.2,4063170.933333333,6000483.2,14.585077133346608,24.019087550016888,1
2023-12-15 01:36:00,320.4140625,3121944.453705865,2280210.9825625983,3121944.453705865,16.05401565923367,28.570750615145077,1
2023-12-15 01:38:00,334.9375,9829345.866666667,5377333.866666666,9829345.866666667,8.145321035570102,25.779429796675693,1
2023-12-15 01:40:00,342.21484375,12717423.733333332,6853527.733333332,12717423.733333332,17.61136998888105,17.184467746653052,1
2023-12-15 01:42:00,342.3359375,9750334.133333333,5387345.866666666,9750334.133333333,8.387144253324045,26.327498313330572,1
2023-12-15 01:44:00,338.296875,11832972.0,6947772.8,11832972.0,29.14700796665986,27.13988306335523,1
2023-12-15 01:46:00,338.2109375,10815539.93269583,5783062.273015026,10815539.93269583,20.11010399936579,21.877348532305692,1
2023-12-15 01:48:00,350.32421875,9401069.6,5316679.2,9401069.6,23.96010571110916,26.574679900028663,1
2023-12-15 01:50:00,342.2109375,7694374.562543746,4367987.467919875,7694374.562543746,6.379888004531555,21.090669166419254,1
2023-12-15 01:52:00,347.77734375,9952418.133333333,5555881.6,9952418.133333333,10.122724664462213,21.0999261699908,1
2023-12-15 01:54:00,352.80078125,7779529.866666666,4432261.6,7779529.866666666,16.892069506672367,18.279118270002073,1
2023-12-15 01:56:00,344.4765625,8120530.4,4542985.333333333,8120530.4,27.271474613323036,22.495432993358307,1
2023-12-15 01:58:00,340.8671875,8121329.066666666,4579305.066666666,8121329.066666666,20.44557006887367,16.76230673333824,1
2023-12-15 02:00:00,339.33984375,8456392.826188413,4500402.693512902,8456392.826188413,19.279037046916763,24.081333658879288,1
2023-12-15 02:02:00,354.11328125,5012645.866666666,2832315.2,5012645.866666666,14.324782113318278,20.305209303332962,1
2023-12-15 02:04:00,354.32421875,6422000.8,3886408.533333333,6422000.8,10.349709575562477,16.620241296671647,1
2023-12-15 02:06:00,337.1796875,8095168.0,4747639.466666667,8095168.0,20.56521165999584,27.16208718663741,1
2023-12-15 02:08:00,338.375,8122850.4,4715363.2,8122850.4,17.846670884432058,24.5343451067068,1
2023-12-15 02:10:00,335.9375,7444879.2,3777123.2,7444879.2,15.9822120644579,34.62942334333396,1
2023-12-15 02:12:00,353.96875,9260808.266666668,5561896.8,9260808.266666668,17.729491617808687,22.272069426689995,1
2023-12-15 02:14:00,344.15234375,10609725.866666667,5814809.6,10609725.866666667,22.626840759993588,30.28377345666134,1
2023-12-15 02:16:00,345.34375,8191295.2,4444467.466666667,8191295.2,17.547825164446188,22.66007614336559,1
2023-12-15 02:18:00,337.7109375,9029991.2,4855593.066666666,9029991.2,19.70924052445399,27.363883666645656,1
2023-12-15 02:20:00,342.671875,7850317.066666666,4212956.533333333,7850317.066666666,20.617914051108528,23.12561387002157,1
2023-12-15 02:22:00,342.31640625,7815375.466666668,4465064.266666667,7815375.466666668,26.24232704667116,35.33146985331162,1
2023-12-15 02:24:00,335.4921875,8298337.645019337,4620523.2697693035,8298337.645019337,21.155197839690747,32.47503656490342,1
2023-12-15 02:26:00,337.46484375,6849917.07772297,3837173.710171977,6849917.07772297,11.13765503934435,26.255659878693944,1
2023-12-15 02:28:00,339.46484375,7768800.533333332,4135219.7333333325,7768800.533333332,21.95978164223359,24.664058863321166,1
2023-12-15 02:30:00,340.29296875,9576733.333333334,5255648.0,9576733.333333334,26.88557878223947,31.896057726698928,1
2023-12-15 02:32:00,345.375,8270717.99486718,4681920.607939205,8270717.99486718,13.948789878781644,30.27705617439534,1
2023-12-15 02:34:00,340.859375,6777976.194445373,3500878.2049144804,6777976.194445373,8.906703546389434,16.96585624315963,1
2023-12-15 02:36:00,338.28515625,8066107.466666668,4321549.866666666,8066107.466666668,9.937921542247446,26.342725759993,1
2023-12-15 02:38:00,344.8125,7582180.387974135,4124703.953069795,7582180.387974135,14.782573535095944,16.93050312648049,1
2023-12-15 02:40:00,341.3515625,7468621.6,4087519.7333333325,7468621.6,19.694188822241916,24.163368076648716,1
2023-12-15 02:42:00,347.265625,8271946.933333334,4520856.266666667,8271946.933333334,10.888357251112918,32.94282221332348,1
2023-12-15 02:44:00,333.5625,4017306.1333333324,2339819.733333333,4017306.1333333324,15.75906319330291,25.18947107668889,1
2023-12-15 02:46:00,340.5078125,6608449.066666666,3466394.4,6608449.066666666,20.93012605777605,24.032169886680396,1
2023-12-15 02:48:00,346.08984375,7165465.066666666,3960634.666666666,7165465.066666666,8.018518259988115,31.500041543331466,1
2023-12-15 02:50:00,345.94140625,9190158.133333333,4966375.466666667,9190158.133333333,18.062185682227007,26.628695430020645,1
2023-12-15 02:52:00,337.328125,8777887.2,4386860.533333333,8777887.2,11.33042201778153,28.578851690011412,1
2023-12-15 02:54:00,345.43359375,9525748.0,5327472.0,9525748.0,25.96427655112671,35.77730848332673,1
2023-12-15 02:56:00,338.625,9220890.000333432,5587130.005668367,9220890.000333432,21.41376937524718,32.60438027411663,1
2023-12-15 02:58:00,345.890625,9667633.6,5122830.4,9667633.6,20.143054575536453,26.94941207334826,1
2023-12-15 03:00:00,341.0,11352454.133333333,6242778.4,11352454.133333333,18.431022646675245,24.405511280007588,1
2023-12-15 03:02:00,344.85546875,7981492.266666668,4786916.533333333,7981492.266666668,18.12873006222718,29.645156596670862,1
2023-12-15 03:04:00,343.59375,7805426.4,4333523.733333333,7805426.4,16.026178591095636,26.75493160335464,1
2023-12-15 03:06:00,339.71875,7615602.933333334,4492826.666666667,7615602.933333334,19.216013457787792,33.38762689003488,1
2023-12-15 03:08:00,339.390625,9766513.066666666,5369429.066666666,9766513.066666666,19.29017349333865,32.56092291664876,1
2023-12-15 03:10:00,336.90625,5585447.733333333,3064681.066666667,5585447.733333333,19.85124113778713,30.946080800010048,1
2023-12-15 03:12:00,344.57421875,9882492.8,5643006.4,9882492.8,16.097429211109148,32.42612139996102,1
2023-12-15 03:14:00,344.20703125,8262342.933333334,4624867.2,8262342.933333334,18.764305891106943,28.877115433327464,1
2023-12-15 03:16:00,347.47265625,8408201.6,4999643.733333333,8408201.6,14.385569497794176,23.70564268998957,1
2023-12-15 03:18:00,344.84375,11874879.466666667,6758331.2,11874879.466666667,16.85822197556263,31.17670043332813,1
2023-12-15 03:20:00,339.4921875,8376972.8,4664569.6,8376972.8,20.918178893334698,20.78728522663975,1
2023-12-15 03:22:00,344.0859375,9648420.266666668,5302026.4,9648420.266666668,22.280735697778358,33.20817822668081,1
2023-12-15 03:24:00,341.46875,8855772.8,4898676.533333333,8855772.8,16.399397586679296,21.19837361999089,1
2023-12-15 03:26:00,342.8359375,8568449.066666666,5121844.8,8568449.066666666,14.52475258223583,33.202555693327064,1
2023-12-15 03:28:00,339.55859375,7739393.066666666,4385898.133333334,7739393.066666666,14.57853508220675,26.059329233345732,1
2023-12-15 03:30:00,335.47265625,8795599.466666667,4788329.6,8795599.466666667,11.815077831108484,26.30684882669205,1
2023-12-15 03:32:00,336.05078125,4823073.866666666,2976471.466666667,4823073.866666666,14.649917259974046,28.082784556657614,1
2023-12-15 03:34:00,343.03515625,9663521.066666666,4731287.2,9663521.066666666,23.99209259113478,29.075594700019185,1
2023-12-15 03:36:00,339.51953125,7313632.533333332,4113780.8,7313632.533333332,11.059800828871731,22.53541853337083,1
2023-12-15 03:38:00,344.84765625,7028590.439362625,3853626.508433896,7028590.439362625,12.701468080120762,31.217954116942987,1
2023-12-15 03:40:00,344.98828125,8224193.866666666,4493771.733333333,8224193.866666666,18.026586548884453,33.6486150866646,1
2023-12-15 03:42:00,346.83984375,5107730.133333334,2820446.4,5107730.133333334,19.10457202220439,26.613383593357863,1
2023-12-15 03:44:00,337.59765625,8033669.066666666,4493508.533333333,8033669.066666666,12.557943835563492,29.59280530999725,1
2023-12-15 03:46:00,339.92578125,5059473.6,2923283.733333333,5059473.6,16.20538527330306,37.813715710023345,1
2023-12-15 03:48:00,345.26953125,7972227.466666668,4525885.6,7972227.466666668,19.06146694886653,23.9780662166595,1
2023-12-15 03:50:00,346.9609375,7818350.933333334,4417790.133333334,7818350.933333334,19.16349718667334,27.48088502999356,1
2023-12-15 03:52:00,339.53125,8809866.933333334,4676261.6,8809866.933333334,15.761913893317494,23.341074653338488,1
2023-12-15 03:54:00,341.63671875,7838543.82921948,4212739.426284188,7838543.82921948,19.020894100504464,23.208337688477716,1
2023-12-15 03:56:00,341.80859375,6710854.933333334,3947788.266666666,6710854.933333334,22.256279279988828,28.839466750020318,1
2023-12-15 03:58:00,341.57421875,10489259.859319264,5843381.938193819,10489259.859319264,16.675258736988507,27.808941170785452,1
2023-12-15 04:00:00,343.12890625,7246933.333333332,4132240.266666666,7246933.333333332,22.25578699775118,27.586662450000095,1
2023-12-15 04:02:00,339.5625,7943305.866666666,4694537.066666666,7943305.866666666,19.553894497771076,36.84159079328917,1
2023-12-15 04:04:00,339.6015625,11082164.043745,6106291.277674046,11082164.043745,18.901580325881998,24.50634026072194,1
2023-12-15 04:06:00,349.6640625,11874843.336554805,6610249.341820243,11874843.336554805,22.48327130781136,30.345998896927824,1
2023-12-15 04:08:00,341.5625,7210080.266666668,3935435.466666667,7210080.266666668,18.198066240001932,23.67193747336084,1
2023-12-15 04:10:00,344.68359375,11895544.0,6310922.666666668,11895544.0,23.378268419991304,29.80840404333625,1
2023-12-15 04:12:00,342.96875,7590763.466666668,4050167.466666667,7590763.466666668,12.820578664444232,18.95099238662321,1
2023-12-15 04:14:00,344.55859375,8059227.139429485,4489422.820581178,8059227.139429485,23.183569299285608,30.98468571051933,1
2023-12-15 04:16:00,353.88671875,8825920.138657423,4955299.780014666,8825920.138657423,18.766874568342555,24.839327201559826,1
2023-12-15 04:18:00,342.6171875,8044585.678090412,4558539.805307373,8044585.678090412,17.697266411083,27.495178317072398,1
2023-12-15 04:20:00,339.3515625,7200396.533333332,4069800.0,7200396.533333332,19.449624108900835,29.62916831000863,1
2023-12-15 04:22:00,344.984375,10886183.466666667,5733884.8,10886183.466666667,11.852111217772794,25.460179313328503,1
2023-12-15 04:24:00,339.1640625,4849741.866666666,2978658.933333333,4849741.866666666,20.48429764221914,24.492726049987446,1
2023-12-15 04:26:00,343.1484375,8804851.733333332,4907911.2,8804851.733333332,28.32066864221512,36.75231251996593,1
2023-12-15 04:28:00,341.546875,6529176.8,3651412.533333333,6529176.8,16.613987788894313,31.229433996680502,1
2023-12-15 04:30:00,339.2265625,5807005.565368081,3196766.621121738,5807005.565368081,15.602196454176974,25.94230424238775,1
2023-12-15 04:32:00,340.9375,6658498.132337245,4132613.927427961,6658498.132337245,18.9503011139255,25.354672762148372,1
2023-12-15 04:34:00,350.44921875,8014197.6,4469928.8,8014197.6,18.42326571999972,28.187587579983912,1
2023-12-15 04:36:00,343.1953125,10313289.333333334,5512562.666666667,10313289.333333334,8.357187982215288,28.072285456631413,1
2023-12-15 04:38:00,339.6796875,13427537.6,7155477.6,13427537.6,18.951603855562606,27.492489990011865,1
2023-12-15 04:40:00,344.48828125,9508562.933333334,5171930.933333334,9508562.933333334,27.56445710447022,24.360712833343616,1
2023-12-15 04:42:00,340.0078125,8022916.8,4478259.466666667,8022916.8,17.354171951107364,31.72478110335457,1
2023-12-15 04:44:00,339.00390625,9380426.133333333,5080856.8,9380426.133333333,18.582393937750663,30.543149986672987,1
2023-12-15 04:46:00,341.5625,5180524.0,2852124.0,5180524.0,19.32815715331041,34.01934317002693,1
2023-12-15 04:48:00,342.86328125,9628346.933333334,5397090.4,9628346.933333334,17.100586764443303,35.59246716666773,1
2023-12-15 04:50:00,337.98046875,5398449.6,2913085.333333333,5398449.6,25.709369513335535,14.08404852336389,1
2023-12-15 04:52:00,344.96484375,8604679.466666667,4930177.6,8604679.466666667,17.652221222201156,27.041679399990244,1
2023-12-15 04:54:00,339.7578125,8825824.0,5246098.666666667,8825824.0,21.67423079999733,28.417170719961486,1
2023-12-15 04:56:00,340.5546875,7786096.8,4457250.933333334,7786096.8,22.420913317764644,14.812409483371693,1
2023-12-15 04:58:00,353.25390625,9885745.066666666,5498587.2,9885745.066666666,19.169211195549,28.59601445331161,1
2023-12-15 05:00:00,343.63671875,9716597.066666666,5805940.266666668,9716597.066666666,18.27269011112448,33.64630354330681,1
2023-12-15 05:02:00,339.94140625,6234002.666666668,3291544.533333333,6234002.666666668,19.536280411120966,28.526575699991856,1
2023-12-15 05:04:00,345.08984375,8069298.666666668,4468488.0,8069298.666666668,20.88515571334736,38.97726149662049,1
2023-12-15 05:06:00,347.45703125,5994958.666666668,3453902.4,5994958.666666668,20.90292770221519,32.65510863668169,1
2023-12-15 05:08:00,338.18359375,9688771.2,5365638.4,9688771.2,18.231507848896502,32.37127707000278,1
2023-12-15 05:10:00,342.0859375,5872858.677162202,3379221.240118742,5872858.677162202,23.409566114106358,40.62236806308131,1
2023-12-15 05:12:00,344.359375,9110232.533333333,4767808.8,9110232.533333333,21.18734338223779,26.83641241999188,1
2023-12-15 05:14:00,347.92578125,5356734.133333334,3478595.2,5356734.133333334,20.02297692000866,44.29095160332509,1
2023-12-15 05:16:00,354.36328125,7429541.333333332,4527634.4,7429541.333333332,20.843063026679573,28.964782850040745,1
2023-12-15 05:18:00,339.75390625,9239369.6,5314310.666666667,9239369.6,17.788908682220303,16.66060243330624,1
2023-12-15 05:20:00,350.4453125,12025876.18761876,6665576.424309096,12025876.18761876,16.68106010602415,34.44548053802548,1
2023-12-15 05:22:00,339.39453125,9962006.267084474,5500812.320821389,9962006.267084474,17.505942700620402,32.61149782984909,1
2023-12-15 05:24:00,345.69140625,8982779.733333332,5276495.466666667,8982779.733333332,23.0625080510961,30.189542640000578,1
2023-12-15 05:26:00,338.12890625,7774948.161482814,4510405.973930727,7774948.161482814,19.677607356300395,31.533241377494303,1
2023-12-15 05:28:00,342.9140625,10190112.0,5886303.2,10190112.0,21.327592351105217,25.64043459996659,1
2023-12-15 05:30:00,341.21484375,7252802.133333334,3901421.333333334,7252802.133333334,17.21286918220964,29.35491936334681,1
2023-12-15 05:32:00,340.20703125,9577728.266666668,5370055.733333333,9577728.266666668,18.70685912888601,26.101615503333353,1
2023-12-15 05:34:00,341.94140625,7266838.4,3839796.8,7266838.4,31.42015292668172,34.539875403327954,1
2023-12-15 05:36:00,341.03125,3923052.0,2057442.4,3923052.0,23.441365666642213,29.792989496636434,1
2023-12-15 05:38:00,342.53515625,8770893.6,5073675.733333333,8770893.6,22.764122086680604,29.106296149984697,1
2023-12-15 05:40:00,404.08203125,8441911.466666667,4982971.733333333,8441911.466666667,13.310895644438766,22.394713576650247,1
2023-12-15 05:42:00,426.11328125,7994487.733333332,4568655.2,7994487.733333332,22.865457224446203,21.437923413371514,1
2023-12-15 05:44:00,347.26953125,8288479.733333332,4793510.133333334,8288479.733333332,8.544321728889676,20.359439710009607,1
2023-12-15 05:46:00,353.1953125,8028768.8,4582241.866666666,8028768.8,18.80990988222442,33.94877888999569,1
2023-12-15 05:48:00,359.140625,4834433.6,2743345.8666666667,4834433.6,17.042239155529792,20.860058853334827,1
2023-12-15 05:50:00,359.85546875,5070983.2,2665373.066666667,5070983.2,15.271578275553312,41.236137043306364,1
2023-12-15 05:52:00,354.65234375,9208672.8,5151357.066666666,9208672.8,18.838380940012733,28.33428799000103,1
2023-12-15 05:54:00,345.046875,8999885.066666666,5135431.2,8999885.066666666,26.42247877109589,30.173678213323,1
2023-12-15 05:56:00,344.85546875,8593589.333333334,5184367.466666667,8593589.333333334,20.231796684448554,14.577504419964194,1
2023-12-15 05:58:00,352.1953125,5831141.866666666,3062525.6,5831141.866666666,17.560242099991427,29.9304416233402,1
2023-12-15 06:00:00,351.9453125,7262919.2,3957659.466666667,7262919.2,18.398795346664787,22.474773829987196,1
2023-12-15 06:02:00,349.73046875,9358994.933333334,5163297.866666666,9358994.933333334,21.216311175537864,15.150749276654096,1
2023-12-15 06:04:00,342.35546875,4567870.133333334,2393617.066666667,4567870.133333334,21.426980477796555,34.63852588669397,1
2023-12-15 06:06:00,346.32421875,8687970.933333334,4625990.4,8687970.933333334,21.769942904453877,34.802297066683714,1
2023-12-15 06:08:00,340.96484375,5004340.533333333,2852088.0,5004340.533333333,20.052983093321217,25.365832440002126,1
2023-12-15 06:10:00,338.890625,8401317.333333334,4817014.933333334,8401317.333333334,18.301524213327667,28.267535963338254,1
2023-12-15 06:12:00,344.01171875,10338125.333333334,5592389.066666666,10338125.333333334,21.16948084000291,27.04663429996193,1
2023-12-15 06:14:00,345.03125,10468530.133333333,5945714.133333334,10468530.133333333,17.634362433325602,28.173924423317658,1
2023-12-15 06:16:00,345.140625,8325261.333333332,4544320.266666667,8325261.333333332,16.514334453353914,27.81353225000203,1
2023-12-15 06:18:00,345.12890625,9556059.733333332,5404283.733333333,9556059.733333332,20.699147971107678,24.61947821337769,1
2023-12-15 06:20:00,347.3515625,9201957.066666666,5081559.2,9201957.066666666,21.71952016224774,35.72188297999673,1
2023-12-15 06:22:00,348.75390625,9548519.2,5524405.066666666,9548519.2,17.801871204444772,21.231912709966615,1
2023-12-15 06:24:00,348.25390625,7152854.4,3940775.7333333325,7152854.4,18.308913668895713,20.567740446664786,1
2023-12-15 06:26:00,340.70703125,8363766.666666668,4709223.733333333,8363766.666666668,13.23837391999809,25.903084423334803,1
2023-12-15 06:28:00,342.71875,11219840.0,6429572.0,11219840.0,20.754190977798622,16.453298869989034,1
2023-12-15 06:30:00,340.3984375,8334696.533333332,4502288.533333333,8334696.533333332,22.4211732155527,27.804275950038573,1
2023-12-15 06:32:00,346.5234375,8490454.133333333,4749534.933333334,8490454.133333333,16.555419302215647,27.05213013997612,1
2023-12-15 06:34:00,348.484375,8528282.4,4640645.333333333,8528282.4,28.203388639990912,25.666503153333913,1
2023-12-15 06:36:00,340.9296875,4592249.333333333,2413651.466666667,4592249.333333333,20.276430537762483,27.805950423304843,1
2023-12-15 06:38:00,340.84375,8791582.666666666,5046025.6,8791582.666666666,29.883777806664714,33.54263086002902,1
2023-12-15 06:40:00,344.9609375,8262632.0,4767937.6,8262632.0,18.04531629333117,26.347958659995733,1
2023-12-15 06:42:00,343.3125,12609133.6,6868327.733333332,12609133.6,23.13680313999713,24.146364786671857,1
2023-12-15 06:44:00,345.8203125,7705858.542763815,3965063.662422505,7705858.542763815,16.256960800409573,15.344985730975216,1
2023-12-15 06:46:00,339.50390625,8604136.533333333,4706041.333333333,8604136.533333333,26.108246700023304,27.292948350028986,1
2023-12-15 06:48:00,349.30859375,4983032.8,2981816.8,4983032.8,15.548571635574465,22.038752319980027,1
2023-12-15 06:50:00,342.09375,7316775.466666668,4205404.8,7316775.466666668,18.62887616220784,31.01440749000176,1
2023-12-15 06:52:00,342.09375,7855367.466666668,4365665.6,7855367.466666668,11.310894424419125,25.437295146693934,1
2023-12-15 06:54:00,349.6484375,9856503.733333332,4984336.0,9856503.733333332,15.290856695533467,23.02205068330901,1
2023-12-15 06:56:00,349.6484375,8727899.2,4641781.6,8727899.2,15.770673022198027,24.135254216622947,1
2023-12-15 06:58:00,344.09375,5544478.666666667,2801298.1333333333,5544478.666666667,18.26444773776328,27.715351716663765,1
2023-12-15 07:00:00,349.6484375,8733659.466666667,4489561.6,8733659.466666667,17.794715606659235,23.144401203365607,1
2023-12-15 07:02:00,345.1953125,7569773.719465459,4385786.516479488,7569773.719465459,15.637011919459518,23.306542853336897,1
2023-12-15 07:04:00,354.70703125,10576474.666666666,5891887.466666668,10576474.666666666,9.744906951123589,25.00540990333927,1
2023-12-15 07:06:00,349.78125,8761809.333333334,4667369.066666666,8761809.333333334,19.307075262218454,26.572434570019446,1
2023-12-15 07:08:00,348.703125,6608962.804959339,3728703.3728836165,6608962.804959339,20.5959673843498,28.31268110917723,1
2023-12-15 07:10:00,343.1484375,8679931.466666667,4822660.0,8679931.466666667,19.167327755551213,24.80945066335456,1
2023-12-15 07:12:00,334.82421875,5390948.8,2806054.4,5390948.8,16.15655879777882,27.251507403319305,1
2023-12-15 07:14:00,350.25390625,6817999.466666668,3956370.4,6817999.466666668,15.322458966693375,21.78113576669905,1
2023-12-15 07:16:00,346.96875,8453739.733333332,4562966.133333334,8453739.733333332,10.228521771108113,13.048559743328953,1
2023-12-15 07:18:00,341.62890625,9439536.0,5364011.733333333,9439536.0,21.298850933316213,32.88445584999862,1
2023-12-15 07:20:00,351.6328125,8368052.8,4685703.466666667,8368052.8,18.21777499109481,26.45169175336681,1
2023-12-15 07:22:00,345.24609375,8776477.333333334,5086249.6,8776477.333333334,9.364525308903671,28.06211299665544,1
2023-12-15 07:24:00,345.51171875,4979437.866666666,2782630.1333333333,4979437.866666666,17.436280662239167,43.861807680029116,1
2023-12-15 07:26:00,341.87109375,9605079.2,5360820.266666667,9605079.2,24.8920910333335,31.148858633338627,1
2023-12-15 07:28:00,349.28125,9513340.8,5461958.133333334,9513340.8,25.658439975555268,25.875920233326426,1
2023-12-15 07:30:00,344.390625,6295816.8,3712494.4,6295816.8,11.047696051084332,27.369059876655232,1
2023-12-15 07:32:00,345.25390625,7141727.466666668,3766139.466666667,7141727.466666668,21.826030142223722,31.802404556656256,1
2023-12-15 07:34:00,347.01171875,6104534.4,3694136.0,6104534.4,13.673339499994958,29.397998676674128,1
2023-12-15 07:36:00,350.12890625,8024275.733333332,4456779.466666667,8024275.733333332,12.057470991114517,17.61716489001022,1
2023-12-15 07:38:00,348.74609375,8397104.0,4699535.2,8397104.0,16.437874535557867,34.44688478669074,1
2023-12-15 07:40:00,342.91796875,6474013.333333332,3824861.866666666,6474013.333333332,9.26552429555967,40.56109638666385,1
2023-12-15 07:42:00,345.17578125,7822326.133333334,4441634.933333334,7822326.133333334,17.255383277790518,30.275842623329183,1
2023-12-15 07:44:00,345.94140625,6918661.066666666,4159424.533333333,6918661.066666666,22.752187068884567,20.11011747997448,1
2023-12-15 07:46:00,345.9140625,6152670.133333334,2906757.8666666667,6152670.133333334,19.229239235541574,13.103931369987547,1
2023-12-15 07:48:00,345.84765625,7947240.0,4396622.4,7947240.0,18.983693046676407,27.41390549335241,1
2023-12-15 07:50:00,347.41796875,4376465.866666666,2565584.533333333,4376465.866666666,20.771847126662678,24.92865686998509,1
2023-12-15 07:52:00,349.4609375,9916766.4,5312424.0,9916766.4,25.31057841555189,14.802367523322273,1
2023-12-15 07:54:00,343.8984375,10509315.201813152,5410409.092424091,10509315.201813152,15.233351167102187,27.589199513380123,1
2023-12-15 07:56:00,343.0859375,7983866.4,4551158.666666667,7983866.4,23.1842557933285,42.22690991999116,1
2023-12-15 07:58:00,346.72265625,8654232.0,4891818.666666667,8654232.0,23.125186522213173,35.08013139333343,1
2023-12-15 08:00:00,347.55078125,8063851.2,4160178.933333333,8063851.2,19.86608951556264,17.18824783665089,1
2023-12-15 08:02:00,341.33203125,9951358.133333333,5826777.6,9951358.133333333,13.668598651129287,36.96248073334573,1
2023-12-15 08:04:00,344.91796875,9629690.89211895,5595796.2394985985,9629690.89211895,19.480809027871302,27.02342751702445,1
2023-12-15 08:06:00,342.0,6968074.666666668,4066897.066666667,6968074.666666668,10.3258974444341,28.92525962000946,1
2023-12-15 08:08:00,348.390625,10751912.266666668,5903670.933333334,10751912.266666668,18.58042339335144,33.170999790017966,1
2023-12-15 08:10:00,348.3984375,8116817.866666666,4254284.533333333,8116817.866666666,16.1001505533285,28.63090686000457,1
2023-12-15 08:12:00,343.5,7225912.533333332,4000861.866666666,7225912.533333332,22.92676489334553,40.54134340335926,1
2023-12-15 08:14:00,349.1015625,7411140.0,3888022.666666666,7411140.0,9.892568760001774,27.635253313298254,1
2023-12-15 08:16:00,349.1015625,7518589.866666666,4097250.933333333,7518589.866666666,11.672154831111484,29.340323479991635,1
2023-12-15 08:18:00,349.078125,9437926.666666666,5304892.0,9437926.666666666,15.336092660016018,27.275010683321554,1
2023-12-15 08:20:00,347.125,6618564.8,3789727.7333333325,6618564.8,17.594586995546702,19.44693850668652,1
2023-12-15 08:22:00,325.015625,8700004.8,5848384.0,8700004.8,11.63856965334465,21.700281006633304,1
2023-12-15 08:24:00,311.4609375,5417421.866666666,3889114.933333333,5417421.866666666,18.196284902191515,24.432377680010784,1
2023-12-15 08:26:00,323.140625,4185034.1333333324,2777482.1333333333,4185034.1333333324,24.760545664434577,24.232172213329854,1
2023-12-15 08:28:00,316.2421875,6266733.866666666,4474100.0,6266733.866666666,19.20517019335724,36.3189935166641,1
2023-12-15 08:30:00,314.21875,5469213.066666666,3501029.8666666667,5469213.066666666,17.31262454223017,22.7677432866282,1
2023-12-15 08:32:00,317.14453125,5435207.466666667,3963952.266666666,5435207.466666667,11.086512091116877,27.81495900999289,1
2023-12-15 08:34:00,312.609375,4242549.6,2964731.466666667,4242549.6,13.642492091102113,39.12968788334789,1
2023-12-15 08:36:00,317.3984375,9821035.21878335,6238728.121664886,9821035.21878335,17.724992371488298,32.91558791351951,1
2023-12-15 08:38:00,316.8828125,5535868.8,3734070.1333333324,5535868.8,16.11138577333703,26.256438863347288,1
2023-12-15 08:40:00,312.890625,6949349.866666666,4764652.533333333,6949349.866666666,8.986066577749119,12.598977006661393,1
2023-12-15 08:42:00,324.75390625,9193927.733333332,6335680.266666668,9193927.733333332,15.815931104427564,24.145210616649518,1
2023-12-15 08:44:00,325.58203125,6511760.0,4556326.4,6511760.0,12.326775586665866,24.262902726671506,1
2023-12-15 08:46:00,312.2578125,5606239.466666667,4012449.333333334,5606239.466666667,13.747433684442914,23.250508916680698,1
2023-12-15 08:48:00,318.8359375,9558733.066666666,6636693.066666666,9558733.066666666,17.607499479975864,22.85212934667167,1
2023-12-15 08:50:00,310.640625,5831676.266666668,4350841.066666666,5831676.266666668,14.345192551134259,11.721539766634429,1
2023-12-15 08:52:00,309.640625,7171781.333333332,4857086.133333334,7171781.333333332,16.908266595564786,33.08857073333153,1
2023-12-15 08:54:00,317.33203125,10002184.0,6761012.8,10002184.0,18.55710926000029,26.328037180016214,1
2023-12-15 08:56:00,313.546875,3803415.8082474913,2742247.02470247,3803415.8082474913,14.349759962636625,22.608202943631078,1
2023-12-15 08:58:00,318.37109375,7443081.272084806,5115736.782452163,7443081.272084806,16.4701496833017,22.145483575580272,1
2023-12-15 09:00:00,315.78515625,5718080.0,3858546.933333333,5718080.0,25.41235549776401,16.459698516652374,1
2023-12-15 09:02:00,317.3125,6090201.333333332,3897381.333333334,6090201.333333332,20.865773060003352,26.814691473361254,1
2023-12-15 09:04:00,311.52734375,6646454.666666668,4732218.933333334,6646454.666666668,14.916829024441538,27.10997327332734,1
2023-12-15 09:06:00,321.65234375,5565021.134742317,4044100.006667112,5565021.134742317,16.625165064350778,23.76512028469057,1
2023-12-15 09:08:00,315.21875,8890506.933333334,6378389.333333332,8890506.933333334,21.988715077782725,30.55325040666503,1
2023-12-15 09:10:00,310.765625,3471377.3044925127,2577178.8352745418,3471377.3044925127,17.020942737650294,15.627522159690509,1
2023-12-15 09:12:00,315.171875,6140001.6,4019841.333333334,6140001.6,13.929955968891996,35.160773583338596,1
2023-12-15 09:14:00,313.6328125,4137521.6,2777761.8666666667,4137521.6,19.081931588880245,17.911572316661477,1
2023-12-15 09:16:00,322.1171875,8100957.333333332,5653302.933333334,8100957.333333332,16.977786666668383,25.156147446687104,1
2023-12-15 09:18:00,315.80078125,6833805.333333332,4967424.0,6833805.333333332,17.305440517763294,32.28895628334916,1
2023-12-15 09:20:00,323.66796875,5994596.0,4043221.6,5994596.0,15.836252828885335,25.77186503665871,1
2023-12-15 09:22:00,322.73046875,3591272.8,2445487.466666667,3591272.8,20.553101580007933,31.48296150999765,1
2023-12-15 09:24:00,315.04296875,7962557.866666666,5276304.8,7962557.866666666,15.910950893335714,19.373346213348366,1
2023-12-15 09:26:00,321.66796875,5595884.0,3745958.933333333,5595884.0,13.48980077335404,23.157107729978932,1
2023-12-15 09:28:00,311.04296875,6994954.4,4938605.866666666,6994954.4,8.8371744577954,22.59491031334619,1
2023-12-15 09:30:00,325.08984375,4788726.4,2994330.4,4788726.4,19.043184593352233,21.17247650666589,1
2023-12-15 09:32:00,316.76953125,6986097.6,4453402.666666667,6986097.6,20.897926999993306,20.814650760003133,1
2023-12-15 09:34:00,313.69140625,6191765.333333332,3938797.866666666,6191765.333333332,19.502070111112612,24.855959006623987,1
2023-12-15 09:36:00,317.57421875,7563318.933333334,5136240.0,7563318.933333334,22.90722747333348,23.30248596665721,1
2023-12-15 09:38:00,314.8828125,6563058.933333334,4813679.2,6563058.933333334,14.004222431103699,32.06436472333735,1
2023-12-15 09:40:00,317.07421875,3758295.7333333325,2752625.333333333,3758295.7333333325,18.157301886660406,26.47074233997652,1
2023-12-15 09:42:00,313.22265625,7636138.933333334,4930603.2,7636138.933333334,16.872629475546997,29.596918663349552,1
2023-12-15 09:44:00,322.2890625,4073412.8,2867340.533333333,4073412.8,16.395742519978537,25.31404001667397,1
2023-12-15 09:46:00,311.05859375,5524468.0,3720179.7333333325,5524468.0,21.97557357776936,14.934814649993012,1
2023-12-15 09:48:00,313.69140625,8083096.533333332,5470814.666666667,8083096.533333332,16.515858808901005,24.880198536654163,1
2023-12-15 09:50:00,315.83984375,3685357.866666666,2539427.733333333,3685357.866666666,17.143820271109387,21.41589538664751,1
2023-12-15 09:52:00,320.984375,6665928.0,4474908.8,6665928.0,15.50387019333559,23.744535590036932,1
2023-12-15 09:54:00,313.67578125,7667247.6752324775,5141853.0146985315,7667247.6752324775,19.900035920840786,28.24244731193027,1
2023-12-15 09:56:00,321.85546875,6929990.933333334,4849051.2,6929990.933333334,23.886214320017547,22.322197323325483,1
2023-12-15 09:58:00,323.484375,3532205.066666667,2390402.1333333333,3532205.066666667,17.16957522886029,16.772659953324663,1
2023-12-15 10:00:00,319.5546875,6693663.733333332,4553201.333333333,6693663.733333332,19.271062355546746,26.68105491999692,1
2023-12-15 10:02:00,319.27734375,6942793.333333332,4706082.933333334,6942793.333333332,19.08303780888673,25.658851503346032,1
2023-12-15 10:04:00,312.37890625,7828227.466666668,5288163.2,7828227.466666668,15.931804922228265,29.459047086663,1
2023-12-15 10:06:00,320.25390625,8502102.4,6225662.933333334,8502102.4,10.292315159976068,24.60372727000504,1
2023-12-15 10:08:00,323.8671875,6579119.9546711985,4341993.00069993,6579119.9546711985,16.971503554087807,29.90036172383133,1
2023-12-15 10:10:00,311.75390625,6316151.733333332,4281708.8,6316151.733333332,19.792846264446982,28.273160959991703,1
2023-12-15 10:12:00,314.64453125,3904449.866666666,2862660.266666666,3904449.866666666,16.726421706682437,20.988340170006264,1
2023-12-15 10:14:00,318.6953125,6688497.333333332,4486677.6,6688497.333333332,11.934086844428547,31.395677753316704,1
2023-12-15 10:16:00,309.5,5644254.4,3990161.6,5644254.4,15.070882828893245,25.841666179961372,1
2023-12-15 10:18:00,312.40625,5848533.866666666,4380241.866666666,5848533.866666666,16.077360246660344,25.305763843352903,1
2023-12-15 10:20:00,312.91015625,6698353.333333332,4555600.8,6698353.333333332,18.293769373332104,35.05122490004093,1
2023-12-15 10:22:00,317.36328125,6250729.066666666,4024806.1333333324,6250729.066666666,14.581723508890716,26.016650076635422,1
2023-12-15 10:24:00,319.87109375,6757817.866666666,4748277.333333333,6757817.866666666,9.460928351133283,14.215806273326356,1
2023-12-15 10:26:00,317.7421875,7075341.866666666,4812425.066666666,7075341.866666666,17.795709408884353,31.357032346665317,1
2023-12-15 10:28:00,314.44921875,7646091.466666668,4898645.6,7646091.466666668,9.073509075581873,21.991488923328387,1
2023-12-15 10:30:00,314.61328125,7153073.066666666,4938513.6,7153073.066666666,15.049245691108002,35.455494213335136,1
2023-12-15 10:32:00,320.390625,6013019.2,3999613.066666667,6013019.2,15.877708988878615,21.917939333361574,1
2023-12-15 10:34:00,309.12109375,6371388.533333332,4284581.866666666,6371388.533333332,17.078971693344,33.852694616653025,1
2023-12-15 10:36:00,311.0078125,7842255.2,5675979.2,7842255.2,17.035389735570387,24.43186511334109,1
2023-12-15 10:38:00,313.63671875,6161033.866666666,4131980.8,6161033.866666666,15.130894646669429,24.556962403342677,1
2023-12-15 10:40:00,320.234375,6634254.133333334,4358764.8,6634254.133333334,16.34554811332944,24.91097496667256,1
2023-12-15 10:42:00,313.2421875,4639218.666666667,3414064.533333333,4639218.666666667,17.33414211333083,32.460786896651065,1
2023-12-15 10:44:00,314.40234375,9254351.466666667,6220317.6,9254351.466666667,17.767665595585843,23.158122539995627,1
2023-12-15 10:46:00,321.62109375,7167480.8,5034730.133333334,7167480.8,15.141000913346133,25.569538460016087,1
2023-12-15 10:48:00,315.38671875,8594433.066666666,5658305.066666666,8594433.066666666,22.435019957774788,24.52619158003169,1
2023-12-15 10:50:00,325.63671875,6871360.682507413,4706567.134335322,6871360.682507413,19.47851407338602,28.860713430197183,1
2023-12-15 10:52:00,313.28515625,7230034.666666668,4591251.466666667,7230034.666666668,25.350934088896288,30.077561713308874,1
2023-12-15 10:54:00,316.2890625,5766234.133333334,4009088.0,5766234.133333334,16.063907259991133,24.94000065998989,1
2023-12-15 10:56:00,324.0390625,6722060.8,4555485.066666666,6722060.8,17.668171931096975,20.061852056630112,1
2023-12-15 10:58:00,319.75,5887018.666666668,4198631.466666667,5887018.666666668,10.417649251111369,25.07851174334064,1
2023-12-15 11:00:00,311.77734375,4346480.533333333,2870356.0,4346480.533333333,19.42493788445265,27.806760163318057,1
2023-12-15 11:02:00,309.5234375,7485552.0,5133961.866666666,7485552.0,18.842085611120442,24.76896438999877,1
2023-12-15 11:04:00,310.609375,6343562.133333334,4420755.2,6343562.133333334,19.118550724459862,19.14509764663914,1
2023-12-15 11:06:00,310.14453125,8376097.333333332,5333701.6,8376097.333333332,18.7067754666916,38.561569609980026,1
2023-12-15 11:08:00,313.01171875,5671514.933333334,3784380.0,5671514.933333334,15.905803206648367,15.98448811666458,1
2023-12-15 11:10:00,314.53515625,6623832.533333332,4591872.8,6623832.533333332,21.68664829776389,24.960906046665823,1
2023-12-15 11:12:00,321.328125,4999937.866666666,3334512.533333333,4999937.866666666,15.27763332890269,16.79071171670027,1
2023-12-15 11:14:00,322.23046875,6586839.466666668,4620339.2,6586839.466666668,15.533922962204088,23.34644600336712,1
2023-12-15 11:16:00,317.49609375,5417783.2,3945652.533333333,5417783.2,18.134105511093768,30.295076639983264,1
2023-12-15 11:18:00,322.28515625,5936381.333333332,4307150.133333334,5936381.333333332,19.590568906666398,21.71054178664539,1
2023-12-15 11:20:00,316.96484375,6581101.6,4546880.533333333,6581101.6,7.287142053343512,26.7857473466817,1
2023-12-15 11:22:00,311.7578125,8178265.630731268,5570481.976724799,8178265.630731268,18.86172499471693,22.233285728131374,1
2023-12-15 11:24:00,315.63671875,6195095.053992801,4274063.991467805,6195095.053992801,25.425204015047537,29.35668009261587,1
2023-12-15 11:26:00,312.73828125,7078425.757424258,5123608.705796087,7078425.757424258,10.748773620436623,30.234398896759938,1
2023-12-15 11:28:00,312.109375,6385935.466666668,4461694.4,6385935.466666668,20.84291058663641,31.16173937999217,1
2023-12-15 11:30:00,313.57421875,7683745.066666666,5196778.4,7683745.066666666,17.221646031119036,25.86926087669175,1
2023-12-15 11:32:00,317.703125,5631543.169544636,3652170.9447296485,5631543.169544636,16.35392085696015,29.60534627976685,1
2023-12-15 11:34:00,312.0546875,6519158.133333334,4693393.6,6519158.133333334,18.439712266683475,22.366980363294715,1
2023-12-15 11:36:00,323.02734375,5066151.466666667,3331816.266666666,5066151.466666667,23.433174639972602,16.293593793331336,1
2023-12-15 11:38:00,292.453125,2578602.4,2346603.466666667,2578602.4,19.922475137767226,12.33235430001514,1
2023-12-15 11:40:00,279.9765625,2826997.8666666667,2541201.333333333,2826997.8666666667,14.140076948905413,11.887860723315196,1
2023-12-15 11:42:00,282.4296875,3999389.2519002524,3573234.8313108413,3999389.2519002524,16.053217482317148,30.303723296447586,1
2023-12-15 11:44:00,288.3515625,4576243.2,4330121.866666666,4576243.2,8.295439713337045,26.301715306666054,1
2023-12-15 11:46:00,289.15625,2487718.371837184,2377625.4958829214,2487718.371837184,18.706162625129217,13.641739270607815,1
2023-12-15 11:48:00,287.3828125,3969014.4,3729552.533333333,3969014.4,16.266648848864456,27.820380470026674,1
2023-12-15 11:50:00,287.23828125,4702827.466666667,4474693.066666666,4702827.466666667,21.124668460009467,25.276295356694995,1
2023-12-15 11:52:00,288.63671875,4499494.884185969,4047705.64905849,4499494.884185969,8.784187915353945,25.41244639889164,1
2023-12-15 11:54:00,288.63671875,5472659.466666667,5054863.2,5472659.466666667,13.670242868894196,15.458027830027275,1
2023-12-15 11:56:00,279.15625,3690849.066666667,3434150.933333333,3690849.066666667,16.827948520011784,25.114069310026636,1
2023-12-15 11:58:00,282.19921875,3839098.666666666,3572028.533333333,3839098.666666666,15.41613146889075,23.602378373325333,1
2023-12-15 12:00:00,285.73046875,5443477.866666666,4920385.866666666,5443477.866666666,17.58967194444267,24.23690993663816,1
2023-12-15 12:02:00,291.18359375,4014902.1333333324,3668404.266666666,4014902.1333333324,14.381656591107864,13.676349380014775,1
2023-12-15 12:04:00,283.67578125,4877972.8,4394450.933333334,4877972.8,10.053830444424722,19.921540573316936,1
2023-12-15 12:06:00,278.0234375,6541517.581575177,6232164.783521648,6541517.581575177,14.520295334889802,29.173290127657083,1
2023-12-15 12:08:00,277.625,5451549.866666666,4925521.066666666,5451549.866666666,18.296440506657948,23.297310623311205,1
2023-12-15 12:10:00,286.671875,4243242.133333334,3845661.333333334,4243242.133333334,21.444915140002397,18.93135817997973,1
2023-12-15 12:12:00,277.171875,4333441.6,3961308.533333333,4333441.6,15.199189331097944,27.26706952331976,1
2023-12-15 12:14:00,286.171875,4552805.066666666,4233232.266666667,4552805.066666666,12.62705104444952,13.139145013313586,1
2023-12-15 12:16:00,277.99609375,5301025.066666666,5100755.466666667,5301025.066666666,15.84636387111257,25.22796169665525,1
2023-12-15 12:18:00,280.125,4532553.6,4215573.333333333,4532553.6,9.624956820011397,25.52447490001214,1
2023-12-15 12:20:00,285.09375,2482686.933333333,2286556.266666666,2482686.933333333,15.692559153346036,15.106726966672188,1
2023-12-15 12:22:00,278.2421875,2454271.2,2346891.466666667,2454271.2,7.8363632933340135,21.037312050029872,1
2023-12-15 12:24:00,283.34375,6236162.016201619,5783993.599359935,6236162.016201619,20.22665610782936,21.31150527385404,1
2023-12-15 12:26:00,281.703125,3765391.466666667,3448630.666666666,3765391.466666667,17.494285517799046,23.458917196646023,1
2023-12-15 12:28:00,278.1953125,3773005.866666666,3469062.666666666,3773005.866666666,14.407053226637395,25.166575853315106,1
2023-12-15 12:30:00,278.546875,3833815.2,3667934.1333333324,3833815.2,7.922122242226679,23.787483173315806,1
2023-12-15 12:32:00,279.66796875,6276928.0,5684029.333333332,6276928.0,19.014580335578003,16.288980983323807,1
2023-12-15 12:34:00,280.4140625,4651358.666666667,4266653.866666666,4651358.666666667,13.453942373323825,22.897553093353054,1
2023-12-15 12:36:00,281.65625,2904579.466666667,2735334.666666666,2904579.466666667,17.921988171098445,30.24273428003653,1
2023-12-15 12:38:00,277.05078125,3974104.266666666,3719121.6,3974104.266666666,14.89977392442395,22.48538574000122,1
2023-12-15 12:40:00,284.8671875,4572789.066666666,4246757.6,4572789.066666666,14.97745395780334,14.607994863326896,1
2023-12-15 12:42:00,273.91796875,2407913.066666667,2238764.266666666,2407913.066666667,15.304528946677845,21.99018634336729,1
2023-12-15 12:44:00,284.765625,4302066.133333334,3959841.6,4302066.133333334,20.32722895334397,21.68270290334476,1
2023-12-15 12:46:00,283.22265625,4040784.533333333,3828597.066666667,4040784.533333333,14.467869335559143,19.6198992166804,1
2023-12-15 12:48:00,279.84375,4035998.933333333,3557797.066666667,4035998.933333333,13.088573457789607,24.346989480012173,1
2023-12-15 12:50:00,280.55078125,4389146.4,4096050.933333333,4389146.4,24.721693117753606,25.490136059961515,1
2023-12-15 12:52:00,282.45703125,4073331.2,3606211.7333333325,4073331.2,21.781400657782804,26.498285783309253,1
2023-12-15 12:54:00,278.45703125,4615628.533333333,4302890.4,4615628.533333333,17.612707182221733,20.2127505466342,1
2023-12-15 12:56:00,277.94140625,3895386.933333333,3450596.533333333,3895386.933333333,13.752739224421225,23.876754136678446,1
2023-12-15 12:58:00,281.48046875,4305346.666666667,3965492.533333333,4305346.666666667,15.983989860008784,28.093040696694523,1
2023-12-15 13:00:00,283.49609375,5076501.616289532,4651690.872129837,5076501.616289532,16.670137383515836,24.334758083086843,1
2023-12-15 13:02:00,283.49609375,4721602.933333334,4257980.266666667,4721602.933333334,19.899945051131198,27.325571423328558,1
2023-12-15 13:04:00,287.1171875,5912986.133333334,5422134.666666667,5912986.133333334,17.03139821109491,26.15966403662848,1
2023-12-15 13:06:00,274.9921875,4240206.133333334,3849289.333333334,4240206.133333334,9.358068493343632,14.503828939972058,1
2023-12-15 13:08:00,281.1171875,4024399.466666667,3577027.466666667,4024399.466666667,13.637355431112358,20.883462773296444,1
2023-12-15 13:10:00,283.203125,4065848.0,3708102.4,4065848.0,12.90108140887848,26.261921023299994,1
2023-12-15 13:12:00,284.44921875,3701151.466666667,3417315.466666667,3701151.466666667,12.501090982210975,22.331828299987446,1
2023-12-15 13:14:00,287.3046875,4307524.0,4016239.466666667,4307524.0,16.617881584453347,29.54543554335639,1
2023-12-15 13:16:00,280.63671875,4678745.416972202,4224049.063395773,4678745.416972202,15.657216421141312,25.379693520460624,1
2023-12-15 13:18:00,278.26953125,4445568.266666667,4084751.2,4445568.266666667,8.001625931097402,29.091978853345307,1
2023-12-15 13:20:00,280.94140625,3823036.8,3644070.666666666,3823036.8,15.277744806662664,27.396011459980702,1
2023-12-15 13:22:00,287.23046875,4449342.933333334,3940581.866666666,4449342.933333334,11.542735655546293,22.29025290667778,1
2023-12-15 13:24:00,277.08203125,2487017.8666666667,2443528.266666666,2487017.8666666667,18.72602365332164,30.149254823336378,1
2023-12-15 13:26:00,277.88671875,4464517.866666666,4193894.4,4464517.866666666,8.773405682230885,10.354403453335786,1
2023-12-15 13:28:00,276.83984375,4395055.733333333,4068841.066666667,4395055.733333333,14.167961742237413,23.623699586702667,1
2023-12-15 13:30:00,280.46484375,5123106.933333334,4505342.666666667,5123106.933333334,16.284759077793247,34.731233843291804,1
2023-12-15 13:32:00,278.46484375,4063074.666666666,3590627.733333333,4063074.666666666,16.445126717767884,20.600764619982023,1
2023-12-15 13:34:00,276.32421875,4441756.357697563,4106970.369629704,4441756.357697563,21.577657678684567,24.258833633279572,1
2023-12-15 13:36:00,286.109375,4110628.0,3696158.4,4110628.0,14.90056265333098,20.595847520016832,1
2023-12-15 13:38:00,280.0078125,5843526.666666668,5308105.866666666,5843526.666666668,17.30332733778697,18.747353969956745,1
2023-12-15 13:40:00,277.6875,5431123.466666667,5013130.133333334,5431123.466666667,12.073442528878028,21.19195538335286,1
2023-12-15 13:42:00,286.34375,5340417.866666666,4628847.733333333,5340417.866666666,20.446352255530652,24.471197403327093,1
2023-12-15 13:44:00,283.546875,4894582.4,4472378.933333334,4894582.4,14.634494342220323,23.573493976631045,1
2023-12-15 13:46:00,280.21484375,4393950.4,4054786.666666666,4393950.4,14.80914130001717,20.696983463324923,1
2023-12-15 13:48:00,280.49609375,5772608.533333332,5299471.2,5772608.533333332,8.492010962218046,23.01382050999867,1
2023-12-15 13:50:00,282.6484375,2958126.1333333333,2757409.333333333,2958126.1333333333,13.500329853333016,12.836762899969473,1
2023-12-15 13:52:00,279.2109375,4738629.862986298,4241836.98369837,4738629.862986298,14.896481565918616,26.883693172655896,1
2023-12-15 13:54:00,283.390625,4307481.066666666,3974963.466666667,4307481.066666666,15.437614337780461,25.30786671001503,1
2023-12-15 13:56:00,284.89453125,5127830.133333334,4759211.2,5127830.133333334,8.842493920011394,23.22791617999125,1
2023-12-15 13:58:00,284.89453125,4414662.754251418,4064293.16438813,4414662.754251418,15.007414944972027,24.512106735582186,1
2023-12-15 14:00:00,285.66015625,4543042.666666667,4231742.133333334,4543042.666666667,18.71770868000264,12.451692380030485,1
2023-12-15 14:02:00,286.2734375,5319186.133333334,4693545.333333333,5319186.133333334,13.102726493347696,21.268734789967613,1
2023-12-15 14:04:00,277.9140625,4521060.0,4219053.066666666,4521060.0,14.965046222205274,22.14428777001255,1
2023-12-15 14:06:00,277.94140625,4555387.466666667,4218010.933333334,4555387.466666667,16.452017971120465,22.051038659992628,1
2023-12-15 14:08:00,277.94140625,2881098.4,2648760.8,2881098.4,9.56661511112341,20.484537510007307,1
2023-12-15 14:10:00,276.19140625,4437861.885081989,4090890.2812958267,4437861.885081989,14.063405134866487,8.404530192653471,1
2023-12-15 14:12:00,278.04296875,4331790.933333334,3714132.0,4331790.933333334,8.09416879333892,21.12905838667454,1
2023-12-15 14:14:00,280.04296875,4049666.933333333,3633114.4,4049666.933333333,19.06639577998754,21.38125006662449,1
2023-12-15 14:16:00,278.04296875,2625876.533333333,2354154.1333333333,2625876.533333333,13.521815275566444,13.370795636680365,1
2023-12-15 14:18:00,282.9296875,5393508.533333333,5123660.0,5393508.533333333,14.289745142224195,20.528319489967547,1
2023-12-15 14:20:00,277.1796875,4056021.333333334,3590087.733333333,4056021.333333334,21.756838300013136,21.865335886638302,1
2023-12-15 14:22:00,286.49609375,3030860.266666666,2719906.4,3030860.266666666,12.62279282446899,20.40223643668772,1
2023-12-15 14:24:00,277.21484375,4833967.466666667,4586202.933333334,4833967.466666667,5.597635353333316,8.321179733320605,1
2023-12-15 14:26:00,279.6015625,4915846.241040173,4526854.742457076,4915846.241040173,9.123878579772212,22.377559539896442,1
2023-12-15 14:28:00,277.43359375,3994813.6,3573758.933333333,3994813.6,23.163302297794466,20.405048163326377,1
2023-12-15 14:30:00,276.0,4378446.4,4064900.533333333,4378446.4,14.79480547112568,31.728936800015305,1
2023-12-15 14:32:00,279.5546875,5344237.6,4646628.0,5344237.6,9.215147679982088,22.134719239984406,1
2023-12-15 14:34:00,284.97265625,3787147.95187148,3685561.843815618,3787147.95187148,14.802708862461648,25.35349516713956,1
2023-12-15 14:36:00,285.19140625,4638691.733333333,4337477.866666666,4638691.733333333,14.320577140024396,23.741356273336958,1
2023-12-15 14:38:00,275.50390625,5568326.666666667,5182173.6,5568326.666666667,13.662384086670096,25.498481416677052,1
2023-12-15 14:40:00,284.87109375,4737434.666666667,4474183.733333333,4737434.666666667,18.581936346664506,31.23977484996431,1
2023-12-15 14:42:00,283.6640625,4895556.577675566,4460056.661000567,4895556.577675566,14.644229028198655,20.201736293072628,1
2023-12-15 14:44:00,279.23828125,5787196.8,5318609.6,5787196.8,11.920533542223792,23.46370413666591,1
2023-12-15 14:46:00,284.91015625,2454218.666666666,2151626.4,2454218.666666666,9.9706909755413,12.825351186669042,1
2023-12-15 14:48:00,277.30078125,5342888.8,4919206.133333334,5342888.8,14.09396822667784,23.835293979985487,1
2023-12-15 14:50:00,284.99609375,2658045.066666667,2300282.4,2658045.066666667,15.250347828874107,12.163339536685575,1
2023-12-15 14:52:00,277.3671875,4171822.933333333,3789521.066666667,4171822.933333333,14.452763528905859,24.082157663360704,1
2023-12-15 14:54:00,280.5390625,5701777.866666666,5165247.2,5701777.866666666,13.105576657787124,32.66952596003345,1
2023-12-15 14:56:00,277.890625,4460270.4,4116158.4,4460270.4,15.568688151122641,24.692985980024485,1
2023-12-15 14:58:00,284.04296875,4453222.4,4097353.866666666,4453222.4,12.371539586650519,24.244409209980713,1
2023-12-15 15:00:00,277.53125,6828580.533333332,6088320.533333332,6828580.533333332,18.78547437776837,20.488573330027677,1
2023-12-15 15:02:00,271.45703125,4916554.933333334,4344838.666666667,4916554.933333334,15.717289808898284,11.273039753335373,1
2023-12-15 15:04:00,278.05078125,4539776.533333333,4199171.2,4539776.533333333,7.182254573336752,27.579689016711196,1
2023-12-15 15:06:00,283.69140625,3454586.1333333333,3051558.933333333,3454586.1333333333,14.019221935563516,26.20155139331473,1
2023-12-15 15:08:00,283.69140625,3876412.266666666,3572354.1333333333,3876412.266666666,9.047064122213568,21.216432950022863,1
2023-12-15 15:10:00,283.69140625,6488618.666666668,5875925.6,6488618.666666668,9.317338188896732,22.474123256688472,1
2023-12-15 15:12:00,278.671875,5082736.533333333,4472830.933333334,5082736.533333333,16.231553380008947,19.70710977334723,1
2023-12-15 15:14:00,278.49609375,3358702.666666666,3162994.666666666,3358702.666666666,17.107971239990245,17.475704289972782,1
2023-12-15 15:16:00,279.2109375,4473166.666666667,4097737.066666667,4473166.666666667,19.449927424429923,25.33696614666648,1
2023-12-15 15:18:00,280.75390625,4439658.933333334,4172056.266666666,4439658.933333334,12.524942742214382,21.398089916668447,1
2023-12-15 15:20:00,276.0390625,4283386.522695461,3947882.423515297,4283386.522695461,16.895929311902876,22.48472400523356,1
2023-12-15 15:22:00,276.125,5238568.867264303,4842488.21941547,5238568.867264303,14.141417549221327,13.915504945505813,1
2023-12-15 15:24:00,276.875,5689278.944211157,5156893.421315736,5689278.944211157,16.247127532285607,22.60968939209845,1
2023-12-15 15:26:00,278.30078125,5459945.866666666,5091245.866666666,5459945.866666666,13.641318488872557,16.31892985999002,1
2023-12-15 15:28:00,279.375,4797999.466666667,4495554.666666667,4797999.466666667,15.007377268888778,22.36284893995617,1
2023-12-15 15:30:00,275.7421875,4599541.066666666,4254253.6,4599541.066666666,16.239536584439016,24.870543283371568,1
2023-12-15 15:32:00,281.4921875,3356560.266666666,3191881.333333333,3356560.266666666,15.139701373344804,14.462350546673406,1
2023-12-15 15:34:00,278.859375,3758442.1333333324,3311647.2,3758442.1333333324,12.490739202217407,22.08374998668053,1
2023-12-15 15:36:00,274.875,3638811.2,3483164.266666666,3638811.2,16.796967844420582,27.933345316657018,1
2023-12-15 15:38:00,276.4609375,2898216.0,2607428.8,2898216.0,8.758136908872983,27.900002069994418,1
2023-12-15 15:40:00,275.5859375,6051069.866666666,5465364.533333333,6051069.866666666,13.456968053328133,22.291503916688576,1
2023-12-15 15:42:00,275.84375,4728767.466666667,4130172.266666666,4728767.466666667,16.97430893332542,23.922862790010797,1
2023-12-15 15:44:00,276.578125,4149369.066666667,3967660.533333333,4149369.066666667,14.316892742224605,18.947872333325602,1
2023-12-15 15:46:00,276.7265625,3674362.6970636263,3352520.481285205,3674362.6970636263,14.42537810884367,21.544496273742496,1
2023-12-15 15:48:00,275.66015625,3715257.066666667,3443447.2,3715257.066666667,9.395209604440927,26.492686670001913,1
2023-12-15 15:50:00,276.06640625,4293384.533333333,3937626.1333333324,4293384.533333333,17.694252255540857,25.136399893332662,1
2023-12-15 15:52:00,278.27734375,6057572.266666668,5406481.333333333,6057572.266666668,19.448475322214005,23.80413436330855,1
2023-12-15 15:54:00,280.1875,3856127.127960823,3571295.9989339383,3856127.127960823,23.048086624236547,25.968326198491464,1
2023-12-15 15:56:00,273.62890625,3439053.6630891273,3375325.1116592223,3439053.6630891273,19.103491953861056,22.763309706029855,1
2023-12-15 15:58:00,280.3125,5199376.5748950085,4753391.373908406,5199376.5748950085,17.513284047714013,19.937733224462637,1
2023-12-15 16:00:00,274.39453125,5309753.6,4737677.066666666,5309753.6,19.0583148955678,22.094480603312448,1
2023-12-15 16:02:00,279.9140625,4371625.066666666,3822449.333333334,4371625.066666666,18.260098631112164,26.506483700019693,1
2023-12-15 16:04:00,276.9375,4980129.608640577,4501436.895793051,4980129.608640577,14.419172580394036,22.99223948931389,1
2023-12-15 16:06:00,282.5859375,4143099.7333333325,3852973.066666667,4143099.7333333325,12.283469648876538,16.185219083320888,1
2023-12-15 16:08:00,283.59375,4489256.857190468,4118587.968671888,4489256.857190468,12.821709337335804,22.415843772676077,1
2023-12-15 16:10:00,272.3828125,4597412.988398452,4229603.680490732,4597412.988398452,13.96058513357092,24.128077083600672,1
2023-12-15 16:12:00,283.375,4591544.266666667,4072966.666666666,4591544.266666667,16.715026204441937,25.058240273307696,1
2023-12-15 16:14:00,275.24609375,2773628.70182218,2399666.877644159,2773628.70182218,15.337276096250456,13.105985685741453,1
2023-12-15 16:16:00,277.83203125,4328193.625816776,3947766.902253634,4328193.625816776,14.484374636627445,24.87898670490653,1
2023-12-15 16:18:00,273.31640625,5006773.066666666,4651838.133333334,5006773.066666666,12.634849800023304,24.480002843338298,1
2023-12-15 16:20:00,278.16015625,2017920.5333333332,1837991.7333333332,2017920.5333333332,11.080498688906017,22.577802190013852,1
2023-12-15 16:22:00,274.1640625,2649948.533333333,2357250.933333333,2649948.533333333,18.562627673349603,25.292618050007146,1
2023-12-15 16:24:00,272.578125,4270867.733333333,3927206.933333333,4270867.733333333,13.482099242197972,31.14931513002375,1
2023-12-15 16:26:00,280.57421875,4153712.533333333,3940886.933333333,4153712.533333333,14.035276388911171,27.72471000003861,1
2023-12-15 16:28:00,274.25390625,4368878.933333334,4057533.066666667,4368878.933333334,19.09036295556385,23.19110767998306,1
2023-12-15 16:30:00,283.57421875,2809510.0530159045,2610273.2152979225,2809510.0530159045,22.40610886819228,20.93509694909145,1
2023-12-15 16:32:00,271.0625,3245850.1333333333,2893690.933333333,3245850.1333333333,14.706411146681704,27.463815626688305,1
2023-12-15 16:34:00,272.62890625,3867043.2,3556904.266666666,3867043.2,18.541192713342348,30.294768299985062,1
2023-12-15 16:36:00,276.2578125,4348033.866666666,4049613.866666666,4348033.866666666,13.617755433305216,17.5531002166584,1
2023-12-15 16:38:00,281.52734375,4825168.0,4378459.733333333,4825168.0,14.51985898443834,15.675926520004095,1
2023-12-15 16:40:00,273.2578125,4179763.93704988,3820663.643638304,4179763.93704988,16.718483548933364,24.07588271870389,1
2023-12-15 16:42:00,283.06640625,4218712.533333333,3813300.8,4218712.533333333,15.05888257111009,17.472983683352748,1
2023-12-15 16:44:00,283.2109375,4326359.466666667,4030415.466666667,4326359.466666667,15.353344615529444,26.945084100007076,1
2023-12-15 16:46:00,275.98046875,4627157.6,4246871.2,4627157.6,13.979333044424289,18.327353123313515,1
2023-12-15 16:48:00,278.2734375,4087903.2,3711148.533333333,4087903.2,19.693112706687923,27.235193839975786,1
2023-12-15 16:50:00,283.87109375,4479332.0,4119425.866666666,4479332.0,18.77257346444013,14.29870259666738,1
2023-12-15 16:52:00,279.1484375,6591191.466666668,5894676.533333332,6591191.466666668,13.429657713341939,23.623907243309077,1
2023-12-15 16:54:00,281.06640625,3416953.066666667,3132842.666666666,3416953.066666667,9.707264173323184,23.811289916678408,1
2023-12-15 16:56:00,273.74609375,3151714.933333333,3021396.0,3151714.933333333,15.818819317759738,19.150598463359835,1
2023-12-15 16:58:00,275.44921875,4466047.2,4107608.266666666,4466047.2,14.934792153330314,13.761497743301636,1
2023-12-15 17:00:00,278.328125,4810089.066666666,4371105.333333333,4810089.066666666,15.910132511117911,25.328778533342604,1
2023-12-15 17:02:00,278.421875,4377723.2,4074374.1333333324,4377723.2,16.681512853344127,28.383011313368726,1
2023-12-15 17:04:00,284.53125,5485251.041423667,5152387.642883328,5485251.041423667,15.944220737401047,24.420249305171648,1
2023-12-15 17:06:00,280.53125,4813585.473929702,4531676.56171914,4813585.473929702,16.12213282026036,24.589288095948984,1
2023-12-15 17:08:00,274.40234375,4950657.333333333,4498598.4,4950657.333333333,15.612465244452727,23.487219313295398,1
2023-12-15 17:10:00,282.83203125,4359636.0,3983357.866666666,4359636.0,19.36765075554528,12.56427622337166,1
2023-12-15 17:12:00,277.1171875,4157973.998266551,3807098.873258217,4157973.998266551,17.213477854084278,16.40446216751422,1
2023-12-15 17:14:00,277.6875,4369930.933333334,4045239.2,4369930.933333334,14.750626699986038,12.647360883371828,1
2023-12-15 17:16:00,273.9296875,6875978.4,6210636.0,6875978.4,18.97892239778432,26.98232227999445,1
2023-12-15 17:18:00,277.765625,4679438.133333334,4382922.4,4679438.133333334,12.468590786674113,18.779318206652533,1
2023-12-15 17:20:00,281.73828125,5861245.866666666,5347104.533333333,5861245.866666666,17.247431982218078,12.004899123324625,1
2023-12-15 17:22:00,273.98046875,5070687.733333333,4574531.733333333,5070687.733333333,15.37666251999326,13.486796789996635,1
2023-12-15 17:24:00,272.31640625,4776331.2,4470816.0,4776331.2,17.526098237786854,10.692978676670464,1
2023-12-15 17:26:00,276.47265625,3331633.066666667,3026179.2,3331633.066666667,7.774552657792809,25.46459817002566,1
2023-12-15 17:28:00,279.44140625,4736844.533333333,4366941.333333333,4736844.533333333,13.000669177789757,20.077404996651847,1
2023-12-15 17:30:00,279.89453125,4015963.7333333325,3719658.666666666,4015963.7333333325,13.381583851134767,27.18413277000461,1
2023-12-15 17:32:00,281.90234375,5454143.2,4890450.933333334,5454143.2,16.705282115565044,12.898203940033754,1
2023-12-15 17:34:00,283.0078125,4506392.0,4201494.666666667,4506392.0,9.410790817766813,21.44911150666303,1
2023-12-15 17:36:00,276.9765625,5560186.4,5021075.733333333,5560186.4,15.652565515580745,22.810157666681327,1
2023-12-15 17:38:00,277.1875,4793859.733333333,4407852.0,4793859.733333333,15.143350175543064,22.60393049335107,1
2023-12-15 17:40:00,281.421875,4544691.733333333,4128036.266666666,4544691.733333333,14.494395417795102,17.76267469666588,1
2023-12-15 17:42:00,269.71875,4456361.066666666,3936606.933333333,4456361.066666666,15.759802408865651,20.44851486997989,1
2023-12-15 17:44:00,278.8203125,3228432.0,3025522.933333333,3228432.0,12.049758899989278,20.000805626671838,1
2023-12-15 17:46:00,272.76953125,5956792.213852408,5533219.652023198,5956792.213852408,8.686746508037093,10.451521555231137,1
2023-12-15 17:48:00,280.70703125,2767738.933333333,2431993.6,2767738.933333333,12.636341088897705,22.09055201669495,1
2023-12-15 17:50:00,271.90234375,3914196.266666666,3676776.0,3914196.266666666,15.744619071095562,21.52615442998164,1
2023-12-15 17:52:00,273.328125,4970741.5161010735,4402657.777185147,4970741.5161010735,16.3538620796993,22.351892272797265,1
2023-12-15 17:54:00,273.5859375,5019609.066666666,4515499.2,5019609.066666666,14.832861577775073,13.240015546665138,1
2023-12-15 17:56:00,283.6171875,3795746.666666666,3299936.8,3795746.666666666,15.760635426656034,17.941523789971445,1
2023-12-15 17:58:00,277.6953125,5454432.266666667,5031656.8,5454432.266666667,13.69519778000217,21.37418344000859,1
2023-12-15 18:00:00,279.51171875,3543230.666666666,3413862.666666666,3543230.666666666,15.88738031556002,19.025681646695983,1
2023-12-15 18:02:00,272.5625,2879891.733333333,2593876.533333333,2879891.733333333,20.90490869110605,10.417006936671289,1
2023-12-15 18:04:00,275.4296875,4093065.066666667,3956765.333333334,4093065.066666667,15.325248953336592,16.522634186646126,1
2023-12-15 18:06:00,278.1796875,5153061.066666666,4756138.4,5153061.066666666,15.736501295533445,24.429658616669865,1
2023-12-15 18:08:00,281.99609375,3998522.666666666,3653000.8,3998522.666666666,16.028019951126122,23.215900080006882,1
2023-12-15 18:10:00,282.609375,5585483.466666667,5050965.866666666,5585483.466666667,14.160065826662402,21.91977203328861,1
2023-12-15 18:12:00,268.92578125,4680824.0,4216856.8,4680824.0,17.02980059777878,30.61007143003129,1
2023-12-15 18:14:00,277.09375,4165774.4,3724181.066666667,4165774.4,6.249285408864832,33.611254496645415,1
2023-12-15 18:16:00,278.17578125,3801849.6,3480261.333333333,3801849.6,16.028799922237848,23.54945819999557,1
2023-12-15 18:18:00,278.94921875,4066464.8,3699416.533333333,4066464.8,17.77137258222663,19.799965429992877,1
2023-12-15 18:20:00,274.5859375,5090901.066666666,4725615.2,5090901.066666666,8.735940722237702,26.418901036668107,1
2023-12-15 18:22:00,271.23828125,5560138.4,4808297.6,5560138.4,15.847961159985669,25.906534106664672,1
2023-12-15 18:24:00,273.80859375,4215165.866666666,3955934.4,4215165.866666666,13.693544333315609,21.058354536653496,1
2023-12-15 18:26:00,283.30859375,7238592.533333332,6621659.466666668,7238592.533333332,14.64633630446365,14.529747529983675,1
2023-12-15 18:28:00,273.359375,4368745.333333333,4070393.6,4368745.333333333,11.189362775573196,25.606759213308887,1
2023-12-15 18:30:00,272.984375,4312906.933333334,3846942.666666666,4312906.933333334,14.827489357784446,21.951310906685347,1
2023-12-15 18:32:00,273.1484375,4102915.466666667,3699413.333333334,4102915.466666667,14.009647944444115,19.185840573336467,1
2023-12-15 18:34:00,279.36328125,4353545.333333333,3979659.466666667,4353545.333333333,11.778873537777045,21.985163176674785,1
2023-12-15 18:36:00,274.703125,3688523.7333333325,3430684.0,3688523.7333333325,9.720335191135137,31.452142130001448,1
2023-12-15 18:38:00,279.28515625,3244919.466666667,3129480.266666666,3244919.466666667,16.483969411120697,25.13284466665937,1
2023-12-15 18:40:00,274.78515625,3934499.466666667,3765282.1333333324,3934499.466666667,17.577947948884685,20.55175043666774,1
2023-12-15 18:42:00,278.421875,4153724.8,3574008.266666666,4153724.8,15.60063544444145,19.70972335999249,1
2023-12-15 18:44:00,282.24609375,2752728.0,2648825.8666666667,2752728.0,12.329202937770688,33.247867039996585,1
2023-12-15 18:46:00,282.7265625,5945989.333333332,5551597.866666666,5945989.333333332,18.674716471125265,21.668135949973173,1
2023-12-15 18:48:00,271.7421875,5338945.6,4786488.533333333,5338945.6,14.969578428879485,26.601294936699556,1
2023-12-15 18:50:00,272.83203125,4481218.4,4132925.333333334,4481218.4,14.469277288913467,20.913171076681465,1
2023-12-15 18:52:00,277.47265625,3935556.5924543394,3561991.201173177,3935556.5924543394,18.40030267073828,17.99836934073984,1
2023-12-15 18:54:00,278.796875,4392731.733333333,4085998.666666666,4392731.733333333,15.477230986677265,35.975867253340155,1
2023-12-15 18:56:00,272.8203125,4153155.466666667,3816923.2,4153155.466666667,17.51310638000076,24.78619659668766,1
2023-12-15 18:58:00,275.10546875,2503002.933333333,2370197.6,2503002.933333333,13.350965915564707,12.987754759960804,1
2023-12-15 19:00:00,273.78125,5365426.933333334,4933208.533333333,5365426.933333334,19.49297854444012,18.67438102669742,1
2023-12-15 19:02:00,277.03125,2393965.6,2259224.0,2393965.6,8.27314388000458,26.919199256711483,1
2023-12-15 19:04:00,280.82421875,4530057.333333333,4213439.466666667,4530057.333333333,14.160137093341394,19.619052363365572,1
2023-12-15 19:06:00,274.734375,4432171.733333333,4070567.2,4432171.733333333,15.619984939985445,21.638409226676842,1
2023-12-15 19:08:00,278.6171875,4256184.266666667,3839065.066666667,4256184.266666667,6.848579979980261,24.54829517000083,1
2023-12-15 19:10:00,278.5,4075957.066666667,3688196.266666666,4075957.066666667,18.0986755644618,19.006760096672227,1
2023-12-15 19:12:00,283.62890625,5879794.4,5262562.666666667,5879794.4,19.87863111109214,20.945857203332707,1
2023-12-15 19:14:00,278.1171875,4454000.266666667,4105889.066666667,4454000.266666667,13.294266908875821,18.25552550998206,1
2023-12-15 19:16:00,274.59375,4661749.6,4322847.466666667,4661749.6,13.457411793319302,23.590859166627826,1
2023-12-15 19:18:00,272.875,4410897.066666666,4080961.866666666,4410897.066666666,11.316615473349682,22.10496097332604,1
2023-12-15 19:20:00,278.73828125,4964340.0,4498794.4,4964340.0,12.807477242216313,30.111005630024014,1
2023-12-15 19:22:00,279.1171875,4250314.933333334,3704895.7333333325,4250314.933333334,8.153173471121894,22.400564859999577,1
2023-12-15 19:24:00,274.19921875,5361946.947480672,4943467.075446547,5361946.947480672,16.119982386927756,17.47413918952607,1
2023-12-15 19:26:00,277.51953125,4644248.533333333,4331889.333333333,4644248.533333333,12.39538402442122,24.640398259992555,1
2023-12-15 19:28:00,275.4921875,4438776.533333333,4086153.6,4438776.533333333,13.118136335558829,23.350679593325676,1
2023-12-15 19:30:00,277.12890625,4859024.266666667,4470989.066666666,4859024.266666667,15.401617744420138,23.761896000020595,1
2023-12-15 19:32:00,277.12890625,3093746.666666666,2745913.066666667,3093746.666666666,17.789885515554086,13.166717489997001,1
2023-12-15 19:34:00,277.50390625,4634555.466666667,4331599.466666667,4634555.466666667,17.342534219981946,25.743325726652984,1
2023-12-15 19:36:00,278.56640625,3891038.4,3579281.066666667,3891038.4,19.79883541999799,14.104822519972611,1
2023-12-15 19:38:00,277.1796875,4897250.933333334,4341926.666666667,4897250.933333334,6.624245031109442,20.14065034003579,1
2023-12-15 19:40:00,273.19921875,4208562.4,3982796.266666666,4208562.4,14.949443428906507,23.589980470036,1
2023-12-15 19:42:00,279.2421875,5392561.066666666,4781389.333333333,5392561.066666666,14.037996182224665,13.623976643333053,1
2023-12-15 19:44:00,274.73046875,5009761.6,4739612.533333333,5009761.6,12.46159899333078,25.961230953301612,1
2023-12-15 19:46:00,271.70703125,4448993.333333333,4096461.866666666,4448993.333333333,17.55091732665379,11.220539023343008,1
2023-12-15 19:48:00,275.453125,4645637.897123045,4248425.909257594,4645637.897123045,20.269078556747512,21.127022752308203,1
2023-12-15 19:50:00,276.12109375,3854055.466666667,3572619.466666667,3854055.466666667,15.70479094891602,28.750168606687414,1
2023-12-15 19:52:00,276.4140625,2975484.533333333,2605410.666666666,2975484.533333333,11.204898944447956,23.096529546649734,1
2023-12-15 19:54:00,271.81640625,2699073.8666666667,2471638.933333333,2699073.8666666667,18.05296095110761,25.922238716642212,1
2023-12-15 19:56:00,275.09765625,4269694.666666667,3924054.933333333,4269694.666666667,20.58282892222956,22.58768643669707,1
2023-12-15 19:58:00,281.83203125,5166468.0,4737524.8,5166468.0,13.9840680066522,19.152306793354608,1
2023-12-15 20:00:00,274.8125,4083051.97228145,3682380.330490405,4083051.97228145,12.926768063724921,22.706356170076265,1
2023-12-15 20:02:00,277.5390625,4540111.733333333,4047704.266666666,4540111.733333333,14.511053362253328,23.937109473336026,1
2023-12-15 20:04:00,273.96875,5384185.320978601,4858771.281914539,5384185.320978601,15.954519720903162,28.92918516763688,1
2023-12-15 20:06:00,281.71875,2715248.032021348,2487800.4002668443,2715248.032021348,9.671452790741817,19.90532407604785,1
2023-12-15 20:08:00,282.046875,1663208.2666666666,1593629.866666667,1663208.2666666666,10.935358991102678,20.616901489993325,1
2023-12-15 20:10:00,276.25,5229818.4,4732288.266666667,5229818.4,13.467505911119385,20.0809233400408,1
2023-12-15 20:12:00,273.65625,4824955.327376983,4230404.853980531,4824955.327376983,8.220824587748714,19.12893973859289,1
2023-12-15 20:14:00,272.45703125,5248167.2,4873225.066666666,5248167.2,16.04227438889211,24.030316573334854,1
2023-12-15 20:16:00,271.953125,4654171.466666667,4214016.0,4654171.466666667,16.54149297333788,27.018343110006146,1
2023-12-15 20:18:00,274.890625,4471993.866666666,4123308.0,4471993.866666666,17.54667641556201,23.5916857799748,1
2023-12-15 20:20:00,280.25390625,4105387.466666667,3715716.533333333,4105387.466666667,20.00247718442956,27.164550633315233,1
2023-12-15 20:22:00,272.9921875,6318364.8,5786196.0,6318364.8,14.814705511121753,19.60163397331295,1
2023-12-15 20:24:00,279.11328125,5597319.2,5337304.0,5597319.2,18.555005828869376,23.12107612000545,1
2023-12-15 20:26:00,283.47265625,2838493.066666667,2635392.266666666,2838493.066666667,16.73171652222259,18.874621006640762,1
2023-12-15 20:28:00,274.53125,5693624.8,5183261.333333333,5693624.8,8.113396737802153,25.038738076691512,1
2023-12-15 20:30:00,274.8515625,4495750.974837527,4129131.2781203124,4495750.974837527,12.350348950719248,20.849153314469344,1
2023-12-15 20:32:00,281.10546875,5144301.217275305,4620894.980823745,5144301.217275305,18.48014289589896,26.26632920125717,1
2023-12-15 20:34:00,274.7421875,3374218.4,3267922.666666666,3374218.4,18.128423782214266,24.82988906665317,1
2023-12-15 20:36:00,275.0703125,6534240.533333332,6052116.533333332,6534240.533333332,13.164527353332634,9.396814986685056,1
2023-12-15 20:38:00,279.6796875,5910033.337778371,5427747.432991066,5910033.337778371,15.003527750363702,27.134094999317426,1
2023-12-15 20:40:00,281.0234375,4518116.266666667,4195041.6,4518116.266666667,12.929223693338118,22.800214843349146,1
2023-12-15 20:42:00,277.20703125,3971071.466666667,3540737.6,3971071.466666667,18.088984099999326,22.17263020332515,1
2023-12-15 20:44:00,279.265625,4460407.2,4096786.1333333324,4460407.2,11.987308777784671,20.413098373343626,1
2023-12-15 20:46:00,282.953125,4439030.4,4091402.4,4439030.4,16.602918071116115,22.65157422996708,1
2023-12-15 20:48:00,272.75390625,3919414.933333333,3532102.1333333333,3919414.933333333,16.932247715562376,11.047209446696796,1
2023-12-15 20:50:00,278.06640625,6312913.866666666,5701737.333333332,6312913.866666666,18.34503234444936,19.515768593361525,1
2023-12-15 20:52:00,281.12890625,5304418.133333334,4741045.866666666,5304418.133333334,14.146730286690097,24.081909749996463,1
2023-12-15 20:54:00,276.6484375,4849061.6,4373968.533333333,4849061.6,13.818158342199034,22.040253423328977,1
2023-12-15 20:56:00,281.5546875,4093149.333333334,3825309.866666666,4093149.333333334,15.484091482228706,11.999237413353207,1
2023-12-15 20:58:00,274.49609375,4857163.466666667,4563308.0,4857163.466666667,13.597997111113123,30.45280865670065,1
2023-12-15 21:00:00,283.05078125,4600353.6,4250355.2,4600353.6,10.789451204440816,21.882187053367186,1
2023-12-15 21:02:00,282.58984375,5381135.147739765,4864785.369266132,5381135.147739765,13.545025168505532,20.224329218179637,1
2023-12-15 21:04:00,278.91015625,4941766.133333334,4564856.8,4941766.133333334,16.71648686444516,23.326339556660965,1
2023-12-15 21:06:00,279.50390625,5354710.4,4829645.6,5354710.4,20.057240448917987,22.618639093319263,1
2023-12-15 21:08:00,274.578125,3387959.733333333,3117032.0,3387959.733333333,19.347509973352622,11.69321282330202,1
2023-12-15 21:10:00,280.6484375,4204154.133333334,3977097.866666666,4204154.133333334,16.837629215571926,24.93392433001039,1
2023-12-15 21:12:00,277.33984375,4856197.866666666,4233873.866666666,4856197.866666666,14.319371042203985,19.39619353002248,1
2023-12-15 21:14:00,279.98046875,4872815.2,4498589.333333333,4872815.2,17.077035742242714,23.881449216666322,1
2023-12-15 21:16:00,281.83203125,4327634.133333334,3953325.6,4327634.133333334,9.288213960017956,21.902553113322934,1
2023-12-15 21:18:00,275.140625,4313822.4,3949773.066666667,4313822.4,16.508895106671847,25.91745987000953,1
2023-12-15 21:20:00,275.171875,4994995.733333333,4615925.6,4994995.733333333,16.769523193328897,22.55472301665577,1
2023-12-15 21:22:00,275.66796875,4611162.133333334,4179679.466666667,4611162.133333334,13.351350528893011,23.909269410020595,1
2023-12-15 21:24:00,277.37109375,5088217.6,4642301.866666666,5088217.6,17.752586340001372,18.6620643499676,1
2023-12-15 21:26:00,277.81640625,2569546.666666666,2484292.8,2569546.666666666,16.182390213329604,21.96547327999724,1
2023-12-15 21:28:00,274.42578125,3781058.666666666,3535212.533333333,3781058.666666666,16.385899831139902,23.295548653307687,1
2023-12-15 21:30:00,282.2109375,4212914.666666667,3830848.266666666,4212914.666666667,20.657525360002182,13.69831011334706,1
2023-12-15 21:32:00,277.3828125,4726495.2,4237904.8,4726495.2,13.358942144421034,22.053637366673986,1
2023-12-15 21:34:00,284.296875,4308816.8,4008408.8,4308816.8,18.801664571122576,16.855511509978292,1
2023-12-15 21:36:00,281.05078125,5681937.866666666,5161104.0,5681937.866666666,4.9250432177602,23.23376877335249,1
2023-12-15 21:38:00,279.75,4325965.066666666,4039446.666666666,4325965.066666666,20.476832873343177,18.787223916636623,1
2023-12-15 21:40:00,268.32421875,3700066.666666666,3508379.2,3700066.666666666,11.620888986670053,20.431457749994784,1
2023-12-15 21:42:00,277.98046875,4860110.666666667,4455740.8,4860110.666666667,16.513152824449612,25.213160990000087,1
2023-12-15 21:44:00,280.2890625,4001505.866666666,3667358.4,4001505.866666666,17.02994917111937,16.583535546669733,1
2023-12-15 21:46:00,272.671875,4801032.8,4499157.866666666,4801032.8,12.591218455539394,21.630250949965557,1
2023-12-15 21:48:00,269.32421875,4889714.666666667,4529607.466666667,4889714.666666667,19.43534126886839,22.64477371999722,1
2023-12-15 21:50:00,281.6328125,5181837.866666666,4753622.133333334,5181837.866666666,13.56633622664958,16.362594093322212,1
2023-12-15 21:52:00,272.65234375,5359629.333333333,4772541.866666666,5359629.333333333,13.441537491097634,20.788014809998764,1
2023-12-15 21:54:00,272.91015625,4522017.866666666,4206493.066666666,4522017.866666666,15.059277824443093,27.291376553330334,1
2023-12-15 21:56:00,273.1171875,5396203.92784502,4907104.131239371,5396203.92784502,15.248247454231878,19.383898339515127,1
2023-12-15 21:58:00,276.19921875,4694454.666666667,4380714.666666667,4694454.666666667,13.241475066687498,23.16486331333484,1
2023-12-15 22:00:00,276.12109375,4278477.066666666,3868946.4,4278477.066666666,14.59146882223043,21.243511566669138,1
2023-12-15 22:02:00,276.87109375,3087832.0,2740639.2,3087832.0,17.894081344452893,25.05166828001772,1
2023-12-15 22:04:00,282.18359375,2639323.466666667,2455639.466666667,2639323.466666667,13.64997062444066,20.479302400005206,1
2023-12-15 22:06:00,278.8515625,5161704.4591081785,4762274.211824302,5161704.4591081785,16.31539356795237,24.710373418692953,1
2023-12-15 22:08:00,278.671875,5697132.188698117,5196686.647774628,5697132.188698117,13.067035423680997,22.51744034340623,1
2023-12-15 22:10:00,271.4296875,5868542.133333334,5435375.466666667,5868542.133333334,11.562626928886555,21.613279539985037,1
2023-12-15 22:12:00,279.42578125,4741396.668887408,4258544.437041972,4741396.668887408,14.576249429242539,21.195572888071297,1
2023-12-15 22:14:00,275.765625,3297714.247616508,3172820.854723648,3297714.247616508,13.58579211725285,29.4853858723834,1
2023-12-15 22:16:00,280.109375,2737865.8666666667,2504871.2,2737865.8666666667,18.20094956220904,23.36856958669765,1
2023-12-15 22:18:00,280.7890625,4614540.8,4348579.733333333,4614540.8,16.36576695555252,11.671744386646118,1
2023-12-15 22:20:00,271.50390625,3908367.491166078,3607698.113207548,3908367.491166078,14.194293557335653,22.474424124924127,1
2023-12-15 22:22:00,295.5703125,7763549.6,5939266.666666668,7763549.6,15.271501219993095,24.37959915002769,1
2023-12-15 22:24:00,310.078125,7173074.061729218,4865316.712219185,7173074.061729218,18.5730081683438,25.08848165454751,1
2023-12-15 22:26:00,312.484375,5610642.933333334,3789314.1333333324,5610642.933333334,17.71607986221271,26.806900356653692,1
2023-12-15 22:28:00,313.30078125,6236129.066666666,4219939.733333333,6236129.066666666,9.37864996890615,24.74301361997884,1
2023-12-15 22:30:00,305.34375,10154484.0,6951098.666666668,10154484.0,16.991387073358055,23.568452926701866,1
2023-12-15 22:32:00,307.40625,3728770.4,2154485.8666666667,3728770.4,17.876014888881603,32.35639564998564,1
2023-12-15 22:34:00,311.375,6192724.339100576,4684305.497216389,6192724.339100576,19.410709373174466,14.507765879941696,1
2023-12-15 22:36:00,315.1171875,7871744.266666668,5518817.866666666,7871744.266666668,8.865442297764174,12.429218553297687,1
2023-12-15 22:38:00,308.9765625,7773417.066666666,5410121.333333333,7773417.066666666,9.057861202195962,23.73055370000657,1
2023-12-15 22:40:00,305.5546875,5367587.466666667,3876192.266666666,5367587.466666667,14.589488366683428,24.95750142334145,1
2023-12-15 22:42:00,306.83203125,6888138.666666668,4367597.866666666,6888138.666666668,16.680032722231573,23.28623346334401,1
2023-12-15 22:44:00,303.07421875,6959129.6,4560994.133333334,6959129.6,18.523414173331627,13.982545073376969,1
2023-12-15 22:46:00,313.68359375,9501289.333333334,6423428.0,9501289.333333334,14.671291755544695,21.069457136666948,1
2023-12-15 22:48:00,304.7890625,4037965.866666666,2723978.666666666,4037965.866666666,15.04448945113432,24.02354220330987,1
2023-12-15 22:50:00,310.56640625,6536674.4,4597313.6,6536674.4,18.71007889334578,26.92239387334363,1
2023-12-15 22:52:00,314.8203125,5804751.2,3900074.933333333,5804751.2,16.32905951775481,22.017908536654428,1
2023-12-15 22:54:00,312.56640625,7375573.333333332,5205410.4,7375573.333333332,11.355427073334189,20.512897060010197,1
2023-12-15 22:56:00,315.85546875,4149119.7333333325,2884242.4,4149119.7333333325,17.46242098665486,28.734480726658763,1
2023-12-15 22:58:00,313.66015625,6400388.533333332,4316599.466666667,6400388.533333332,17.768697108872907,30.182919983296113,1
2023-12-15 23:00:00,321.765625,7433785.6,4716717.066666666,7433785.6,10.211203742235536,13.07284498664861,1
2023-12-15 23:02:00,315.87109375,5369221.6,3829167.466666667,5369221.6,19.6822247155554,21.232371826675564,1
2023-12-15 23:04:00,304.83203125,6570279.466666668,4217054.933333334,6570279.466666668,11.946296457770385,21.27350871329933,1
2023-12-15 23:06:00,309.63671875,5043941.866666666,3424620.0,5043941.866666666,15.796385039995787,28.29622613998557,1
2023-12-15 23:08:00,306.96484375,5874858.133333334,4169729.866666666,5874858.133333334,18.09186598667616,28.892614753325077,1
2023-12-15 23:10:00,304.8828125,4776690.133333334,3299597.6,4776690.133333334,16.450430228885832,20.585437536695586,1
2023-12-15 23:12:00,317.31640625,7540198.133333334,5003915.2,7540198.133333334,18.685805211102387,22.818191879972197,1
2023-12-15 23:14:00,308.78125,6163428.533333332,4319065.866666666,6163428.533333332,16.483970426650355,28.49377697333694,1
2023-12-15 23:16:00,312.41015625,7790317.066666666,5218906.933333334,7790317.066666666,18.263890159982516,22.755324933338372,1
2023-12-15 23:18:00,309.15234375,8258319.733333332,5589409.066666666,8258319.733333332,18.117988493338803,27.845596369976803,1
2023-12-15 23:20:00,315.42578125,9379477.6,6108398.933333334,9379477.6,18.842295291089812,22.140591476684982,1
2023-12-15 23:22:00,309.23828125,6687634.666666668,4586125.333333333,6687634.666666668,10.139967197804557,29.540979836650273,1
2023-12-15 23:24:00,304.84765625,6297875.733333332,4003787.466666667,6297875.733333332,16.478237079993253,25.600357593308825,1
2023-12-15 23:26:00,306.4375,6871553.674387602,4467398.900183301,6871553.674387602,18.982930544911035,30.02299094148827,1
2023-12-15 23:28:00,315.28125,6262858.742750484,4181853.4764349037,6262858.742750484,16.298988874070265,27.181888500777163,1
2023-12-15 23:30:00,311.44921875,5161084.727684821,3584877.808146124,5161084.727684821,12.06596733330116,24.093255396336993,1
2023-12-15 23:32:00,309.05859375,6177641.354010339,3917172.7196931806,6177641.354010339,13.644201989866929,32.19852156408565,1
2023-12-15 23:34:00,306.98828125,6463172.533333332,4316629.866666666,6463172.533333332,9.820337817784297,25.742625709972344,1
2023-12-15 23:36:00,305.0234375,5259351.466666667,3431315.733333333,5259351.466666667,15.69088587776706,22.7202003733449,1
2023-12-15 23:38:00,309.12890625,7675970.133333334,5270280.266666667,7675970.133333334,16.577291857781038,21.585830330004683,1
2023-12-15 23:40:00,307.7421875,6359485.066666666,4547648.533333333,6359485.066666666,18.568457168876193,25.528870026658602,1
2023-12-15 23:42:00,306.7265625,5670337.333333332,3981466.4,5670337.333333332,7.506004953336539,24.128798226690076,1
2023-12-15 23:44:00,305.7734375,3942645.825695717,2530655.8240293283,3942645.825695717,15.66968043771267,21.329347608730334,1
2023-12-15 23:46:00,311.20703125,6633951.603226451,4610905.672955137,6633951.603226451,15.504770064190586,15.760924301701126,1
2023-12-15 23:48:00,305.92578125,6813918.933333334,4690687.733333333,6813918.933333334,16.45469076000154,20.322150300004672,1
2023-12-15 23:50:00,305.40625,6213105.066666666,4427675.466666667,6213105.066666666,16.387723933342688,23.7904876266839,1
2023-12-15 23:52:00,309.3984375,8555814.933333334,5220938.4,8555814.933333334,20.848183542224838,23.336094336700626,1
2023-12-15 23:54:00,301.02734375,5551002.733151123,3738350.776614892,5551002.733151123,14.512105621845693,22.528587867447786,1
2023-12-15 23:56:00,307.00390625,4251945.745992602,2788585.3300896455,4251945.745992602,12.853859819372019,14.362049375134225,1
2023-12-15 23:58:00,307.46484375,6116197.6,4294734.133333334,6116197.6,18.82658545555185,17.228577399995025,1
2023-12-16 00:00:00,311.890625,8946206.933333334,5888485.866666666,8946206.933333334,15.05956084891093,22.79450495998996,1
2023-12-16 00:02:00,304.95703125,6122981.866666666,4150623.7333333325,6122981.866666666,16.55341367554178,23.20881128999948,1
2023-12-16 00:04:00,315.078125,9744121.866666667,6638905.866666666,9744121.866666667,14.203960817766431,14.9023313333358,1
2023-12-16 00:06:00,312.328125,5342187.2,3826587.7333333325,5342187.2,15.347771546674066,22.54271717329781,1
2023-12-16 00:08:00,306.640625,6584949.066666666,4450028.8,6584949.066666666,13.469384842222402,33.9675703633111,1
2023-12-16 00:10:00,306.46875,8132711.466666668,5546411.733333333,8132711.466666668,14.133459768878913,34.206274026655585,1
2023-12-16 00:12:00,309.078125,6088149.066666666,3904402.1333333324,6088149.066666666,22.662605562234408,22.12737037669285,1
2023-12-16 00:14:00,311.953125,6914483.981731506,4744141.880854752,6914483.981731506,17.059933988951745,28.43569800314057,1
2023-12-16 00:16:00,313.58984375,6865820.266666668,4479312.533333333,6865820.266666668,9.978392931095891,22.09321815666044,1
2023-12-16 00:18:00,309.72265625,10037250.133333333,6524776.0,10037250.133333333,14.25095437780126,22.87006283998684,1
2023-12-16 00:20:00,311.59765625,7072817.6,4598404.533333333,7072817.6,17.646651766683334,24.35858181997901,1
2023-12-16 00:22:00,304.65625,7015872.275181654,4793800.94660356,7015872.275181654,13.908024000606947,24.187811719200567,1
2023-12-16 00:24:00,308.96875,4076674.9783318886,2648105.873724915,4076674.9783318886,21.78380958729102,28.81071563107016,1
2023-12-16 00:26:00,307.1875,6242570.419249483,4422741.051789642,6242570.419249483,15.437739698731534,21.112104505762986,1
2023-12-16 00:28:00,311.32421875,5622233.066666666,3640931.7333333325,5622233.066666666,13.336991304434678,28.78105393334408,1
2023-12-16 00:30:00,307.875,6288877.866666666,4407118.4,6288877.866666666,17.745929137777747,29.77493592668907,1
2023-12-16 00:32:00,317.6015625,6693318.933333334,4418952.8,6693318.933333334,12.451379728898045,22.158525713360483,1
2023-12-16 00:34:00,314.7734375,6353782.163693949,4231245.207534589,6353782.163693949,15.713285038636544,22.625607094524625,1
2023-12-16 00:36:00,315.3515625,5802791.733333332,3869357.6,5802791.733333332,16.787227446653155,22.972602573378634,1
2023-12-16 00:38:00,303.07421875,3335918.4,2276829.6,3335918.4,17.755610417775138,22.424123296659676,1
2023-12-16 00:40:00,306.734375,6625829.866666666,4541142.4,6625829.866666666,13.359617431124208,24.29973212337548,1
2023-12-16 00:42:00,311.53125,6864741.333333332,4481231.733333333,6864741.333333332,18.692454975551094,14.944905706652206,1
2023-12-16 00:44:00,314.5234375,8345069.866666666,5440241.333333333,8345069.866666666,15.829175435549887,13.29304857669437,1
2023-12-16 00:46:00,314.3984375,6659998.4,4582064.266666667,6659998.4,14.112245055568767,23.262408566661183,1
2023-12-16 00:48:00,311.90625,6482792.8,4279404.533333333,6482792.8,13.75272826223712,21.664453996684948,1
2023-12-16 00:50:00,308.7890625,9081397.6,6240996.266666668,9081397.6,16.778342415539857,22.44293970332365,1
2023-12-16 00:52:00,313.72265625,6633701.066666666,4458722.133333334,6633701.066666666,8.619040639993424,15.959002379968295,1
2023-12-16 00:54:00,311.5625,5010505.866666666,3838413.066666667,5010505.866666666,12.944584222245288,22.65660613333845,1
2023-12-16 00:56:00,305.9375,7193853.866666666,4902493.066666666,7193853.866666666,21.82143974444545,11.687641726651538,1
2023-12-16 00:58:00,307.5546875,6283552.8,4212763.733333333,6283552.8,14.654611159995612,22.881002583308142,1
2023-12-16 01:00:00,310.8359375,6652898.933333334,4600531.466666667,6652898.933333334,16.276164086658458,20.681916253330808,1
2023-12-16 01:02:00,309.2578125,5296934.4,3719032.266666666,5296934.4,13.02286616665596,36.992077829975955,1
2023-12-16 01:04:00,306.8515625,3769815.7333333325,2403509.8666666667,3769815.7333333325,16.693517113356695,23.90497484336568,1
2023-12-16 01:06:00,314.8125,4582356.8,3292337.066666667,4582356.8,12.193688071112973,25.904012410028372,1
2023-12-16 01:08:00,308.5703125,6911409.866666666,4666206.4,6911409.866666666,10.021161511087683,24.91021758333469,1
2023-12-16 01:10:00,308.4765625,6367156.533333332,4601616.8,6367156.533333332,11.276599766667154,31.044572886700436,1
2023-12-16 01:12:00,316.2890625,7659699.139827967,5158449.2898579715,7659699.139827967,15.05206345490612,21.967204140840458,1
2023-12-16 01:14:00,311.58203125,5595178.133333334,3884788.533333333,5595178.133333334,14.362537279990242,24.81047279667109,1
2023-12-16 01:16:00,306.44140625,6186827.466666668,4136647.466666667,6186827.466666668,13.624517073330937,25.369384303339764,1
2023-12-16 01:18:00,311.1484375,7347902.133333334,4988769.333333333,7347902.133333334,10.418750186670675,26.507099540031053,1
2023-12-16 01:20:00,316.08984375,7921504.8,5151265.333333333,7921504.8,15.096644142241631,26.799207386696555,1
2023-12-16 01:22:00,313.109375,4278048.533333333,2525615.466666667,4278048.533333333,17.010583820002566,21.03027236002769,1
2023-12-16 01:24:00,315.55859375,3931715.466666667,2580673.333333333,3931715.466666667,15.078948060011802,27.230342409990648,1
2023-12-16 01:26:00,310.84375,6696571.733333332,4555151.733333333,6696571.733333332,24.75476023113717,20.31724092332297,1
2023-12-16 01:28:00,312.40625,7018912.0,4491532.8,7018912.0,21.061720091092862,23.09596652999365,1
2023-12-16 01:30:00,314.9375,6737108.8,4716180.266666667,6737108.8,15.994453004451413,21.63330988332745,1
2023-12-16 01:32:00,302.1171875,6377418.4,4317655.733333333,6377418.4,8.906763875565957,22.122611013328424,1
2023-12-16 01:34:00,315.16796875,3447484.0,2371706.4,3447484.0,17.562012815582825,21.649892056690682,1
2023-12-16 01:36:00,318.484375,5316575.466666667,3707339.7333333325,5316575.466666667,18.238807900019715,23.571703556663127,1
2023-12-16 01:38:00,324.16796875,7521561.6,4244888.266666667,7521561.6,20.723272182221987,26.32153686000189,1
2023-12-16 01:40:00,344.78125,10216930.933333334,5578604.0,10216930.933333334,16.212218015571125,38.53912152670091,1
2023-12-16 01:42:00,342.6484375,6396819.945336978,3758785.680954603,6396819.945336978,20.33608043908481,31.63093959071815,1
2023-12-16 01:44:00,342.7265625,8683559.2,4539091.733333333,8683559.2,20.817411806686625,33.349794353319645,1
2023-12-16 01:46:00,343.80859375,9917820.266666668,5661174.4,9917820.266666668,15.888529413334455,28.589419056661423,1
2023-12-16 01:48:00,343.80859375,7685144.266666668,4384590.933333334,7685144.266666668,16.026284802226453,32.09852285004066,1
2023-12-16 01:50:00,338.07421875,5861023.2,3502614.4,5861023.2,15.029261559991735,22.402500179984298,1
2023-12-16 01:52:00,343.80859375,7299970.666666668,4071580.533333333,7299970.666666668,15.442820784454751,25.38673418666197,1
2023-12-16 01:54:00,342.828125,10081886.133333333,5623713.866666666,10081886.133333333,20.007036775544595,25.87332845000977,1
2023-12-16 01:56:00,344.765625,4614466.819984669,2615305.669433057,4614466.819984669,12.93440603050779,28.8006286338165,1
2023-12-16 01:58:00,349.21875,9936447.658723544,5263430.228295283,9936447.658723544,13.139250291590464,24.28380970834329,1
2023-12-16 02:00:00,340.921875,7265474.933333334,3942653.866666666,7265474.933333334,16.945292253318865,27.89358105001156,1
2023-12-16 02:02:00,338.71875,9766822.054803653,5212325.621708114,9766822.054803653,17.999949349970628,36.616767501160155,1
2023-12-16 02:04:00,337.25,6832961.333333332,3769075.2,6832961.333333332,15.373713031100731,28.053847509969877,1
2023-12-16 02:06:00,339.34765625,7870113.066666666,4518818.933333334,7870113.066666666,22.700362386692888,27.66878399668106,1
2023-12-16 02:08:00,339.2421875,4277903.466666667,2342939.2,4277903.466666667,26.576256906652517,9.21495992336228,1
2023-12-16 02:10:00,341.625,8366003.466666668,4787638.133333334,8366003.466666668,19.183266953332353,20.622837753326166,1
2023-12-16 02:12:00,338.19140625,9936132.533333333,5259164.533333333,9936132.533333333,18.124960011110588,25.80102082996746,1
2023-12-16 02:14:00,335.35546875,9139247.2,4819235.733333333,9139247.2,17.158821873340965,31.822579699995302,1
2023-12-16 02:16:00,336.3046875,6640951.2,3695071.7333333325,6640951.2,15.9946383133259,20.84425303338018,1
2023-12-16 02:18:00,341.1796875,7994055.466666668,4804808.0,7994055.466666668,16.390167168897786,22.819655279987877,1
2023-12-16 02:20:00,336.671875,8486866.933333334,4383917.333333333,8486866.933333334,17.878606393318886,25.29875279666157,1
2023-12-16 02:22:00,344.5625,10081953.066666666,5515757.6,10081953.066666666,18.760869602232965,16.205342020014847,1
2023-12-16 02:24:00,342.92578125,9214087.2,5226993.066666666,9214087.2,15.6918350155724,37.524747439989966,1
2023-12-16 02:26:00,342.9296875,8454693.6,4904356.0,8454693.6,22.2441083288868,21.802311349990006,1
2023-12-16 02:28:00,338.21875,8688054.666666666,4887765.6,8688054.666666666,17.010355988879585,24.093288993365906,1
2023-12-16 02:30:00,341.578125,8487437.6,4920710.133333334,8487437.6,14.312770697773278,12.009239126685618,1
2023-12-16 02:32:00,341.640625,8516900.0,4381058.133333334,8516900.0,15.922327244447338,13.893599113362145,1
2023-12-16 02:34:00,338.03125,8968914.4,4991595.2,8968914.4,20.001194566656427,25.120372746653928,1
2023-12-16 02:36:00,337.859375,5330030.4,2583461.8666666667,5330030.4,19.43895968666766,24.549006983337073,1
2023-12-16 02:38:00,345.6015625,5403849.866666666,2755239.466666667,5403849.866666666,16.740914364442382,22.508237893343907,1
2023-12-16 02:40:00,342.4140625,5672505.333333332,3150261.8666666667,5672505.333333332,23.620862177760703,22.56901794336348,1
2023-12-16 02:42:00,337.1171875,5051524.0,2605890.666666666,5051524.0,20.771280399995803,29.718252873378027,1
2023-12-16 02:44:00,339.828125,10911172.8,6378395.2,10911172.8,15.034160815541528,28.223309896663213,1
2023-12-16 02:46:00,336.45703125,5661859.466666668,3055484.0,5661859.466666668,22.24915940000857,32.56405469665575,1
2023-12-16 02:48:00,337.25,9606202.666666666,5402378.4,9606202.666666666,19.887468451116646,34.15613403000559,1
2023-12-16 02:50:00,342.9921875,5551640.266666667,2916904.266666666,5551640.266666667,15.111875517759476,26.3310306200098,1
2023-12-16 02:52:00,347.21875,4059754.933333333,2087057.066666667,4059754.933333333,17.108488957779223,16.158887646646082,1
2023-12-16 02:54:00,344.24609375,5837423.2,3595978.4,5837423.2,16.827037244446625,20.260488286682328,1
2023-12-16 02:56:00,344.24609375,6948857.6,4005581.6,6948857.6,13.989882993304894,33.214728866684396,1
2023-12-16 02:58:00,344.24609375,9365604.0,5262429.333333333,9365604.0,20.627646491112607,15.110758536660189,1
2023-12-16 03:00:00,344.24609375,8642269.333333334,5148340.266666667,8642269.333333334,17.68623858444496,22.05169315663321,1
2023-12-16 03:02:00,345.234375,8494944.533333333,4593514.933333334,8494944.533333333,19.33888716222201,19.8504906600283,1
2023-12-16 03:04:00,344.37890625,6878222.933333334,4017479.466666667,6878222.933333334,16.78266508889566,15.593396776627438,1
2023-12-16 03:06:00,340.70703125,6999193.6,3898764.8,6999193.6,21.392839977795827,24.111593883329387,1
2023-12-16 03:08:00,342.31640625,6811198.4,4072017.333333334,6811198.4,15.644248062227335,27.154401396643763,1
2023-12-16 03:10:00,342.4609375,10260690.133333333,5631460.266666668,10260690.133333333,7.915473031106456,25.793542636674825,1
2023-12-16 03:12:00,342.4765625,7406443.466666668,3762124.266666666,7406443.466666668,22.99035726225055,31.04312674666289,1
2023-12-16 03:14:00,346.28515625,7919914.4,4243005.866666666,7919914.4,19.052842406672426,27.915381626662565,1
2023-12-16 03:16:00,348.00390625,8173373.066666666,4689128.0,8173373.066666666,7.704557677789126,16.312079233321132,1
2023-12-16 03:18:00,340.23828125,8516320.533333333,4492102.133333334,8516320.533333333,25.335574955550126,26.83440687663581,1
2023-12-16 03:20:00,345.98828125,7371894.133333334,4311312.0,7371894.133333334,16.681573295532466,25.966979813335147,1
2023-12-16 03:22:00,335.67578125,7119289.866666666,4239796.266666667,7119289.866666666,19.51735220002269,14.762716496673722,1
2023-12-16 03:24:00,342.38671875,9172363.733333332,5186663.733333333,9172363.733333332,18.76286397778636,26.60933252001996,1
2023-12-16 03:26:00,342.5625,9784372.062010337,5427191.465244207,9784372.062010337,20.118895949309508,28.7009732155061,1
2023-12-16 03:28:00,342.60546875,8827964.0,4691511.466666667,8827964.0,18.35990296667054,29.465317923313705,1
2023-12-16 03:30:00,342.60546875,7478194.933333334,4382562.133333334,7478194.933333334,16.96969197109057,25.16239309998733,1
2023-12-16 03:32:00,343.41015625,10634071.376159033,5967560.002668267,10634071.376159033,21.169513159001475,26.011036185047107,1
2023-12-16 03:34:00,344.2890625,10721468.533333333,5509266.666666667,10721468.533333333,18.28569329330801,29.68149924335497,1
2023-12-16 03:36:00,333.60546875,9036055.466666667,5014973.6,9036055.466666667,15.653238964474035,25.37427565669835,1
2023-12-16 03:38:00,339.33984375,9411368.0,5322574.666666667,9411368.0,17.234129920026234,27.6094350933272,1
2023-12-16 03:40:00,343.1015625,9296124.0,5233954.666666667,9296124.0,18.278115015580426,30.72511308331741,1
2023-12-16 03:42:00,339.34375,5820638.133333334,3290018.1333333333,5820638.133333334,20.27989817999898,29.322511223338854,1
2023-12-16 03:44:00,343.1015625,7434284.533333332,4361869.066666666,7434284.533333332,18.334094142192047,20.790059206677448,1
2023-12-16 03:46:00,337.34375,6444261.455345827,3612714.199959981,6444261.455345827,17.92914379597631,30.72857294403842,1
2023-12-16 03:48:00,343.1015625,8597930.666666666,4772824.533333333,8597930.666666666,17.738528935555628,22.07345306334901,1
2023-12-16 03:50:00,336.26953125,5924069.6,3596793.333333333,5924069.6,19.37934043335392,25.778336873336226,1
2023-12-16 03:52:00,338.1328125,8595426.133333333,5104785.066666666,8595426.133333333,10.484957691126812,19.673590910000105,1
2023-12-16 03:54:00,338.03515625,7902681.333333332,4388250.4,7902681.333333332,19.651111528898284,29.10737281000669,1
2023-12-16 03:56:00,342.328125,8291281.866666666,4342292.8,8291281.866666666,19.05288032443625,29.901933250027167,1
2023-12-16 03:58:00,342.33984375,7846674.4,4115494.666666666,7846674.4,21.636075608904424,21.72656241333849,1
2023-12-16 04:00:00,343.45703125,3939151.2,2200732.0,3939151.2,14.261166182210825,27.866169310000263,1
2023-12-16 04:02:00,342.37890625,7760724.8,4234236.266666667,7760724.8,18.190520215527307,22.573779593318854,1
2023-12-16 04:04:00,345.90625,10599304.185550518,5688960.277259397,10599304.185550518,25.324448264921628,16.35656705881128,1
2023-12-16 04:06:00,342.41015625,7843701.866666666,4367800.8,7843701.866666666,18.036302504446613,17.80265814333689,1
2023-12-16 04:08:00,345.359375,8246546.666666668,4787256.266666667,8246546.666666668,14.057254942211635,17.061803760007027,1
2023-12-16 04:10:00,345.36328125,7505263.466666668,4225284.533333333,7505263.466666668,20.266864184425987,37.97013684001285,1
2023-12-16 04:12:00,345.36328125,6136504.8,3538929.333333333,6136504.8,10.01614184445417,27.123584663349906,1
2023-12-16 04:14:00,340.28515625,3538674.579887971,2207544.678580955,3538674.579887971,12.65153496709023,29.678321579090234,1
2023-12-16 04:16:00,346.2109375,10071270.133333333,5338443.466666667,10071270.133333333,10.470841051105204,28.89754598334548,1
2023-12-16 04:18:00,340.53515625,8719153.066666666,4899609.333333333,8719153.066666666,24.83287285111146,36.56903359665497,1
2023-12-16 04:20:00,337.8203125,4005896.02772594,2505019.7280725143,4005896.02772594,13.258314218421939,31.77098728673987,1
2023-12-16 04:22:00,342.6328125,9671502.933333334,5144374.133333334,9671502.933333334,25.30577997777275,19.04199254335253,1
2023-12-16 04:24:00,342.6328125,7682640.266666668,4160005.866666666,7682640.266666668,15.13678395777889,15.605655376663588,1
2023-12-16 04:26:00,341.84375,6469908.266666668,3610192.0,6469908.266666668,18.18444083997747,28.03873059999508,1
2023-12-16 04:28:00,345.65234375,10383733.6,5787476.8,10383733.6,26.995189355544017,22.274112809973307,1
2023-12-16 04:30:00,344.2734375,7503477.066666666,4221697.333333333,7503477.066666666,20.863251915563726,28.015034416651662,1
2023-12-16 04:32:00,337.3671875,4518249.333333333,2629061.6,4518249.333333333,18.62297418666357,37.2917307766329,1
2023-12-16 04:34:00,345.26953125,10953036.533333333,5727970.133333334,10953036.533333333,18.47667038890197,24.3939095333432,1
2023-12-16 04:36:00,344.66015625,9591722.133333333,5514817.6,9591722.133333333,19.91613334888825,28.35116579667859,1
2023-12-16 04:38:00,336.89453125,8595265.6,4795432.266666667,8595265.6,12.78258968445395,29.716035463303946,1
2023-12-16 04:40:00,339.69921875,8018701.866666666,4867278.133333334,8018701.866666666,18.394319826652968,19.533814196668875,1
2023-12-16 04:42:00,345.26171875,7821454.133333334,4491134.666666667,7821454.133333334,22.47177112220217,24.811476336665997,1
2023-12-16 04:44:00,336.63671875,8787016.266666668,5188649.066666666,8787016.266666668,14.220536293351971,29.79854578666466,1
2023-12-16 04:46:00,342.40234375,5614986.933333334,3307030.933333333,5614986.933333334,18.449010002239245,22.375726876683373,1
2023-12-16 04:48:00,341.3203125,7100972.533333332,4310473.066666666,7100972.533333332,15.595568488901739,25.95304588331297,1
2023-12-16 04:50:00,341.62109375,11401412.533333333,6915105.866666666,11401412.533333333,16.308249484443678,15.341300063349385,1
2023-12-16 04:52:00,341.62109375,8011415.733333332,4460506.133333334,8011415.733333332,14.622604115542753,16.848049200004123,1
2023-12-16 04:54:00,335.0390625,8600796.8,4549382.666666667,8600796.8,19.21060952888284,29.346224746647447,1
2023-12-16 04:56:00,344.5390625,5954500.533333332,3591884.8,5954500.533333332,21.351153279991,22.62413895000161,1
2023-12-16 04:58:00,344.5390625,8740199.2,4795672.8,8740199.2,8.466473477795565,20.31329486334774,1
2023-12-16 05:00:00,336.7734375,11013684.533333333,6371722.133333334,11013684.533333333,16.555484353318914,23.47674712664836,1
2023-12-16 05:02:00,338.7734375,8327308.533333332,4505370.4,8327308.533333332,17.65888921777433,28.51876825331904,1
2023-12-16 05:04:00,338.67578125,7135445.066666666,4085240.8,7135445.066666666,16.21801277777801,33.051325236641176,1
2023-12-16 05:06:00,342.36328125,6711426.4,4092701.333333334,6711426.4,10.026005244451678,31.220688450024074,1
2023-12-16 05:08:00,344.546875,8212518.666666668,4451888.533333333,8212518.666666668,13.833641919999435,38.114514603318334,1
2023-12-16 05:10:00,334.97265625,12986261.6,6939176.0,12986261.6,17.699876815539838,14.508182100010648,1
2023-12-16 05:12:00,336.70703125,8615858.933333334,4698149.6,8615858.933333334,20.758392157796255,30.808420666629292,1
2023-12-16 05:14:00,337.53515625,8228369.6,4472608.533333333,8228369.6,25.680675902209874,27.498080603351504,1
2023-12-16 05:16:00,335.5390625,7854546.133333334,4345264.266666667,7854546.133333334,20.23049294664007,24.303380076647354,1
2023-12-16 05:18:00,335.55078125,9839752.8,5365021.333333333,9839752.8,15.077344684428274,25.10990042666284,1
2023-12-16 05:20:00,343.57421875,9507648.0,5093886.666666667,9507648.0,18.700583797795442,26.986938789971948,1
2023-12-16 05:22:00,339.57421875,8260514.4,4609008.0,8260514.4,16.993985026654425,16.461570230021607,1
2023-12-16 05:24:00,339.89453125,6701509.066666666,3650265.866666666,6701509.066666666,17.14912474889489,25.27299008002349,1
2023-12-16 05:26:00,334.671875,10228313.066666666,5646277.066666666,10228313.066666666,17.040398822217764,25.176371746686836,1
2023-12-16 05:28:00,342.44921875,8920559.733333332,5333849.6,8920559.733333332,18.08243276444652,24.569923706682548,1
2023-12-16 05:30:00,340.546875,10211520.8,5690261.333333332,10211520.8,15.10331472000366,21.359989379998296,1
2023-12-16 05:32:00,337.84765625,7905300.8,4359430.4,7905300.8,17.246009008894262,27.52236128003763,1
2023-12-16 05:34:00,339.26171875,8738387.466666667,4925255.466666667,8738387.466666667,18.02579656666947,25.489861616661077,1
2023-12-16 05:36:00,343.72265625,4772780.0,2683471.466666667,4772780.0,18.313956937797933,27.384264740006376,1
2023-12-16 05:38:00,336.05078125,10540454.4,6114579.466666668,10540454.4,17.78013550666704,26.77594478334261,1
2023-12-16 05:40:00,343.82421875,4505995.600293313,2498513.4324378376,4505995.600293313,14.698970981930714,28.5868219519072,1
2023-12-16 05:42:00,338.05078125,10774573.066666666,5676268.266666668,10774573.066666666,9.800835695576906,21.47951977667011,1
2023-12-16 05:44:00,336.68359375,7324587.2,4237042.933333334,7324587.2,21.425598937785253,10.076863240004363,1
2023-12-16 05:46:00,346.60546875,8228772.0,4391016.266666667,8228772.0,14.825184842209435,22.946275106660323,1
2023-12-16 05:48:00,344.37890625,8955452.0,4788955.2,8955452.0,14.86031528888917,33.52935376664391,1
2023-12-16 05:50:00,337.8515625,9263449.333333334,4829261.333333333,9263449.333333334,21.35074975111315,31.029079196644798,1
2023-12-16 05:52:00,340.0703125,8511348.8,4395965.866666666,8511348.8,15.198721522206645,16.904235236676563,1
2023-12-16 05:54:00,343.34375,9366375.466666667,5132438.933333334,9366375.466666667,19.30380511110545,22.5702737433312,1
2023-12-16 05:56:00,345.32421875,10423796.8,5683893.6,10423796.8,16.150273804442904,15.730972349992951,1
2023-12-16 05:58:00,342.34375,8087509.333333332,4467341.866666666,8087509.333333332,15.145685468871507,22.23961981668253,1
2023-12-16 06:00:00,336.5625,7930786.666666668,4930230.4,7930786.666666668,22.7233979822227,26.572738646646037,1
2023-12-16 06:02:00,342.5234375,7912687.093655188,4290484.3130063685,7912687.093655188,19.641039460328237,27.90340983893983,1
2023-12-16 06:04:00,340.7109375,6481234.525080043,3736105.122732123,6481234.525080043,13.631640706183248,22.088032493999272,1
2023-12-16 06:06:00,343.18359375,7892910.666666668,4720575.2,7892910.666666668,10.326381646672317,14.814448423324695,1
2023-12-16 06:08:00,343.203125,5008969.333333333,3005514.933333333,5008969.333333333,24.52485771112455,24.891777326653628,1
2023-12-16 06:10:00,341.234375,11637515.402053606,6387158.287771703,11637515.402053606,15.037412906168498,30.52881248168048,1
2023-12-16 06:12:00,337.0390625,9098836.266666668,4929862.4,9098836.266666668,9.705165919990073,31.21194222670359,1
2023-12-16 06:14:00,341.015625,6777712.64674493,3913498.665955176,6777712.64674493,18.414372176271158,19.745552447960844,1
2023-12-16 06:16:00,341.015625,7256607.733333332,3790646.4,7256607.733333332,16.856957746656715,31.24553530336319,1
2023-12-16 06:18:00,341.78125,6138753.066666666,3369145.333333333,6138753.066666666,15.848510417789738,18.641577083374923,1
2023-12-16 06:20:00,338.6796875,8855243.733333332,4838952.266666667,8855243.733333332,12.734284064434984,26.91343486003461,1
2023-12-16 06:22:00,342.95703125,8812551.733333332,4565244.533333333,8812551.733333332,16.898755977777505,37.17683824666892,1
2023-12-16 06:24:00,345.48828125,8498007.2,4646052.8,8498007.2,19.86029663999539,29.63814370998686,1
2023-12-16 06:26:00,339.703125,7585500.0,4173195.7333333325,7585500.0,16.91222967557325,28.571417709996844,1
2023-12-16 06:28:00,337.703125,8769186.666666666,4682397.333333333,8769186.666666666,20.665031373339136,20.998729650018504,1
2023-12-16 06:30:00,341.703125,10041041.066666666,5740188.533333332,10041041.066666666,7.289659722236037,23.399647303303933,1
2023-12-16 06:32:00,337.74609375,7805901.866666666,4077472.266666666,7805901.866666666,24.641678611094697,28.753590509974558,1
2023-12-16 06:34:00,335.68359375,7651033.728836155,4553061.191841087,7651033.728836155,18.1488077211802,38.42011503132896,1
2023-12-16 06:36:00,342.5234375,8250613.066666666,4377303.733333333,8250613.066666666,16.213686642230538,19.940218009966586,1
2023-12-16 06:38:00,342.5234375,9667821.030872842,5530299.393211977,9667821.030872842,16.459713822757838,25.64838825430088,1
2023-12-16 06:40:00,342.5234375,8453129.066666666,4763356.266666667,8453129.066666666,9.83023199110499,26.270485696683558,1
2023-12-16 06:42:00,342.5234375,7891270.666666668,4451892.0,7891270.666666668,10.796602631097713,21.2623193099959,1
2023-12-16 06:44:00,342.5234375,8510957.066666666,4892193.333333333,8510957.066666666,17.763907531108188,27.865659553353904,1
2023-12-16 06:46:00,341.53515625,7613038.933333334,4077454.933333333,7613038.933333334,22.670581359998327,25.891284363363713,1
2023-12-16 06:48:00,342.7265625,7076713.066666666,3861547.2,7076713.066666666,20.172989817769526,19.384070823337726,1
2023-12-16 06:50:00,342.73828125,9727826.666666666,5494389.333333333,9727826.666666666,19.737940473359128,22.724291806662226,1
2023-12-16 06:52:00,342.31640625,8019987.466666668,4240347.733333333,8019987.466666668,18.204891788870253,28.976180516668443,1
2023-12-16 06:54:00,338.52734375,8668034.4,4807352.0,8668034.4,19.456024986640035,20.746757779998006,1
2023-12-16 06:56:00,343.21484375,9214233.066666666,5144581.6,9214233.066666666,17.702764151100485,30.57371545335627,1
2023-12-16 06:58:00,344.1953125,7906206.4,4467014.133333334,7906206.4,16.565150611115516,32.77686901667039,1
2023-12-16 07:00:00,342.33203125,9817502.133333333,5308977.333333333,9817502.133333333,17.054701677795187,27.373788663341355,1
2023-12-16 07:02:00,342.42578125,6923292.0,3869084.533333333,6923292.0,19.79490947110915,31.61755957000423,1
2023-12-16 07:04:00,342.11328125,8250690.933333334,4641309.066666666,8250690.933333334,11.019308846670253,24.9410335800106,1
2023-12-16 07:06:00,342.11328125,6585716.8,3765667.7333333325,6585716.8,18.36864167779115,29.18418034668624,1
2023-12-16 07:08:00,342.11328125,10340816.533333333,5724106.666666668,10340816.533333333,9.551206755568273,12.408822850023475,1
2023-12-16 07:10:00,340.48828125,8524355.466666667,4946924.0,8524355.466666667,15.339603475553709,26.6118594899793,1
2023-12-16 07:12:00,341.7265625,8023786.933333334,4532635.733333333,8023786.933333334,13.75120992222542,26.46210029333209,1
2023-12-16 07:14:00,343.24609375,7060670.4,3975616.533333333,7060670.4,9.959534088880496,24.440773276631564,1
2023-12-16 07:16:00,343.60546875,9285370.933333334,5034405.866666666,9285370.933333334,11.886342888885537,24.562452680014147,1
2023-12-16 07:18:00,336.81640625,8157526.933333334,4523615.2,8157526.933333334,18.0861766644456,22.80144386333025,1
2023-12-16 07:20:00,343.8046875,4869012.8,2999617.066666667,4869012.8,10.848686255566363,25.25054059670461,1
2023-12-16 07:22:00,336.01171875,5666459.733333332,3132838.4,5666459.733333332,25.775515742231317,24.032961986667942,1
2023-12-16 07:24:00,347.3359375,8746237.333333334,5090588.8,8746237.333333334,16.997530528881022,29.58323984334129,1
2023-12-16 07:26:00,334.0078125,4761355.2,2713530.4,4761355.2,22.204850353332912,25.86215414000132,1
2023-12-16 07:28:00,335.0703125,7256168.0,4332962.133333334,7256168.0,16.38141880668829,25.542034883304343,1
2023-12-16 07:30:00,344.49609375,10562328.0,6295097.333333332,10562328.0,24.441370724428765,23.560696306667523,1
2023-12-16 07:32:00,342.87109375,8062628.266666668,4371922.4,8062628.266666668,16.81678691112514,21.808991126696725,1
2023-12-16 07:34:00,343.74609375,6990875.8126354385,4175258.543090515,6990875.8126354385,13.746069553793852,23.94236227703005,1
2023-12-16 07:36:00,342.8671875,7967276.266666668,4514112.533333333,7967276.266666668,22.19068571556515,31.50677694667441,1
2023-12-16 07:38:00,343.1796875,6496344.8,3594762.933333333,6496344.8,18.17655889776587,25.66954595667388,1
2023-12-16 07:40:00,347.796875,10652177.066666666,5562488.0,10652177.066666666,22.369551108891354,25.44712306330136,1
2023-12-16 07:42:00,338.20703125,8936457.333333334,4962291.466666667,8936457.333333334,21.704763426645915,29.493940970035812,1
2023-12-16 07:44:00,336.19921875,7696393.866666666,4225047.733333333,7696393.866666666,11.137979184439043,13.93707028662902,1
2023-12-16 07:46:00,344.1015625,7649639.2,3880733.866666666,7649639.2,18.249751206668503,21.634371406689752,1
2023-12-16 07:48:00,344.15625,10189446.4,5634439.733333332,10189446.4,21.94505452886612,16.279769936663794,1
2023-12-16 07:50:00,345.36328125,7576431.2,4429767.466666667,7576431.2,7.657411817797563,29.557263913350955,1
2023-12-16 07:52:00,345.36328125,8525638.133333333,4242220.533333333,8525638.133333333,14.924911515554413,29.318604370006746,1
2023-12-16 07:54:00,345.36328125,9034449.333333334,5071574.933333334,9034449.333333334,16.99316854000143,28.359606679975208,1
2023-12-16 07:56:00,343.4296875,8458978.4,4655119.2,8458978.4,16.801164631130327,38.198435129985846,1
2023-12-16 07:58:00,343.4296875,7247233.651089927,4178353.176454903,7247233.651089927,15.542968670966294,26.807475794912662,1
2023-12-16 08:00:00,340.0390625,4760804.266666667,2853604.533333333,4760804.266666667,19.25371117110545,23.92428469334845,1
2023-12-16 08:02:00,344.14453125,7723694.4,4426403.466666667,7723694.4,13.910747026675384,27.99463452000055,1
2023-12-16 08:04:00,342.921875,9263153.6,4965897.066666666,9263153.6,15.938144144440432,31.597006803349363,1
2023-12-16 08:06:00,340.2578125,8236413.967915152,4363624.720675048,8236413.967915152,15.099813271955785,20.877677573944602,1
2023-12-16 08:08:00,341.08984375,9328676.8,5006966.4,9328676.8,9.702242504443149,21.110056400017733,1
2023-12-16 08:10:00,337.140625,9126767.713124042,4971049.256815303,9126767.713124042,15.358351049806018,25.9812473338726,1
2023-12-16 08:12:00,342.55078125,8620483.446137434,4783537.75881039,8620483.446137434,17.24754437589409,25.12628000200417,1
2023-12-16 08:14:00,340.30078125,8192038.933333334,4806636.0,8192038.933333334,18.04228342445438,22.295108896651072,1
2023-12-16 08:16:00,337.0234375,9596180.533333333,5084214.666666667,9596180.533333333,23.08877724445968,12.351985726660738,1
2023-12-16 08:18:00,342.17578125,6111774.133333334,3906338.933333333,6111774.133333334,9.224189884423847,19.143569350029182,1
2023-12-16 08:20:00,342.17578125,7826164.0,4831010.666666667,7826164.0,16.09790632666166,21.80582131666597,1
2023-12-16 08:22:00,311.46484375,6922322.4,4873788.0,6922322.4,9.528457513337749,10.15765696002442,1
2023-12-16 08:24:00,307.86328125,5754556.384964009,4098475.3399093575,5754556.384964009,13.239922178524491,33.188691815506466,1
2023-12-16 08:26:00,305.859375,7406840.0,5111776.266666667,7406840.0,14.421100675535856,24.166703733353643,1
2023-12-16 08:28:00,306.41015625,7769036.0,5261812.533333333,7769036.0,19.97367362000255,27.158869809985237,1
2023-12-16 08:30:00,306.94921875,7927208.533333332,5048920.0,7927208.533333332,23.688368017772323,27.713195123311984,1
2023-12-16 08:32:00,315.765625,5482642.933333334,3878469.866666666,5482642.933333334,14.98811044222546,29.020698189997354,1
2023-12-16 08:34:00,308.1484375,5939762.933333334,4037980.266666666,5939762.933333334,15.557993011122258,33.11870286333336,1
2023-12-16 08:36:00,318.1953125,5953334.933333334,4293795.733333333,5953334.933333334,12.253926035579449,12.837346703357374,1
2023-12-16 08:38:00,311.81640625,8740599.733333332,6167255.2,8740599.733333332,17.398562204454922,21.111772123355575,1
2023-12-16 08:40:00,318.21484375,7161666.4,5107926.133333334,7161666.4,16.678108868881182,18.893378786645673,1
2023-12-16 08:42:00,310.9140625,6848932.8,4706414.4,6848932.8,16.945092524466514,24.843777886659762,1
2023-12-16 08:44:00,313.5234375,4153560.8,2854548.533333333,4153560.8,15.63321617334926,29.037639653348986,1
2023-12-16 08:46:00,314.421875,4126476.0,2736513.066666667,4126476.0,14.055293157774337,26.83870237330363,1
2023-12-16 08:48:00,307.625,6357971.733333332,4186328.266666666,6357971.733333332,19.772162773329505,30.236201049992815,1
2023-12-16 08:50:00,308.3046875,6861668.533333332,4971863.733333333,6861668.533333332,12.456897944470661,25.85628206337181,1
2023-12-16 08:52:00,317.6484375,7383865.866666666,4897922.666666667,7383865.866666666,19.044539479978596,25.84449716664191,1
2023-12-16 08:54:00,314.1484375,7785748.266666668,5286810.4,7785748.266666668,18.689612717781632,30.26549744667136,1
2023-12-16 08:56:00,311.4296875,7126954.4,4997524.533333333,7126954.4,7.4259381177641135,22.431120669983407,1
2023-12-16 08:58:00,309.77734375,8420425.6,6251435.466666668,8420425.6,17.898748491101692,24.754735990039386,1
2023-12-16 09:00:00,313.38671875,6408452.0,3899660.8,6408452.0,17.91657922220313,18.87695015335339,1
2023-12-16 09:02:00,342.921875,7311447.806959072,5630989.73470204,7311447.806959072,21.666673710188213,24.98481132185089,1
2023-12-16 09:04:00,303.91796875,6508660.621416188,4561170.022669689,6508660.621416188,9.832262070502782,22.545503690521315,1
2023-12-16 09:06:00,326.9375,5428060.533333333,3777041.066666667,5428060.533333333,9.727871180026947,22.839134216677238,1
2023-12-16 09:08:00,311.140625,6042633.6,4039994.4,6042633.6,21.0185813311384,20.52913614330464,1
2023-12-16 09:10:00,322.41796875,6086460.8,4403328.533333333,6086460.8,16.289815513333043,19.48590424663659,1
2023-12-16 09:12:00,327.7890625,4087574.666666666,2857221.6,4087574.666666666,18.736716873342328,29.19992583333321,1
2023-12-16 09:14:00,308.28515625,7039789.564927488,5086603.50058343,7039789.564927488,17.188501650297624,31.766480400088376,1
2023-12-16 09:16:00,306.84765625,4937873.333333333,3827864.0,4937873.333333333,14.154318591107664,24.185351630003424,1
2023-12-16 09:18:00,308.12109375,5487440.8,3845907.2,5487440.8,14.76831721332726,19.93997781998284,1
2023-12-16 09:20:00,309.27734375,7256391.733333332,4650362.133333334,7256391.733333332,14.712688806660786,24.09275824335055,1
2023-12-16 09:22:00,309.41796875,6448137.866666666,4279807.733333333,6448137.866666666,17.724357473327675,27.37473488664061,1
2023-12-16 09:24:00,313.40234375,3313074.4,2308631.2,3313074.4,9.015201957792874,25.67976768666995,1
2023-12-16 09:26:00,319.25390625,5886213.6,4119680.8,5886213.6,18.62418845554607,26.09779192333614,1
2023-12-16 09:28:00,314.0703125,6372743.466666668,4263243.2,6372743.466666668,16.954982486689307,28.195503073366122,1
2023-12-16 09:30:00,318.2734375,8716005.333333334,5719810.133333334,8716005.333333334,18.46158339111652,21.658687386661768,1
2023-12-16 09:32:00,311.37890625,6771052.8,4805000.266666667,6771052.8,22.83639274447018,22.110175563332934,1
2023-12-16 09:34:00,321.43359375,6858063.7248366885,4623130.782562327,6858063.7248366885,10.582586683993696,21.646987654987488,1
2023-12-16 09:36:00,304.953125,5340504.8,3861805.333333334,5340504.8,14.933444884437547,16.35196970334315,1
2023-12-16 09:38:00,316.51953125,6143493.4346464025,4617854.829034193,6143493.4346464025,10.475456675336174,21.36499756378748,1
2023-12-16 09:40:00,305.65625,6574315.466666668,4303268.266666667,6574315.466666668,17.847572195557106,26.581798173331965,1
2023-12-16 09:42:00,311.4375,5284178.4,3476956.0,5284178.4,9.134146333316394,14.057545933319487,1
2023-12-16 09:44:00,310.55078125,6221337.066666666,4281356.533333333,6221337.066666666,16.022289599996935,29.459888266671136,1
2023-12-16 09:46:00,307.44921875,6746727.2,4743111.2,6746727.2,17.901140277778413,23.18549929002377,1
2023-12-16 09:48:00,313.00390625,7058945.866666666,4673786.133333334,7058945.866666666,18.205647453303552,24.070428606695103,1
2023-12-16 09:50:00,308.76953125,5441569.066666666,3884694.666666666,5441569.066666666,17.87785371998325,27.225344836673077,1
2023-12-16 09:52:00,313.3359375,8077305.2294557085,5258681.963713978,8077305.2294557085,9.768312110883963,22.913755336159433,1
2023-12-16 09:54:00,306.4375,5391080.266666667,3972317.333333334,5391080.266666667,20.90222378445712,36.991599629982375,1
2023-12-16 09:56:00,310.33203125,6197991.2,4069447.7333333325,6197991.2,13.656310386658232,31.41118752333568,1
2023-12-16 09:58:00,306.5703125,6785147.2,4971585.066666666,6785147.2,16.376797642216033,22.23333678334408,1
2023-12-16 10:00:00,309.3984375,6334682.666666668,4417278.666666667,6334682.666666668,13.319429408875294,23.138227733337175,1
2023-12-16 10:02:00,308.34765625,4153138.4,2804411.466666667,4153138.4,16.04194873555874,28.765339709983287,1
2023-12-16 10:04:00,309.46484375,5122716.8,3655985.066666667,5122716.8,8.273256422220989,25.875974896674357,1
2023-12-16 10:06:00,310.21875,6552197.392551097,4279411.023306992,6552197.392551097,13.160144183266544,26.40740767894452,1
2023-12-16 10:08:00,308.26171875,3818313.866666666,2511244.0,3818313.866666666,18.998578573357207,25.17161790999429,1
2023-12-16 10:10:00,321.7734375,3370476.533333333,2589521.066666667,3370476.533333333,17.248544528879894,15.053894046674635,1
2023-12-16 10:12:00,329.7109375,7218192.8,4899023.2,7218192.8,18.151745728876755,15.577774349997828,1
2023-12-16 10:14:00,310.89453125,8548584.8,5849429.6,8548584.8,23.081434686642343,29.07736037668656,1
2023-12-16 10:16:00,320.1484375,5331428.038130791,3535933.604426372,5331428.038130791,19.783512670250524,14.560337714172961,1
2023-12-16 10:18:00,316.74609375,7687013.066666666,5416580.8,7687013.066666666,21.288677380006344,21.339475153314805,1
2023-12-16 10:20:00,305.48828125,5896910.933333334,4125327.466666667,5896910.933333334,20.19851174667969,32.41862915669723,1
2023-12-16 10:22:00,312.6640625,7618982.4,5109770.133333334,7618982.4,12.013980633346364,30.380467840004712,1
2023-12-16 10:24:00,320.73046875,6226464.266666668,4536702.133333334,6226464.266666668,16.967016902215413,27.1177218966477,1
2023-12-16 10:26:00,318.6484375,5221381.333333333,4016209.866666666,5221381.333333333,16.027903626672927,22.191315293312073,1
2023-12-16 10:28:00,311.546875,5399280.266666667,3916603.2,5399280.266666667,16.69588837998971,23.313744573339747,1
2023-12-16 10:30:00,312.90625,5705412.0,4157523.7333333325,5705412.0,16.068532266654074,14.658723253329905,1
2023-12-16 10:32:00,322.05859375,6972028.533333332,4657474.4,6972028.533333332,14.037270237782245,24.74290584999835,1
2023-12-16 10:34:00,313.05859375,8825485.066666666,5843610.4,8825485.066666666,15.681117813316328,27.126675726661528,1
2023-12-16 10:36:00,309.625,5535205.333333333,4126092.0,5535205.333333333,15.371427373320332,27.573276566690758,1
2023-12-16 10:38:00,307.1484375,5641322.666666668,3852768.8,5641322.666666668,19.102579068890517,23.543697696683623,1
2023-12-16 10:40:00,314.68359375,6855057.6,4752897.866666666,6855057.6,16.455879315552814,25.73052006337093,1
2023-12-16 10:42:00,303.74609375,6806233.066666666,5108222.133333334,6806233.066666666,15.805687057792161,23.00040822665323,1
2023-12-16 10:44:00,310.94140625,7809206.133333334,5562054.666666667,7809206.133333334,11.511166288886065,27.135544993313182,1
2023-12-16 10:46:00,315.72265625,2682452.533333333,1975893.333333333,2682452.533333333,19.64983989998776,23.519651979974395,1
2023-12-16 10:48:00,309.8828125,7893164.533333332,5467859.2,7893164.533333332,13.650687695545555,29.09219462337205,1
2023-12-16 10:50:00,319.45703125,7071365.066666666,4727971.733333333,7071365.066666666,15.992846884441356,26.7911395499929,1
2023-12-16 10:52:00,307.24609375,4489832.8,2836228.8,4489832.8,14.388133617790626,23.582125406683193,1
2023-12-16 10:54:00,309.1484375,6566873.866666666,4550816.0,6566873.866666666,15.15097300887444,27.85186060665486,1
2023-12-16 10:56:00,309.34375,9226968.266666668,6337422.933333334,9226968.266666668,16.035156735548902,24.101599733306408,1
2023-12-16 10:58:00,308.5625,8048204.266666668,5382280.533333333,8048204.266666668,14.203764962245865,29.611750716673363,1
2023-12-16 11:00:00,309.6484375,5101315.733333333,3333057.066666667,5101315.733333333,10.532832119982533,19.47440296333904,1
2023-12-16 11:02:00,310.38671875,3059913.4118274907,2230243.420833194,3059913.4118274907,8.615129159583656,19.388256999441204,1
2023-12-16 11:04:00,307.7265625,5124185.448121855,3906336.5663433657,5124185.448121855,14.17883712293724,28.42372261442028,1
2023-12-16 11:06:00,308.5,8911641.333333334,5813393.6,8911641.333333334,11.75621391555372,23.86276995331476,1
2023-12-16 11:08:00,312.96875,5964858.133333334,4297186.4,5964858.133333334,12.352752604444198,28.93290725667612,1
2023-12-16 11:10:00,315.54296875,3527428.266666666,2381103.2,3527428.266666666,10.58142958888008,29.693250856701827,1
2023-12-16 11:12:00,318.65625,4555746.666666667,2968625.066666667,4555746.666666667,18.937582095548148,25.58166788003291,1
2023-12-16 11:14:00,322.26953125,7026806.933333334,4700174.933333334,7026806.933333334,22.60579210224225,27.87042893663359,1
2023-12-16 11:16:00,314.34375,4550102.4,3433771.466666667,4550102.4,15.119126197791452,13.930061156667456,1
2023-12-16 11:18:00,320.90625,6642141.066666666,4446877.6,6642141.066666666,17.886207084456046,15.794102176635835,1
2023-12-16 11:20:00,321.59375,5145646.133333334,3712890.933333333,5145646.133333334,16.811434542210513,25.81695881337509,1
2023-12-16 11:22:00,307.5234375,8576635.2,5534490.933333334,8576635.2,19.310624582220854,26.14724885332786,1
2023-12-16 11:24:00,309.16015625,3624340.8,2711534.4,3624340.8,12.746862511105268,27.198793416658496,1
2023-12-16 11:26:00,320.45703125,6235809.333333332,4248940.0,6235809.333333332,20.092507366692487,24.32439166004769,1
2023-12-16 11:28:00,334.6484375,9208630.133333333,6413859.733333332,9208630.133333333,17.344370026645873,27.705890316671386,1
2023-12-16 11:30:00,316.17578125,6691577.333333332,4662464.533333333,6691577.333333332,16.012672182211347,15.757248000008984,1
2023-12-16 11:32:00,310.6484375,3443271.733333333,2411432.0,3443271.733333333,14.758226655572395,18.279542946693255,1
2023-12-16 11:34:00,317.26953125,5954542.666666668,4010614.1333333324,5954542.666666668,11.931410322205114,37.49333239000407,1
2023-12-16 11:36:00,320.82421875,4181090.666666666,2865572.533333333,4181090.666666666,9.365050533346627,27.73688605001856,1
2023-12-16 11:38:00,280.4296875,4966249.866666666,4704036.0,4966249.866666666,9.768464237761993,13.90971151330935,1
2023-12-16 11:40:00,274.38671875,4567752.8,4232751.733333333,4567752.8,12.427200444443667,31.95314783001474,1
2023-12-16 11:42:00,288.3046875,4654846.4,4122182.666666666,4654846.4,13.1091069666824,24.253803436683178,1
2023-12-16 11:44:00,275.609375,4516857.6,4222861.6,4516857.6,13.430751357777302,9.961707113300994,1
2023-12-16 11:46:00,289.87109375,3476535.733333333,3304589.6,3476535.733333333,7.203423702222708,21.772332656692015,1
2023-12-16 11:48:00,275.74609375,4317716.8,4051430.4,4317716.8,16.2787195489121,17.770409829972778,1
2023-12-16 11:50:00,284.55078125,4179774.4,3812192.533333333,4179774.4,18.206594526677183,19.250002730016906,1
2023-12-16 11:52:00,279.8671875,4624577.333333333,4105884.266666666,4624577.333333333,6.514870106669452,21.069832653302,1
2023-12-16 11:54:00,285.94921875,6332478.133333334,5789208.533333332,6332478.133333334,11.474302026650145,21.757395843354363,1
2023-12-16 11:56:00,289.83203125,6276566.133333334,5730959.733333332,6276566.133333334,15.993053937790036,23.877884589989357,1
2023-12-16 11:58:00,291.87890625,5070068.8,4615120.0,5070068.8,14.746031142227972,22.213091703306414,1
2023-12-16 12:00:00,288.12890625,3576063.2,3442465.333333333,3576063.2,21.134105031119866,13.520073296676856,1
2023-12-16 12:02:00,272.296875,4221572.0,3591583.2,4221572.0,15.911088717790939,28.85732189330156,1
2023-12-16 12:04:00,289.50390625,4367911.466666667,4064787.466666667,4367911.466666667,13.708481599977755,26.772092913355056,1
2023-12-16 12:06:00,292.5234375,4368181.333333333,4001273.866666666,4368181.333333333,14.240810768872809,19.955511436710367,1
2023-12-16 12:08:00,288.39453125,4602058.133333334,4310354.666666667,4602058.133333334,15.06441505554701,18.714795689981354,1
2023-12-16 12:10:00,274.76171875,5156995.2,4877014.666666667,5156995.2,19.78475768222577,28.71094077665475,1
2023-12-16 12:12:00,280.3984375,4451067.733333333,3912536.8,4451067.733333333,20.763544102212308,12.409061103341324,1
2023-12-16 12:14:00,292.9296875,4741945.066666666,4361155.733333333,4741945.066666666,16.312356279975372,21.90671596331716,1
2023-12-16 12:16:00,287.55859375,3892980.533333333,3787135.466666667,3892980.533333333,19.68125907332352,18.42913799662104,1
2023-12-16 12:18:00,287.375,3563836.8735202905,3476381.073060122,3563836.8735202905,8.929612042203024,20.052697679158022,1
2023-12-16 12:20:00,281.14453125,4609672.0,4317070.933333334,4609672.0,15.939010864434142,24.69551822670231,1
2023-12-16 12:22:00,279.16015625,4493005.866666666,3958259.466666667,4493005.866666666,18.664510508889283,21.307681766629685,1
2023-12-16 12:24:00,274.84375,4781258.933333334,4456355.733333333,4781258.933333334,18.025916224416708,14.123204453353539,1
2023-12-16 12:26:00,275.99609375,3782536.0,3470469.333333333,3782536.0,7.357751853350137,29.04891320334476,1
2023-12-16 12:28:00,277.91796875,1895774.133333333,1849942.933333333,1895774.133333333,12.103293482214212,21.884887870013088,1
2023-12-16 12:30:00,290.11328125,6746975.733333332,6286285.866666666,6746975.733333332,17.732269284444758,24.091988763345093,1
2023-12-16 12:32:00,288.6640625,5554369.333333333,4772788.266666667,5554369.333333333,16.970887473338127,21.69820792997295,1
2023-12-16 12:34:00,280.30859375,5513522.933333334,4913421.066666666,5513522.933333334,12.716611711107864,23.507045579996575,1
2023-12-16 12:36:00,280.359375,2585004.0,2189715.466666667,2585004.0,16.533038493329922,21.5795756833298,1
2023-12-16 12:38:00,277.03515625,4503278.520246626,4208863.589401767,4503278.520246626,14.37074572237661,14.197637313804462,1
2023-12-16 12:40:00,276.2421875,4194626.037672945,3763641.140190032,4194626.037672945,14.455107889072595,18.659083883978692,1
2023-12-16 12:42:00,273.8671875,3916589.066666667,3397962.4,3916589.066666667,13.866127335544055,19.901626719996177,1
2023-12-16 12:44:00,287.8828125,4321856.8,3980635.466666667,4321856.8,16.672172013333896,22.421969766680075,1
2023-12-16 12:46:00,276.5625,3728354.1333333324,3651870.666666666,3728354.1333333324,14.70507482664996,34.00055682000433,1
2023-12-16 12:48:00,279.33984375,2474345.112681691,2289420.1893585813,2474345.112681691,12.523870502729855,26.16038718497257,1
2023-12-16 12:50:00,276.98046875,5949156.266666668,5482741.866666666,5949156.266666668,14.532941899993201,20.287345133304672,1
2023-12-16 12:52:00,281.390625,2951037.066666667,2675631.466666667,2951037.066666667,9.136965924472962,21.59478307332999,1
2023-12-16 12:54:00,274.15625,3195396.533333333,3025438.666666666,3195396.533333333,7.959087695570713,25.12217416331017,1
2023-12-16 12:56:00,288.8125,5644482.933333334,5021420.533333333,5644482.933333334,14.031973491105926,23.05519247999958,1
2023-12-16 12:58:00,282.078125,3347022.933333333,3181680.533333333,3347022.933333333,15.924226075585466,25.23166058667509,1
2023-12-16 13:00:00,275.37890625,7062205.866666666,6338675.466666668,7062205.866666666,18.092201748901672,31.53947064332897,1
2023-12-16 13:02:00,274.109375,3812839.2,3594752.8,3812839.2,11.886149908888099,14.853944783341527,1
2023-12-16 13:04:00,279.984375,5536139.2417725315,4922566.103164284,5536139.2417725315,14.71160984742452,13.018543056241572,1
2023-12-16 13:06:00,286.52734375,5282533.6,4842296.8,5282533.6,16.62603141332511,17.784200876679577,1
2023-12-16 13:08:00,275.37890625,2394368.0,2044083.2,2394368.0,18.437087991106733,17.87508675333811,1
2023-12-16 13:10:00,272.97265625,4815780.533333333,4312636.266666667,4815780.533333333,11.18353285112082,22.00564688668237,1
2023-12-16 13:12:00,293.93359375,5110663.822980538,4611912.2900559865,5110663.822980538,15.095097916116393,23.685172477333328,1
2023-12-16 13:14:00,280.33984375,4103728.533333333,3788514.1333333324,4103728.533333333,18.378593557766486,22.570586220002347,1
2023-12-16 13:16:00,276.015625,4770613.866666666,4456940.0,4770613.866666666,16.123659397772926,21.456086430019546,1
2023-12-16 13:18:00,294.625,4329131.803628601,3956933.8313767337,4329131.803628601,7.4635464781202305,28.38586209644539,1
2023-12-16 13:20:00,292.58984375,3477227.2,3379578.933333333,3477227.2,15.827914926663249,19.211641343329877,1
2023-12-16 13:22:00,280.67578125,6807577.333333332,6294953.333333332,6807577.333333332,15.695484419993589,27.758222213306,1
2023-12-16 13:24:00,285.2265625,4640197.333333333,4238214.4,4640197.333333333,18.597977446657342,20.12466977665705,1
2023-12-16 13:26:00,295.5546875,3623866.4,3273000.8,3623866.4,17.79406164889224,18.853249896686368,1
2023-12-16 13:28:00,281.39453125,4543502.933333334,4114980.0,4543502.933333334,18.47751613777493,22.021090329993363,1
2023-12-16 13:30:00,286.83203125,5248895.733333333,4741875.466666667,5248895.733333333,13.733587417777422,27.20327557001535,1
2023-12-16 13:32:00,279.87109375,6909475.466666668,6237268.0,6909475.466666668,14.871068948899241,24.808328576667318,1
2023-12-16 13:34:00,286.3515625,5590380.266666667,5013485.866666666,5590380.266666667,6.842825368868136,26.899703286665808,1
2023-12-16 13:36:00,275.05078125,6336678.933333334,5687789.866666666,6336678.933333334,13.593486591125838,18.22292197335628,1
2023-12-16 13:38:00,274.50390625,5102040.0,4504131.733333333,5102040.0,18.477587433363727,16.518829559984926,1
2023-12-16 13:40:00,278.8359375,6645549.866666666,6068976.0,6645549.866666666,18.83426688000327,14.69175121334653,1
2023-12-16 13:42:00,276.09765625,6462352.266666668,5724677.866666666,6462352.266666668,11.89823829332858,23.4506194833375,1
2023-12-16 13:44:00,271.98046875,5646952.0,5283154.133333334,5646952.0,14.065307842231253,32.20641322666779,1
2023-12-16 13:46:00,286.375,4287592.266666667,4042554.666666666,4287592.266666667,21.216954046653374,21.40977978997398,1
2023-12-16 13:48:00,281.58984375,2633465.066666667,2284288.533333333,2633465.066666667,12.601707835532984,27.795829646687107,1
2023-12-16 13:50:00,277.19140625,3831234.8058009674,3559496.4494082346,3831234.8058009674,21.826440488987718,20.702523083875807,1
2023-12-16 13:52:00,283.375,4930930.4,4334312.0,4930930.4,14.349606557775084,19.568834813350502,1
2023-12-16 13:54:00,277.7109375,4685846.133333334,4374604.0,4685846.133333334,15.925364533322867,20.893397373341337,1
2023-12-16 13:56:00,283.12109375,2720635.733333333,2489552.266666666,2720635.733333333,13.799652133343947,25.180449073329026,1
2023-12-16 13:58:00,277.734375,3968401.866666666,3479208.533333333,3968401.866666666,17.8839143710987,25.55234626333307,1
2023-12-16 14:00:00,284.515625,4768334.666666667,4323535.733333333,4768334.666666667,22.98665269775989,23.39450620333082,1
2023-12-16 14:02:00,286.8359375,3396445.5112177883,3050014.8681534817,3396445.5112177883,16.783006540669042,20.837042784274963,1
2023-12-16 14:04:00,289.375,4826389.333333333,4415909.066666666,4826389.333333333,13.7164638800055,23.02503444666702,1
2023-12-16 14:06:00,272.0078125,4859952.0,4338364.266666667,4859952.0,11.838934079989688,27.049361286675172,1
2023-12-16 14:08:00,275.35546875,3764302.666666666,3456087.733333333,3764302.666666666,14.274637775540919,11.03492535665282,1
2023-12-16 14:10:00,274.49609375,4264799.2,3893648.533333333,4264799.2,8.556743264457005,28.512009450011345,1
2023-12-16 14:12:00,288.859375,4227097.066666666,3631888.266666666,4227097.066666666,18.77967608442608,12.369593909970718,1
2023-12-16 14:14:00,281.58203125,4042791.7333333325,3547640.533333333,4042791.7333333325,7.656346306644587,23.31731226004195,1
2023-12-16 14:16:00,280.4765625,6251947.2,5854902.4,6251947.2,15.348606135553885,25.193290590007862,1
2023-12-16 14:18:00,277.0703125,4553572.8,4099885.6,4553572.8,23.27279286666049,22.69312938001045,1
2023-12-16 14:20:00,277.06640625,5290537.4049873315,4630487.798373116,5290537.4049873315,17.53975537627225,30.692294899336037,1
2023-12-16 14:22:00,280.859375,4804061.866666666,4227248.533333333,4804061.866666666,15.335716746663413,25.93033013331781,1
2023-12-16 14:24:00,274.1640625,3936205.6,3519530.1333333333,3936205.6,15.048463120021756,29.367571473315675,1
2023-12-16 14:26:00,273.0234375,5407344.8,5001552.266666667,5407344.8,15.716342788881676,26.167787503315292,1
2023-12-16 14:28:00,279.4609375,4584891.466666667,4202334.933333334,4584891.466666667,20.367874591093926,30.21974429332961,1
2023-12-16 14:30:00,278.94140625,2771898.1333333333,2545218.1333333333,2771898.1333333333,12.916165162233586,25.602264653328646,1
2023-12-16 14:32:00,288.22265625,6114444.866540037,5420885.201106335,6114444.866540037,19.629212527366448,26.352375740609908,1
2023-12-16 14:34:00,289.5546875,5598421.333333333,5263897.066666666,5598421.333333333,8.293514908873478,12.0077116433337,1
2023-12-16 14:36:00,287.609375,5276773.6,4669327.2,5276773.6,14.390132808896144,17.100651133320447,1
2023-12-16 14:38:00,278.44140625,4952922.133333334,4633213.866666666,4952922.133333334,11.512278873318186,25.77204417330601,1
2023-12-16 14:40:00,283.35546875,5672699.2,5153937.6,5672699.2,18.55386866887177,16.511192590017647,1
2023-12-16 14:42:00,278.93359375,4907505.066666666,4379107.2,4907505.066666666,9.799587384428984,22.022388623348277,1
2023-12-16 14:44:00,275.94140625,5554321.333333333,5160709.866666666,5554321.333333333,13.318666239986973,19.5319165099742,1
2023-12-16 14:46:00,276.12890625,4387554.4,3981720.8,4387554.4,15.218982040015463,28.675438429975962,1
2023-12-16 14:48:00,275.84375,3850394.933333333,3640954.933333333,3850394.933333333,14.173686015549011,25.106639350027155,1
2023-12-16 14:50:00,301.30859375,3715884.533333333,3490410.933333333,3715884.533333333,19.169589833343505,23.695679660013408,1
2023-12-16 14:52:00,283.546875,1900493.866666667,1851705.333333333,1900493.866666667,14.892335040009735,23.883515079990808,1
2023-12-16 14:54:00,286.3984375,5016636.648655862,4639697.418451071,5016636.648655862,6.047847777545426,21.36909854577337,1
2023-12-16 14:56:00,276.7421875,4499805.066666666,4128252.8,4499805.066666666,16.607812086682927,20.839096246636476,1
2023-12-16 14:58:00,283.37109375,4293855.2,3940992.533333333,4293855.2,10.760007533341804,15.43557583000317,1
2023-12-16 15:00:00,281.21875,4426379.733333333,4095189.066666667,4426379.733333333,8.210112946657723,18.209252253339702,1
2023-12-16 15:02:00,283.19140625,4253756.897241103,3705630.81434093,4253756.897241103,18.687213585683974,26.679144818742987,1
2023-12-16 15:04:00,287.2578125,4229795.899316553,3979946.2577096177,4229795.899316553,21.461991098504065,22.172915609258485,1
2023-12-16 15:06:00,281.03125,5061078.4,4822402.133333334,5061078.4,16.09780633556915,16.38671609000691,1
2023-12-16 15:08:00,276.01953125,4315295.733333333,4088165.333333334,4315295.733333333,17.334018826659307,31.346080340008488,1
2023-12-16 15:10:00,280.75,5699396.8,5139048.266666667,5699396.8,14.945727817798293,20.15864720000536,1
2023-12-16 15:12:00,284.98828125,2532742.4989998667,2443331.644219229,2532742.4989998667,14.793872811938641,25.096317585678946,1
2023-12-16 15:14:00,284.96875,5335986.1287095705,4741868.622874292,5335986.1287095705,11.850431739463716,19.07590337775952,1
2023-12-16 15:16:00,279.78125,2485204.1226074155,2265093.829473966,2485204.1226074155,13.07041787357976,27.17875637132287,1
2023-12-16 15:18:00,292.578125,3918083.7333333325,3804675.2,3918083.7333333325,14.767769542231688,19.447058756680537,1
2023-12-16 15:20:00,287.68359375,3565758.1333333333,3268962.4,3565758.1333333333,16.250706315557988,14.849082463333616,1
2023-12-16 15:22:00,289.50390625,2902638.933333333,2546325.8666666667,2902638.933333333,15.551916215529973,15.618704006677339,1
2023-12-16 15:24:00,273.8046875,4308489.333333333,3949002.666666666,4308489.333333333,14.011851737773721,23.093778893332157,1
2023-12-16 15:26:00,274.5703125,5277244.266666667,4730879.733333333,5277244.266666667,20.550803400013443,22.38272028330054,1
2023-12-16 15:28:00,290.453125,7119843.220903879,6713644.847353687,7119843.220903879,15.87987899393821,19.608496990398734,1
2023-12-16 15:30:00,288.6015625,4583298.516913848,4189191.4014330944,4583298.516913848,15.811049249562242,15.031292271258168,1
2023-12-16 15:32:00,288.41015625,4539842.133333334,4054403.2,4539842.133333334,14.692548013311653,19.92775525330217,1
2023-12-16 15:34:00,285.6953125,2937396.533333333,2662438.1333333333,2937396.533333333,9.415407117792508,20.859964466653768,1
2023-12-16 15:36:00,288.4765625,4359587.2,4054131.2,4359587.2,14.6599008088621,19.557570396670297,1
2023-12-16 15:38:00,281.984375,2811760.8,2614766.4,2811760.8,12.573354357769453,27.062913999980086,1
2023-12-16 15:40:00,279.4453125,4302083.466666667,3947516.8,4302083.466666667,13.076013195548313,27.272709143338336,1
2023-12-16 15:42:00,279.56640625,4952124.770886793,4272354.050721498,4952124.770886793,13.887283536053287,22.078514909836436,1
2023-12-16 15:44:00,274.66796875,3467007.165950072,3227619.3713961937,3467007.165950072,18.028403670727574,28.899186981326608,1
2023-12-16 15:46:00,287.72265625,5664628.266666668,5034275.466666667,5664628.266666668,19.230517386685182,19.787206466668675,1
2023-12-16 15:48:00,285.95703125,4834686.666666667,4495320.533333333,4834686.666666667,12.806794997789742,29.413031180010872,1
2023-12-16 15:50:00,284.15625,3655537.333333334,3193765.6,3655537.333333334,14.118160304464658,22.41110489000372,1
2023-12-16 15:52:00,282.66015625,3708771.466666667,3437597.8666666667,3708771.466666667,18.105562835537263,14.522061113336045,1
2023-12-16 15:54:00,273.40234375,4726420.8,4371514.933333334,4726420.8,13.326637902225938,25.741754943349708,1
2023-12-16 15:56:00,286.328125,5930182.666666668,5449576.533333333,5930182.666666668,13.872054571111224,19.010595799967025,1
2023-12-16 15:58:00,288.30078125,3680786.4,3654117.066666667,3680786.4,17.193768764457975,20.236229473327207,1
2023-12-16 16:00:00,287.421875,2706824.266666666,2647998.933333333,2706824.266666666,15.535612735548055,18.39155219330375,1
2023-12-16 16:02:00,276.296875,6157710.933333334,5507137.333333333,6157710.933333334,14.593521584465632,24.36840826664896,1
2023-12-16 16:04:00,275.8984375,4136527.2,3733062.666666666,4136527.2,11.889866000015495,18.692093110003047,1
2023-12-16 16:06:00,272.1171875,4592080.8,4337788.533333333,4592080.8,16.697750526655,21.02917035003581,1
2023-12-16 16:08:00,278.44140625,2799154.4,2611811.466666667,2799154.4,14.813853639999351,21.637969243359603,1
2023-12-16 16:10:00,287.69140625,4573973.066666666,4222330.133333334,4573973.066666666,9.625647257780656,20.033654073340585,1
2023-12-16 16:12:00,272.55078125,6025218.585427637,5283924.805012999,6025218.585427637,17.67022567607579,21.216645190331647,1
2023-12-16 16:14:00,281.97265625,4791053.066666666,4509463.466666667,4791053.066666666,21.364836184430818,26.480029470015626,1
2023-12-16 16:16:00,277.171875,4864497.333333333,4424193.866666666,4864497.333333333,10.191021266671466,20.51990947996577,1
2023-12-16 16:18:00,275.46875,3051452.533333333,2824537.8666666667,3051452.533333333,17.659720937792574,25.966591716666393,1
2023-12-16 16:20:00,283.046875,4292887.466666667,3916704.266666666,4292887.466666667,15.983360104469789,27.97862785999314,1
2023-12-16 16:22:00,276.84375,3086875.3831800614,2705476.2095161933,3086875.3831800614,16.789332049395224,25.40242953483758,1
2023-12-16 16:24:00,271.859375,5792028.266666668,5256069.333333333,5792028.266666668,10.222668857766418,22.63053719002831,1
2023-12-16 16:26:00,282.2265625,3904025.333333334,3786107.2,3904025.333333334,16.542056613349512,22.438852253302077,1
2023-12-16 16:28:00,284.52734375,4567586.133333334,4281588.0,4567586.133333334,10.099209853344494,22.41937210332253,1
2023-12-16 16:30:00,288.359375,5808081.866666666,5263811.466666667,5808081.866666666,15.958631479976852,14.952665409994855,1
2023-12-16 16:32:00,274.046875,5418566.4,4910796.0,5418566.4,12.139673364452191,22.90112558999681,1
2023-12-16 16:34:00,274.14453125,3481016.533333333,3299886.666666666,3481016.533333333,15.253996544439964,23.141413063325068,1
2023-12-16 16:36:00,282.75,5604751.733333333,5103814.133333334,5604751.733333333,14.115653251097278,21.509841459968204,1
2023-12-16 16:38:00,283.98046875,5184238.666666667,4644110.133333334,5184238.666666667,17.50272738666455,23.134437730041103,1
2023-12-16 16:40:00,286.63671875,5056410.133333334,4743776.8,5056410.133333334,16.249324775546686,23.15122254663341,1
2023-12-16 16:42:00,277.28515625,4970366.666666667,4496158.666666667,4970366.666666667,14.15249663330744,22.45864722664313,1
2023-12-16 16:44:00,278.26953125,6153275.2,5765819.2,6153275.2,8.715133684422147,26.09537573332393,1
2023-12-16 16:46:00,284.7421875,4453333.866666666,4113850.666666666,4453333.866666666,12.329405993320202,24.48166315666943,1
2023-12-16 16:48:00,287.73046875,4422567.180102687,4020208.041608322,4422567.180102687,12.667012409132788,24.791313642736235,1
2023-12-16 16:50:00,275.26953125,4397494.933333334,4094606.933333333,4397494.933333334,19.547995393352014,11.187100970031073,1
2023-12-16 16:52:00,281.44140625,2977695.2,2535631.733333333,2977695.2,15.288579835549976,24.748471776644394,1
2023-12-16 16:54:00,281.84765625,5350968.0,4791311.2,5350968.0,22.886121713349386,23.02338792995821,1
2023-12-16 16:56:00,279.0390625,4459903.733333333,4125988.266666666,4459903.733333333,7.11976272222172,25.258908769998627,1
2023-12-16 16:58:00,289.16015625,5524156.266666667,5027385.066666666,5524156.266666667,14.009756755549462,23.2369909066377,1
2023-12-16 17:00:00,282.3515625,4305677.866666666,3957954.4,4305677.866666666,13.993143148901355,22.707502503326396,1
2023-12-16 17:02:00,275.55859375,4367188.266666667,4063591.466666667,4367188.266666667,21.548541313354182,33.17648335335737,1
2023-12-16 17:04:00,269.9140625,5884399.733333332,5378771.733333333,5884399.733333332,12.617371535549562,11.017432776667798,1
2023-12-16 17:06:00,285.4140625,4423784.8,4099439.466666667,4423784.8,16.72181798222785,24.371526186684303,1
2023-12-16 17:08:00,286.98046875,5195740.533333333,4946234.666666667,5195740.533333333,17.476365562211466,22.800267069978872,1
2023-12-16 17:10:00,278.37890625,2957692.8,2840167.733333333,2957692.8,18.52076915335298,23.471849223327197,1
2023-12-16 17:12:00,285.828125,6170773.518234549,5538603.373558237,6170773.518234549,16.140064455410847,19.45720328020801,1
2023-12-16 17:14:00,270.83984375,4045982.6643552473,3784474.9966662223,4045982.6643552473,10.013775427827467,27.44965882785857,1
2023-12-16 17:16:00,284.671875,4998055.466666667,4692704.266666667,4998055.466666667,17.12936398663765,23.01133384331479,1
2023-12-16 17:18:00,283.9453125,4735066.7022411935,4337341.782283885,4735066.7022411935,15.654836114815733,18.467800330158425,1
2023-12-16 17:20:00,288.453125,6605541.354135413,6228442.310897755,6605541.354135413,15.324922990079775,19.539748578193414,1
2023-12-16 17:22:00,278.625,4443497.6,3924993.066666667,4443497.6,13.626691219978968,20.21661025336168,1
2023-12-16 17:24:00,287.74609375,5176249.766759963,4746244.968679193,5176249.766759963,14.606540439389606,28.04566724975914,1
2023-12-16 17:26:00,278.96875,4565344.8,4233313.6,4565344.8,21.00511771555628,18.74743874000463,1
2023-12-16 17:28:00,272.98828125,5567456.036264249,5015661.089260716,5567456.036264249,22.768281645677504,29.97452210521007,1
2023-12-16 17:30:00,289.6171875,4647241.751649668,4268613.743917883,4647241.751649668,10.091754538000355,22.01213445646856,1
2023-12-16 17:32:00,273.18359375,3840522.933333333,3554244.266666666,3840522.933333333,17.345810724428805,28.631056053369928,1
2023-12-16 17:34:00,287.9453125,4485104.533333333,4102841.066666667,4485104.533333333,12.151246493320086,26.304147466629125,1
2023-12-16 17:36:00,284.3125,4843109.6,4492230.666666667,4843109.6,17.3806154888977,26.929126616693488,1
2023-12-16 17:38:00,283.1328125,3628339.398786909,3191655.0023328667,3628339.398786909,17.143643551283706,21.880847720441267,1
2023-12-16 17:40:00,276.33203125,2918169.6383936014,2588476.8538576905,2918169.6383936014,21.91081655503952,22.045277190450417,1
2023-12-16 17:42:00,276.28125,4650398.080255967,4144874.550059992,4650398.080255967,14.874038865929826,23.254603646163464,1
2023-12-16 17:44:00,276.5078125,5386587.757006232,4880821.087007231,5386587.757006232,8.50727003010933,24.196419820713015,1
2023-12-16 17:46:00,276.91015625,4008612.185041994,3574230.1026529795,4008612.185041994,18.067050779886863,23.271327486343573,1
2023-12-16 17:48:00,274.63671875,4380515.466666667,3978643.2,4380515.466666667,9.56853255112138,21.11406532664356,1
2023-12-16 17:50:00,273.8984375,5564847.466666667,5026560.8,5564847.466666667,9.1952439044447,18.75475231334955,1
2023-12-16 17:52:00,280.22265625,4621219.690614409,4108081.2053286806,4621219.690614409,14.302079567797124,23.05035405519753,1
2023-12-16 17:54:00,274.1171875,3813560.1493731663,3700889.037076554,3813560.1493731663,16.704471390143663,21.18214816282035,1
2023-12-16 17:56:00,275.796875,3307087.466666667,3151960.266666666,3307087.466666667,11.088923168911908,22.78741872670556,1
2023-12-16 17:58:00,271.1328125,4626562.666666667,4329634.4,4626562.666666667,19.2511474844327,26.4662705733402,1
2023-12-16 18:00:00,274.4453125,5295886.666666667,4995489.066666666,5295886.666666667,12.401052962231915,8.883550503329994,1
2023-12-16 18:02:00,280.375,4248254.255921644,3852196.288769697,4248254.255921644,15.36149650089847,21.127321907596837,1
2023-12-16 18:04:00,270.484375,3559239.2,3265246.1333333333,3559239.2,19.11153078221509,22.4132322066968,1
2023-12-16 18:06:00,284.94921875,2938800.533333333,2671579.733333333,2938800.533333333,15.654101120017007,20.58967992668234,1
2023-12-16 18:08:00,282.70703125,4755172.533333333,4319956.8,4755172.533333333,6.564901342240367,19.887034850010725,1
2023-12-16 18:10:00,279.0546875,4494267.2,4168834.933333333,4494267.2,16.983315864442073,24.74630071000623,1
2023-12-16 18:12:00,274.8125,4314732.533333333,3758949.866666666,4314732.533333333,15.068956571113729,18.34795082667066,1
2023-12-16 18:14:00,278.86328125,5249861.6,5061329.066666666,5249861.6,22.624903691111182,24.239325423307797,1
2023-12-16 18:16:00,272.55078125,4176457.5389948008,3791761.898413545,4176457.5389948008,11.857718384218078,18.84374452407852,1
2023-12-16 18:18:00,286.046875,4306192.653823079,4187219.5186987524,4306192.653823079,10.267481990103821,23.352481961200965,1
2023-12-16 18:20:00,292.40234375,4359192.266666667,4028366.933333333,4359192.266666667,14.182845371089773,21.036705113316806,1
2023-12-16 18:22:00,274.02734375,4095837.6,3517742.933333333,4095837.6,15.5289378155592,21.63374099667029,1
2023-12-16 18:24:00,273.8046875,4119580.0,3680500.0,4119580.0,16.461991331113193,32.19610561335381,1
2023-12-16 18:26:00,286.3515625,4444171.47809854,4089042.202813521,4444171.47809854,17.832979843120807,15.383096033047545,1
2023-12-16 18:28:00,297.0546875,4835389.333333333,4494150.133333334,4835389.333333333,15.482788071094545,25.54786539330962,1
2023-12-16 18:30:00,274.859375,4637430.133333334,4318836.8,4637430.133333334,21.608393266667715,24.37757174668756,1
2023-12-16 18:32:00,289.19921875,4739930.4,4279658.4,4739930.4,17.390636831114534,26.209469603345493,1
2023-12-16 18:34:00,292.48046875,4713802.4,4349237.333333333,4713802.4,16.003660111099528,22.483610500009192,1
2023-12-16 18:36:00,278.73046875,4736345.6,4446405.6,4736345.6,12.537989693357506,29.267251656662364,1
2023-12-16 18:38:00,272.22265625,5983753.6,5466503.466666667,5983753.6,15.757669991095705,14.083973689994307,1
2023-12-16 18:40:00,281.78515625,5580350.133333334,5040742.666666667,5580350.133333334,7.574924937798642,20.44363807329016,1
2023-12-16 18:42:00,281.7421875,4749096.0,4241843.2,4749096.0,13.82333108220741,22.61564552667551,1
2023-12-16 18:44:00,273.86328125,2745774.1333333333,2431261.333333333,2745774.1333333333,14.383185468905136,12.785810893304491,1
2023-12-16 18:46:00,282.6484375,3728607.0106393625,3590117.333155455,3728607.0106393625,14.536466977963268,14.109009875581505,1
2023-12-16 18:48:00,271.08203125,4193594.4,3906845.866666666,4193594.4,14.327278186683545,18.305065349995857,1
2023-12-16 18:50:00,273.09765625,3786671.466666667,3424897.333333333,3786671.466666667,9.747992926665274,28.11495300333869,1
2023-12-16 18:52:00,269.1484375,3070229.8689606884,2731126.804708079,3070229.8689606884,14.999256145725116,20.28122274352088,1
2023-12-16 18:54:00,270.58203125,4831033.107725137,4604980.895542294,4831033.107725137,14.447208604239723,25.394065178551873,1
2023-12-16 18:56:00,282.15625,4866155.466666667,4296033.866666666,4866155.466666667,11.717377520011118,20.641515953320773,1
2023-12-16 18:58:00,269.59765625,5475336.8,4920171.466666667,5475336.8,15.740668080009833,31.030995300000853,1
2023-12-16 19:00:00,285.66796875,4209243.466666667,3911554.1333333324,4209243.466666667,17.16961780443348,23.730738740026325,1
2023-12-16 19:02:00,273.74609375,4257619.2,3715955.2,4257619.2,14.88478894442475,19.917160263333546,1
2023-12-16 19:04:00,285.6640625,5393206.4,4761088.8,5393206.4,14.961665448887894,22.57839360332582,1
2023-12-16 19:06:00,285.7421875,3707894.1333333324,3559880.8,3707894.1333333324,16.456375504462308,19.295514396653743,1
2023-12-16 19:08:00,286.890625,5407911.733333333,5225745.6,5407911.733333333,13.375317360009324,27.162222766686078,1
2023-12-16 19:10:00,285.97265625,4711318.4,4436148.0,4711318.4,12.33208014445457,27.194441033352643,1
2023-12-16 19:12:00,279.93359375,4404510.933333334,3844280.8,4404510.933333334,15.495636884459401,20.91774513333803,1
2023-12-16 19:14:00,274.16015625,4541787.466666667,4216258.933333334,4541787.466666667,15.228903520005085,28.704842336689282,1
2023-12-16 19:16:00,278.3359375,4095945.066666667,3763129.066666667,4095945.066666667,15.431566202249892,22.294452276692027,1
2023-12-16 19:18:00,285.140625,5428505.946234052,4869275.325627103,5428505.946234052,15.103068596549148,21.453810783147148,1
2023-12-16 19:20:00,283.0234375,5667517.066666666,5121573.066666666,5667517.066666666,14.119265044444347,18.74829264333433,1
2023-12-16 19:22:00,283.39453125,4193251.758743708,3768989.564231655,4193251.758743708,16.099124671323768,18.084702767265675,1
2023-12-16 19:24:00,292.32421875,6509853.489380147,6064673.26864726,6509853.489380147,15.604442499417855,19.807671368037667,1
2023-12-16 19:26:00,275.140625,4623940.266666667,4307518.933333334,4623940.266666667,14.776529646672616,20.81007260334445,1
2023-12-16 19:28:00,274.578125,3841467.2,3752401.866666666,3841467.2,16.308016500002445,25.35501533668139,1
2023-12-16 19:30:00,289.37890625,5755013.333333332,5173728.8,5755013.333333332,18.875415153355178,24.26892031997947,1
2023-12-16 19:32:00,299.03515625,6331310.133333334,5674526.4,6331310.133333334,15.146900084445305,21.711796373322915,1
2023-12-16 19:34:00,292.640625,4502227.733333333,4187507.466666667,4502227.733333333,13.997501348882606,26.017626556664855,1
2023-12-16 19:36:00,280.5078125,5482459.466666667,5019868.8,5482459.466666667,6.0092153666644474,22.247740473346013,1
2023-12-16 19:38:00,276.30859375,4574658.933333334,4210162.4,4574658.933333334,14.377037582194635,26.186433226685036,1
2023-12-16 19:40:00,280.9296875,5838844.574780059,5376689.682751266,5838844.574780059,11.798077701495993,27.57269171887456,1
2023-12-16 19:42:00,285.6640625,2225375.2,2159097.6,2225375.2,19.15347929332509,18.65720192334265,1
2023-12-16 19:44:00,284.7890625,2789065.333333333,2530389.066666667,2789065.333333333,18.384654546680395,18.259440140003182,1
2023-12-16 19:46:00,274.8671875,4927312.8,4295628.266666667,4927312.8,14.83739144666793,19.545964009982217,1
2023-12-16 19:48:00,274.31640625,5001480.266666667,4424431.466666667,5001480.266666667,18.066573159982607,8.340453686687399,1
2023-12-16 19:50:00,274.671875,6151653.333333332,5725237.066666666,6151653.333333332,7.2563651911008895,14.096773463340163,1
2023-12-16 19:52:00,271.51953125,2799008.0,2528637.333333333,2799008.0,18.021376248895347,23.70399926667839,1
2023-12-16 19:54:00,275.98828125,4267079.2,3926025.866666666,4267079.2,12.956505051115528,22.69958886332461,1
2023-12-16 19:56:00,273.8359375,4693089.333333333,4376962.666666667,4693089.333333333,14.934406344448993,26.59845448666601,1
2023-12-16 19:58:00,280.875,4307618.133333334,4001108.8,4307618.133333334,14.60587360443444,17.419341643350588,1
2023-12-16 20:00:00,275.23046875,4490593.333333333,4106995.466666667,4490593.333333333,14.820325755540075,17.343895809996564,1
2023-12-16 20:02:00,271.96875,4400981.066666666,3934646.933333333,4400981.066666666,14.225880013351949,28.130245819969183,1
2023-12-16 20:04:00,280.0,6492171.733333332,6122594.933333334,6492171.733333332,16.318401746684685,17.732476783373087,1
2023-12-16 20:06:00,276.19921875,3966707.7333333325,3553006.4,3966707.7333333325,18.261009248898414,30.07165273666033,1
2023-12-16 20:08:00,274.640625,4408876.533333333,4002492.8,4408876.533333333,7.566097126659264,25.42678925669558,1
2023-12-16 20:10:00,285.48046875,3833533.6,3424205.6,3833533.6,12.626993653345076,24.395905333318908,1
2023-12-16 20:12:00,271.3125,4114605.8727460583,3926230.5769423055,4114605.8727460583,14.516361197212527,31.682176209038964,1
2023-12-16 20:14:00,272.79296875,7067774.666666668,6420211.733333332,7067774.666666668,17.434092813313733,18.53531215335048,1
2023-12-16 20:16:00,275.19921875,4657741.750549963,4337415.638957403,4657741.750549963,9.68232665377058,8.042652013209185,1
2023-12-16 20:18:00,282.55078125,4364026.666666667,4028689.6,4364026.666666667,13.845504442223401,21.19057403334106,1
2023-12-16 20:20:00,273.82421875,4295791.2,3861874.666666666,4295791.2,15.03046265554278,25.252927463346467,1
2023-12-16 20:22:00,288.81640625,4420643.466666667,3820767.2,4420643.466666667,16.818997468896367,21.546170193323636,1
2023-12-16 20:24:00,275.0546875,5486901.793452897,5280401.360090673,5486901.793452897,18.06831209637661,20.153075381720413,1
2023-12-16 20:26:00,269.8046875,3027013.6,2839428.0,3027013.6,16.496449828878713,23.138547526662784,1
2023-12-16 20:28:00,272.86328125,5605858.666666667,5045095.2,5605858.666666667,14.969671066662865,23.465693689989468,1
2023-12-16 20:30:00,282.18359375,5070236.266666667,4794047.733333333,5070236.266666667,17.266737617772176,26.36635786664556,1
2023-12-16 20:32:00,291.4609375,4091532.5021668114,3664436.029068605,4091532.5021668114,15.509204695859443,23.43183796585457,1
2023-12-16 20:34:00,282.68359375,3909389.333333334,3814005.333333334,3909389.333333334,15.257686926666391,27.559687980004433,1
2023-12-16 20:36:00,275.21875,5591792.533333333,5046987.466666667,5591792.533333333,14.323741182225705,21.497855343332052,1
2023-12-16 20:38:00,295.125,4707795.4939341415,4374647.646980402,4707795.4939341415,16.337329829356552,21.01794304758214,1
2023-12-16 20:40:00,285.21875,5412667.40007334,4876054.805480548,5412667.40007334,19.162856227853254,22.007203773723088,1
2023-12-16 20:42:00,281.8828125,5909465.066666666,5260625.066666666,5909465.066666666,16.554188731113552,21.3169221499993,1
2023-12-16 20:44:00,284.45703125,4660890.933333334,4336434.133333334,4660890.933333334,16.994502293334033,18.667038073326694,1
2023-12-16 20:46:00,276.19140625,1898606.1393860613,1770458.1541845815,1898606.1393860613,17.953231694605268,13.844298550123534,1
2023-12-16 20:48:00,273.4453125,2773235.466666667,2510104.533333333,2773235.466666667,14.888553197767274,26.612712716693448,1
2023-12-16 20:50:00,282.67578125,4478517.6,4190256.266666666,4478517.6,18.343989351091693,22.29953551669799,1
2023-12-16 20:52:00,272.421875,5525900.8,4881733.066666666,5525900.8,13.06162304668558,21.87536426669491,1
2023-12-16 20:54:00,270.94140625,5347622.666666667,4856045.333333333,5347622.666666667,17.85867423333305,17.526990110006107,1
2023-12-16 20:56:00,276.93359375,5866410.4,5396659.466666667,5866410.4,13.77001725777518,12.453603010023167,1
2023-12-16 20:58:00,272.7890625,4348211.466666667,4078033.6,4348211.466666667,14.32295865110872,12.373263089975808,1
2023-12-16 21:00:00,277.87890625,3863960.8,3442163.466666667,3863960.8,20.8946151755582,26.79742024668182,1
2023-12-16 21:02:00,273.39453125,6353297.6,5795862.4,6353297.6,14.858621524439915,25.630165253339023,1
2023-12-16 21:04:00,274.52734375,5197991.733333333,5004276.0,5197991.733333333,9.059616715563203,31.31268578663973,1
2023-12-16 21:06:00,274.71875,5205036.533333333,4955210.4,5205036.533333333,22.060622448884207,21.40099454666294,1
2023-12-16 21:08:00,272.6875,4529242.666666667,4222477.333333333,4529242.666666667,7.129862675533836,21.744646753359124,1
2023-12-16 21:10:00,274.53515625,3953205.866666666,3842088.533333333,3953205.866666666,15.251418884436132,28.933838610003786,1
2023-12-16 21:12:00,271.91015625,4793581.6,4258997.333333333,4793581.6,16.339375599992408,33.60925734998697,1
2023-12-16 21:14:00,284.11328125,5002088.776326313,4731081.311650227,5002088.776326313,12.572322400681065,14.411925429888461,1
2023-12-16 21:16:00,285.89453125,4063388.04079728,3612061.595893607,4063388.04079728,17.55614537918013,23.50565887606519,1
2023-12-16 21:18:00,283.39453125,4323094.477955144,3952203.685806645,4323094.477955144,19.050390186708245,20.039380824479245,1
2023-12-16 21:20:00,292.875,4757557.04429557,4464929.773689298,4757557.04429557,17.482933111130382,20.76578433489557,1
2023-12-16 21:22:00,270.3125,6178802.133333334,5548130.4,6178802.133333334,9.422253304445704,23.025285436694197,1
2023-12-16 21:24:00,278.4921875,4509561.6,4189018.933333333,4509561.6,15.651911977749679,22.779822383308787,1
2023-12-16 21:26:00,270.265625,4335718.4,3948761.866666666,4335718.4,17.33867611558202,23.57096141999743,1
2023-12-16 21:28:00,278.125,3899456.0,3545501.066666667,3899456.0,21.65146648890287,27.26821449662869,1
2023-12-16 21:30:00,288.4765625,2878583.733333333,2659157.066666667,2878583.733333333,15.556080762212837,21.90074743664202,1
2023-12-16 21:32:00,288.48828125,6640888.533333332,6070024.266666668,6640888.533333332,17.113235977788765,12.950260330010982,1
2023-12-16 21:34:00,278.39453125,3495557.8666666667,3129228.266666666,3495557.8666666667,12.53464499556382,28.047281589970225,1
2023-12-16 21:36:00,271.609375,5102505.333333333,4878358.4,5102505.333333333,16.755987971102716,25.05970941332635,1
2023-12-16 21:38:00,288.8359375,6641548.0,6273657.066666666,6641548.0,9.938539742207569,24.94222027666789,1
2023-12-16 21:40:00,280.265625,2308613.066666667,1909404.0,2308613.066666667,18.322764793313887,24.39558785331125,1
2023-12-16 21:42:00,278.9609375,3565083.466666667,3290346.933333333,3565083.466666667,8.680925877771289,25.245255783326378,1
2023-12-16 21:44:00,286.60546875,4694855.2,4370921.6,4694855.2,15.098381206658411,19.922451996632546,1
2023-12-16 21:46:00,284.79296875,4535306.666666667,4189370.666666666,4535306.666666667,17.467369724440182,13.500663010005761,1
2023-12-16 21:48:00,272.375,5029208.0,4750948.533333333,5029208.0,8.49275452223891,23.450052263360707,1
2023-12-16 21:50:00,278.19140625,5970847.466666668,5471451.733333333,5970847.466666668,11.925257686654934,23.405171620009547,1
2023-12-16 21:52:00,277.1875,4384502.4,4063889.333333334,4384502.4,16.029380955539327,17.309875759965507,1
2023-12-16 21:54:00,273.21875,3620579.466666667,3414886.1333333333,3620579.466666667,16.110909662222387,24.17592991667334,1
2023-12-16 21:56:00,280.140625,3765661.866666666,3414669.6,3765661.866666666,17.719648022224042,25.800290830035614,1
2023-12-16 21:58:00,276.6328125,4272430.933333334,3923552.533333333,4272430.933333334,15.039359957768786,27.344039560024015,1
2023-12-16 22:00:00,275.3359375,4349157.6,4044879.7333333325,4349157.6,12.514728691118462,25.02283314335121,1
2023-12-16 22:02:00,271.99609375,4625526.133333334,4113667.466666667,4625526.133333334,15.056717195548115,24.327152963329958,1
2023-12-16 22:04:00,274.00390625,5230649.866666666,4994232.266666667,5230649.866666666,16.51856805556842,25.390974723365307,1
2023-12-16 22:06:00,273.3515625,3281412.8,3101042.1333333333,3281412.8,16.84274840889783,17.322008243354507,1
2023-12-16 22:08:00,269.6328125,4656804.400733455,4350188.764794132,4656804.400733455,13.937736187147186,24.690991065159544,1
2023-12-16 22:10:00,273.3984375,4520801.866666666,4241795.733333333,4520801.866666666,14.36191272443264,25.61276451665132,1
2023-12-16 22:12:00,283.5625,3545966.4,3186702.4,3545966.4,14.53984402446723,21.314618906665906,1
2023-12-16 22:14:00,273.5390625,4400068.0,4023808.0,4400068.0,14.292143186677196,10.287113006682679,1
2023-12-16 22:16:00,278.55859375,5363010.133333334,4742961.066666666,5363010.133333334,13.413976308883221,27.687073419995915,1
2023-12-16 22:18:00,273.3984375,5293447.733333333,5069168.533333333,5293447.733333333,18.187663991120644,33.30635307332461,1
2023-12-16 22:20:00,282.98046875,4757769.6,4378922.133333334,4757769.6,13.82160927557076,20.968450173337867,1
2023-12-16 22:22:00,283.24609375,5544918.7062354125,4239807.135711905,5544918.7062354125,15.16135431590955,36.28400105704849,1
2023-12-16 22:24:00,304.12109375,6191824.266666668,4394592.0,6191824.266666668,17.141586606675347,26.774260243352426,1
2023-12-16 22:26:00,303.76171875,5689494.4,3964957.066666667,5689494.4,17.802043028867857,15.359294893326778,1
2023-12-16 22:28:00,323.26171875,7248508.266666668,4975851.733333333,7248508.266666668,22.51832978221096,22.615964690000208,1
2023-12-16 22:30:00,304.3984375,7011292.7373929275,5049872.07945872,7011292.7373929275,13.759364494673168,21.686562173750357,1
2023-12-16 22:32:00,316.046875,7950214.4,5127132.533333333,7950214.4,18.7770545577708,23.471802603307875,1
2023-12-16 22:34:00,321.6484375,5950760.0,3883778.4,5950760.0,18.88902393777648,16.941164390009362,1
2023-12-16 22:36:00,307.06640625,6863727.466666668,4467484.266666667,6863727.466666668,13.911994146668198,14.674468659989845,1
2023-12-16 22:38:00,312.39453125,5596524.266666667,4154654.933333333,5596524.266666667,16.002020317763606,23.811517773331925,1
2023-12-16 22:40:00,318.515625,3773709.866666666,2643899.2,3773709.866666666,15.860848024442225,25.95872134334059,1
2023-12-16 22:42:00,311.19140625,6191645.866666666,3708414.933333333,6191645.866666666,22.345156086666975,17.378350966707025,1
2023-12-16 22:44:00,303.75,4604288.533333333,3570397.066666667,4604288.533333333,16.037702102201163,20.69322425668361,1
2023-12-16 22:46:00,301.57421875,8107682.4,5667237.866666666,8107682.4,18.93552030889421,23.706912199995713,1
2023-12-16 22:48:00,303.24609375,6091255.2,4385638.133333334,6091255.2,21.816616657791506,11.918824116679994,1
2023-12-16 22:50:00,306.23828125,6956785.066666666,4705077.066666666,6956785.066666666,19.26526307112201,20.789579970005434,1
2023-12-16 22:52:00,313.1015625,6076912.266666668,4419387.466666667,6076912.266666668,17.101923813331975,26.351170209964035,1
2023-12-16 22:54:00,312.71875,6357131.733333332,4711374.4,6357131.733333332,21.33505374888449,22.45571961335372,1
2023-12-16 22:56:00,316.7109375,5923878.133333334,4028015.466666667,5923878.133333334,15.785469635544965,13.992629643325927,1
2023-12-16 22:58:00,303.70703125,6589665.6,4550808.8,6589665.6,20.12278248665906,25.670528900033485,1
2023-12-16 23:00:00,311.32421875,6707924.0,4709833.333333333,6707924.0,10.563971035557591,26.938677363359602,1
2023-12-16 23:02:00,310.8125,5252567.276605672,3385447.3219344723,5252567.276605672,25.304663862506523,21.97959376065104,1
2023-12-16 23:04:00,309.796875,6536472.04720472,4451048.571523819,6536472.04720472,15.243745185650491,28.11208981899688,1
2023-12-16 23:06:00,316.14453125,4940364.533333333,3311164.533333333,4940364.533333333,17.03123722891582,23.336424846687198,1
2023-12-16 23:08:00,303.62890625,8282213.6,5380426.133333334,8282213.6,13.403297346667388,28.01467176002916,1
2023-12-16 23:10:00,319.05078125,5291054.666666667,3714108.266666666,5291054.666666667,18.830794202222023,24.93237276668272,1
2023-12-16 23:12:00,308.66015625,5848815.733333332,3649485.333333334,5848815.733333332,15.941067939986372,25.99086788332594,1
2023-12-16 23:14:00,304.890625,9012915.466666667,6210136.0,9012915.466666667,17.94751382445813,32.827643046669735,1
2023-12-16 23:16:00,304.34375,6495503.050915274,4833235.03717782,6495503.050915274,18.05560839584764,21.985265549641074,1
2023-12-16 23:18:00,313.82421875,3063614.4,1950428.8,3063614.4,8.647990362240106,23.84008960332721,1
2023-12-16 23:20:00,305.84765625,7279973.866666666,5315153.066666666,7279973.866666666,8.230782813334372,35.644098423314674,1
2023-12-16 23:22:00,303.3828125,8246647.2,5584382.666666667,8246647.2,15.84148126664028,27.492675863322802,1
2023-12-16 23:24:00,310.28515625,6159056.798852684,4794462.462061835,6159056.798852684,21.28307916929869,28.692285968732048,1
2023-12-16 23:26:00,316.7421875,6326540.266666668,4570945.066666666,6326540.266666668,20.673037435561934,22.836205070004024,1
2023-12-16 23:28:00,302.1484375,6408511.733333332,4540388.8,6408511.733333332,17.822545908889477,25.32151863333032,1
2023-12-16 23:30:00,314.71484375,5247151.466666667,3752768.266666666,5247151.466666667,17.552580080001565,22.10451338333466,1
2023-12-16 23:32:00,307.6171875,6964005.866666666,4713878.933333334,6964005.866666666,16.176744906665082,25.79458671665634,1
2023-12-16 23:34:00,317.640625,6044357.6,3994866.4,6044357.6,16.76013739776358,25.76474367665166,1
2023-12-16 23:36:00,319.1484375,6495899.733333332,4210238.666666667,6495899.733333332,18.314586386679572,22.9013696499654,1
2023-12-16 23:38:00,311.4375,7577436.0,5314024.0,7577436.0,18.5717240022172,25.38180531667119,1
2023-12-16 23:40:00,320.05078125,9050653.066666666,5993587.2,9050653.066666666,18.830899677769693,22.95668315666262,1
2023-12-16 23:42:00,320.3203125,7351998.4,4988430.4,7351998.4,13.784755773311998,16.13158989668591,1
2023-12-16 23:44:00,311.96484375,6693795.733333332,4650366.4,6693795.733333332,15.724893226676311,23.79342792667255,1
2023-12-16 23:46:00,308.55078125,7408778.933333334,5027357.333333333,7408778.933333334,18.32330509331465,32.43403702998573,1
2023-12-16 23:48:00,314.453125,4617684.659753944,3428089.4875470945,4617684.659753944,25.367591533567534,18.960557186694476,1
2023-12-16 23:50:00,301.5390625,6272957.333333332,4296062.4,6272957.333333332,12.319341237792589,15.128241983329644,1
2023-12-16 23:52:00,306.25,8007481.866666666,4874648.533333333,8007481.866666666,9.988442359996649,21.437410949971923,1
2023-12-16 23:54:00,309.359375,5333383.733333333,3884144.533333333,5333383.733333333,19.5729872999881,24.73042748334895,1
2023-12-16 23:56:00,310.0,5566411.466666667,3853945.066666667,5566411.466666667,16.809728940004586,30.814966670004647,1
2023-12-16 23:58:00,316.7265625,2909752.8,1866260.0,2909752.8,14.310653886673713,18.175429603337157,1
2023-12-17 00:00:00,303.484375,5628622.666666667,3882401.6,5628622.666666667,16.056751948878325,23.718610869982513,1
2023-12-17 00:02:00,316.32421875,6785943.733333332,4563714.133333334,6785943.733333332,17.459477031111923,16.10723931332662,1
2023-12-17 00:04:00,315.17578125,7656569.066666666,5310528.266666667,7656569.066666666,18.273014462223124,21.594608673331095,1
2023-12-17 00:06:00,314.9921875,6561762.133333334,4475218.933333334,6561762.133333334,15.66796785553581,26.76554489337529,1
2023-12-17 00:08:00,316.0703125,7711365.108992734,5115550.696620225,7711365.108992734,14.256163558004351,31.998727128196364,1
2023-12-17 00:10:00,316.140625,3318833.333333333,2167436.266666666,3318833.333333333,19.256464731135768,15.093697726697428,1
2023-12-17 00:12:00,307.50390625,6521535.733333332,4495989.6,6521535.733333332,10.300373037785498,26.977659213346968,1
2023-12-17 00:14:00,317.69921875,9693897.066666666,6462516.533333332,9693897.066666666,14.27023660889568,18.88130700002269,1
2023-12-17 00:16:00,304.5859375,3784653.333333334,2681069.066666667,3784653.333333334,13.192813333330884,12.958501616667487,1
2023-12-17 00:18:00,307.59765625,6329113.333333332,4346980.266666667,6329113.333333332,17.59248834222995,22.653565900012232,1
2023-12-17 00:20:00,300.51953125,6414045.6,4485845.333333333,6414045.6,13.48000151777847,27.510342689978035,1
2023-12-17 00:22:00,303.2421875,6216590.4,4117980.0,6216590.4,17.51821987557277,28.451727683326073,1
2023-12-17 00:24:00,305.83203125,5040245.333333333,3658908.533333333,5040245.333333333,16.602080262220827,37.27968238667624,1
2023-12-17 00:26:00,317.890625,4736050.4,3498904.266666666,4736050.4,16.76195081779345,21.552185479959007,1
2023-12-17 00:28:00,306.8359375,6687901.866666666,4742471.733333333,6687901.866666666,17.387642502241462,26.59839827334508,1
2023-12-17 00:30:00,304.1953125,8596929.6,5780855.733333332,8596929.6,18.058845248888247,25.045447656642256,1
2023-12-17 00:32:00,303.97265625,6880223.733333332,4755232.533333333,6880223.733333332,15.972402033318454,26.243082063350204,1
2023-12-17 00:34:00,321.78515625,4947249.12491249,3251384.871820515,4947249.12491249,15.651714240296785,16.085854822148242,1
2023-12-17 00:36:00,316.8984375,6726626.4,4861000.0,6726626.4,19.381921711125567,30.58246098997188,1
2023-12-17 00:38:00,318.32421875,6505036.533333332,4769569.333333333,6505036.533333332,14.4993885444516,19.019212603307096,1
2023-12-17 00:40:00,315.84765625,5698793.6,4102536.0,5698793.6,16.970145000021954,22.01037320997177,1
2023-12-17 00:42:00,314.91796875,9330312.266666668,6043059.2,9330312.266666668,20.886896897767052,21.240686499998752,1
2023-12-17 00:44:00,311.78515625,6781809.333333332,5025481.866666666,6781809.333333332,13.045391875558481,35.83889842663969,1
2023-12-17 00:46:00,308.1796875,6286978.4,4234509.066666666,6286978.4,13.28111903554398,23.564222496691706,1
2023-12-17 00:48:00,314.66015625,6789219.733333332,4903017.6,6789219.733333332,24.121570739985646,31.36316266997407,1
2023-12-17 00:50:00,314.91015625,2981984.266666666,2445693.333333333,2981984.266666666,14.580964664443552,20.476187643313704,1
2023-12-17 00:52:00,303.7421875,8270421.066666666,5430249.6,8270421.066666666,18.312130542213303,27.283950960021077,1
2023-12-17 00:54:00,305.4765625,6671678.933333334,4805154.933333334,6671678.933333334,21.5992698244453,23.019027313324234,1
2023-12-17 00:56:00,310.05078125,6588184.266666668,4583502.133333334,6588184.266666668,17.79688643333632,28.19756327997311,1
2023-12-17 00:58:00,306.046875,5179380.266666667,3687811.466666667,5179380.266666667,13.606977462218811,25.89743411663221,1
2023-12-17 01:00:00,311.4453125,6110425.6,4273642.666666667,6110425.6,16.456966791107938,25.43377395001395,1
2023-12-17 01:02:00,302.81640625,3566046.666666666,2283063.733333333,3566046.666666666,15.999757068865518,14.710614256667517,1
2023-12-17 01:04:00,306.66796875,6089151.466666668,4428848.266666667,6089151.466666668,15.140914357778255,33.658129686664324,1
2023-12-17 01:06:00,315.00390625,5317012.8,3460850.1333333333,5317012.8,15.911577493340394,14.708640450019931,1
2023-12-17 01:08:00,313.5859375,5914836.533333332,3798553.6,5914836.533333332,18.12494776667639,19.712176063330844,1
2023-12-17 01:10:00,305.33203125,4529382.4,3175402.933333333,4529382.4,17.31215946667362,26.68604776001302,1
2023-12-17 01:12:00,306.2265625,7422041.6,4970510.133333334,7422041.6,13.821447975577838,30.71170460330904,1
2023-12-17 01:14:00,315.8359375,5461692.8,3866116.0,5461692.8,13.990158091118147,30.130266593332628,1
2023-12-17 01:16:00,307.078125,7567478.4,4940072.266666667,7567478.4,14.43733125333286,31.005807389980568,1
2023-12-17 01:18:00,307.13671875,6524645.6,4441419.466666667,6524645.6,7.105969875540015,24.653506036653805,1
2023-12-17 01:20:00,302.68359375,6644844.266666668,4919657.333333333,6644844.266666668,10.607873135530909,24.619413496645087,1
2023-12-17 01:22:00,302.5859375,6253042.933333334,4248630.666666667,6253042.933333334,14.79755921997518,21.220723023337392,1
2023-12-17 01:24:00,307.2734375,6993773.6,4727390.666666667,6993773.6,16.279842806688976,25.87171616997997,1
2023-12-17 01:26:00,305.44921875,4975329.333333333,3666334.666666666,4975329.333333333,9.627140064452156,26.298321810027122,1
2023-12-17 01:28:00,324.91796875,4445694.933333334,2877875.466666667,4445694.933333334,9.611516537778595,26.354027839988703,1
2023-12-17 01:30:00,308.953125,7338305.6,5125665.333333333,7338305.6,14.371482264444545,29.578080923335317,1
2023-12-17 01:32:00,305.83203125,7573947.733333332,4845581.866666666,7573947.733333332,16.90754125554425,21.976845200018335,1
2023-12-17 01:34:00,313.4921875,7357225.066666666,5168876.533333333,7357225.066666666,13.707518780008993,20.427723640023032,1
2023-12-17 01:36:00,302.05078125,7005395.78891258,4412236.940298508,7005395.78891258,22.267257997969484,23.027936620454483,1
2023-12-17 01:38:00,337.08984375,7692604.032661224,4015309.1818030323,7692604.032661224,19.98499677829909,27.55352324282411,1
2023-12-17 01:40:00,335.41015625,10203918.133333333,5604765.066666666,10203918.133333333,22.439139255535945,27.21452483999504,1
2023-12-17 01:42:00,342.57421875,8269686.133333334,4607742.133333334,8269686.133333334,19.988280751115074,15.780399476692159,1
2023-12-17 01:44:00,342.52734375,8947226.4,5151782.4,8947226.4,26.92858180221972,27.430237863348648,1
2023-12-17 01:46:00,342.78125,9845116.533333333,5551690.933333334,9845116.533333333,17.63570451779136,16.9604319499922,1
2023-12-17 01:48:00,334.7265625,6763380.8,3785351.466666667,6763380.8,13.776301295567665,8.929632349997215,1
2023-12-17 01:50:00,345.58984375,8880225.066666666,4799623.733333333,8880225.066666666,15.594330475562147,34.454299500018045,1
2023-12-17 01:52:00,335.94921875,8720721.333333334,4782955.733333333,8720721.333333334,19.216870588910144,37.28368210334641,1
2023-12-17 01:54:00,334.3984375,6312544.0,3995942.933333333,6312544.0,24.143440257790235,32.52029764664864,1
2023-12-17 01:56:00,334.53125,10698360.8,5962072.533333332,10698360.8,13.124986075563356,24.17087239669248,1
2023-12-17 01:58:00,333.7265625,5418800.266666667,2955146.933333333,5418800.266666667,24.327483788915238,26.635399693332147,1
2023-12-17 02:00:00,339.8203125,8146192.511586037,4514004.734438037,8146192.511586037,18.02542981804934,28.15657080320231,1
2023-12-17 02:02:00,338.64453125,9247724.8,5019190.933333334,9247724.8,21.353256057773248,18.17726142330988,1
2023-12-17 02:04:00,334.08984375,8242533.333333332,4543994.933333334,8242533.333333332,15.647455306671972,26.304973730002533,1
2023-12-17 02:06:00,334.84375,7960287.2,4696496.0,7960287.2,18.59472642668859,25.860702226636928,1
2023-12-17 02:08:00,339.1171875,4825638.933333334,3029301.066666667,4825638.933333334,14.638538486647626,37.6254618166422,1
2023-12-17 02:10:00,334.9921875,8269945.333333332,4759361.866666666,8269945.333333332,25.686687893337673,35.87574176335087,1
2023-12-17 02:12:00,332.76171875,6349215.2,3496829.6,6349215.2,22.16806395335071,24.650833160024682,1
2023-12-17 02:14:00,337.62890625,10538072.266666668,5353276.266666667,10538072.266666668,9.84585702888176,37.20274972336483,1
2023-12-17 02:16:00,336.12890625,8154289.6,4318643.466666667,8154289.6,19.202571728900594,31.86168475998177,1
2023-12-17 02:18:00,339.1875,6356642.4,3463361.333333333,6356642.4,24.15473683779257,25.757250843307702,1
2023-12-17 02:20:00,339.2890625,11308821.866666667,6168932.266666668,11308821.866666667,11.281376686658607,14.154940959997475,1
2023-12-17 02:22:00,342.14453125,4421060.266666667,2468149.8666666667,4421060.266666667,17.605176895546414,17.157140906686738,1
2023-12-17 02:24:00,337.46484375,9623136.8,5677870.666666668,9623136.8,15.473242853347786,35.126145073348496,1
2023-12-17 02:26:00,331.92578125,8411609.6,4907781.866666666,8411609.6,17.45527000664475,40.14959852332443,1
2023-12-17 02:28:00,344.984375,9623182.666666666,5337670.4,9623182.666666666,16.784273706661125,34.79169521000585,1
2023-12-17 02:30:00,338.64453125,10087552.266666668,5422966.4,10087552.266666668,11.916001891109367,30.173379110007467,1
2023-12-17 02:32:00,339.3046875,9143333.866666667,5006001.066666666,9143333.866666667,14.823610537795401,28.547265849968728,1
2023-12-17 02:34:00,339.73828125,9622165.066666666,5303139.466666667,9622165.066666666,25.88284197111433,29.288716093336312,1
2023-12-17 02:36:00,344.23046875,7902277.333333332,4433005.333333333,7902277.333333332,14.50083206446531,28.65975779335713,1
2023-12-17 02:38:00,339.05078125,9186113.333333334,4782488.533333333,9186113.333333334,12.106008544441366,32.224093913343204,1
2023-12-17 02:40:00,342.96484375,8819101.333333334,5002982.666666667,8819101.333333334,18.107774744469985,29.603700856629683,1
2023-12-17 02:42:00,333.44140625,11112247.466666667,6558064.266666668,11112247.466666667,16.544429031103693,20.283748663350707,1
2023-12-17 02:44:00,342.83984375,9128086.933333334,5207140.8,9128086.933333334,19.792670153320717,26.70209661334714,1
2023-12-17 02:46:00,355.7109375,9534241.6,4978631.466666667,9534241.6,11.308684597768456,26.64596041999176,1
2023-12-17 02:48:00,339.37109375,8562872.0,4785113.066666666,8562872.0,10.383210735550769,27.70324731997486,1
2023-12-17 02:50:00,334.265625,7080022.4,3629336.0,7080022.4,17.535991584429414,21.81662216336311,1
2023-12-17 02:52:00,333.44140625,7823680.3199466765,4664141.043159473,7823680.3199466765,16.773528234197382,30.56525718047307,1
2023-12-17 02:54:00,341.765625,9887078.666666666,5441424.266666667,9887078.666666666,18.41526398887961,24.455373596671663,1
2023-12-17 02:56:00,332.83984375,7508882.933333334,4346311.733333333,7508882.933333334,18.852576677778014,24.3316981032937,1
2023-12-17 02:58:00,332.93359375,7562060.266666668,4248704.8,7562060.266666668,19.33032056889109,33.566053946657725,1
2023-12-17 03:00:00,340.609375,9828410.16067738,5680901.660110674,9828410.16067738,15.959414838745394,22.10199396626576,1
2023-12-17 03:02:00,333.1640625,8400257.100946793,4518645.952793705,8400257.100946793,19.886110239131796,33.49890362049925,1
2023-12-17 03:04:00,341.75390625,9308368.84726897,5523161.92888326,9308368.84726897,16.541680427893862,24.033581400985824,1
2023-12-17 03:06:00,336.4921875,4433792.298716453,2749195.2658776464,4433792.298716453,11.539096967282234,16.467380600122983,1
2023-12-17 03:08:00,345.2265625,8048414.133333334,4490324.533333333,8048414.133333334,17.021512486680876,14.833984733365163,1
2023-12-17 03:10:00,343.109375,9458932.533333333,5184228.0,9458932.533333333,10.236983959976998,26.482034776660534,1
2023-12-17 03:12:00,336.3203125,8279444.8,4350957.6,8279444.8,17.149814697784475,17.023848546668887,1
2023-12-17 03:14:00,339.60546875,8928755.733333332,4812951.2,8928755.733333332,16.09411452667296,22.246717103310708,1
2023-12-17 03:16:00,339.2890625,7707960.533333332,4350926.4,7707960.533333332,18.110724168881358,26.54416175331183,1
2023-12-17 03:18:00,336.50390625,9459267.466666667,5197967.733333333,9459267.466666667,23.47579722887733,30.53818591336797,1
2023-12-17 03:20:00,334.28125,8524452.533333333,4781268.266666667,8524452.533333333,18.99912454889596,29.695388603334628,1
2023-12-17 03:22:00,334.171875,10890478.666666666,5880745.866666666,10890478.666666666,13.652286762209974,37.82309328666694,1
2023-12-17 03:24:00,336.25,5867404.0,2806177.6,5867404.0,9.806345753313508,22.749842536674503,1
2023-12-17 03:26:00,338.9140625,9176637.866666667,5085784.8,9176637.866666667,20.05844309780514,25.675392483293162,1
2023-12-17 03:28:00,335.46875,11354388.533333333,6984482.933333334,11354388.533333333,15.661518724454153,27.546108979974328,1
2023-12-17 03:30:00,336.0390625,9382967.10548242,5321199.533411099,9382967.10548242,16.277610236062742,26.794382306272865,1
2023-12-17 03:32:00,334.3828125,8252794.933333334,4493171.2,8252794.933333334,19.851176226640945,32.80071354000635,1
2023-12-17 03:34:00,335.8359375,7629581.333333332,4365883.466666667,7629581.333333332,18.131487368858267,21.614353946642947,1
2023-12-17 03:36:00,339.625,9906647.466666667,5556209.333333333,9906647.466666667,11.411320593356828,27.418072503351144,1
2023-12-17 03:38:00,337.6640625,7702100.8,4454868.533333333,7702100.8,12.991351175555284,30.53330631664721,1
2023-12-17 03:40:00,343.87890625,10754018.133333333,5698772.0,10754018.133333333,19.585538551133748,33.012250136671355,1
2023-12-17 03:42:00,346.65234375,8426381.6,4473028.266666667,8426381.6,10.61819250443174,33.18767639667689,1
2023-12-17 03:44:00,344.29296875,7262595.466666668,4182922.933333333,7262595.466666668,7.107971793318737,30.712856226649212,1
2023-12-17 03:46:00,335.953125,7910297.066666666,4418784.8,7910297.066666666,16.120454924465673,15.053313416671395,1
2023-12-17 03:48:00,334.7265625,8230842.666666668,5109925.333333333,8230842.666666668,17.60231765336357,29.957603543346828,1
2023-12-17 03:50:00,329.40625,9264299.28709441,4935457.125724565,9264299.28709441,9.851888240396505,27.661485955065626,1
2023-12-17 03:52:00,334.40625,8010133.333333332,4091883.2,8010133.333333332,18.39025135779391,24.3267204699805,1
2023-12-17 03:54:00,339.83984375,8606685.866666667,5016456.8,8606685.866666667,14.994115668879305,23.34259274333211,1
2023-12-17 03:56:00,333.05078125,7904342.689512635,4635809.320621375,7904342.689512635,20.67552872857338,18.671736082404905,1
2023-12-17 03:58:00,338.51953125,8302191.654714652,5122309.1958240215,8302191.654714652,14.499954900346427,28.991149524702607,1
2023-12-17 04:00:00,336.40234375,7140592.8,3874850.1333333324,7140592.8,19.843981933307887,41.1430961766746,1
2023-12-17 04:02:00,336.55078125,7878902.4,4241173.6,7878902.4,21.211373319998128,29.809429733334884,1
2023-12-17 04:04:00,336.90234375,8715576.8,4746095.2,8715576.8,19.186585531117288,30.86985658335228,1
2023-12-17 04:06:00,332.22265625,9345916.0,4824703.733333333,9345916.0,15.67814265998701,25.87348083334897,1
2023-12-17 04:08:00,333.26953125,5208163.466666667,2926487.733333333,5208163.466666667,15.791004919996743,26.24759900335145,1
2023-12-17 04:10:00,344.19140625,8678160.533333333,4943785.866666666,8678160.533333333,19.92888235778082,32.76740727999519,1
2023-12-17 04:12:00,334.921875,12633143.047593653,7081594.987335023,12633143.047593653,19.710153815058643,26.86528357884788,1
2023-12-17 04:14:00,345.09375,7568863.725784401,4042348.971358074,7568863.725784401,17.431372149418692,26.354399283133226,1
2023-12-17 04:16:00,339.68359375,7328016.0,4301560.0,7328016.0,22.5205353377775,19.58721138997741,1
2023-12-17 04:18:00,346.5234375,8486606.933333334,4659265.066666666,8486606.933333334,23.49894439998833,22.596893523344388,1
2023-12-17 04:20:00,335.26953125,9139136.533333333,5363395.466666667,9139136.533333333,24.358015893344092,19.813847279971625,1
2023-12-17 04:22:00,335.00390625,7861808.533333332,4460738.4,7861808.533333332,23.644538513326548,23.23069644335192,1
2023-12-17 04:24:00,334.12890625,6741573.6,3870371.466666667,6741573.6,18.1398369511266,26.729330089971576,1
2023-12-17 04:26:00,340.2421875,6985460.266666668,4299222.933333334,6985460.266666668,23.366086026653647,16.077030496671796,1
2023-12-17 04:28:00,337.10546875,8320207.733333332,4438898.933333334,8320207.733333332,19.289884826640545,30.282939666649327,1
2023-12-17 04:30:00,343.04296875,7393486.666666668,4282638.933333334,7393486.666666668,19.89714540890418,32.670740133326035,1
2023-12-17 04:32:00,335.59375,9626513.866666667,5042194.933333334,9626513.866666667,9.641474628879225,31.431300390007287,1
2023-12-17 04:34:00,333.203125,9490643.466666667,5366458.666666667,9490643.466666667,25.22262827331562,36.034857769991504,1
2023-12-17 04:36:00,344.21875,7512520.52238806,4280472.547974414,7512520.52238806,22.161808617626008,29.49046745737339,1
2023-12-17 04:38:00,332.5625,7248615.2,3958647.7333333325,7248615.2,23.6686211377835,13.35821514997709,1
2023-12-17 04:40:00,336.328125,8199837.6,4649797.6,8199837.6,17.7546404044713,27.02439197334267,1
2023-12-17 04:42:00,332.9921875,9266377.866666667,5469600.0,9266377.866666667,12.76390276002025,25.7888833800098,1
2023-12-17 04:44:00,331.94140625,4909994.933333334,2906256.266666666,4909994.933333334,23.385261591109966,25.17130508664801,1
2023-12-17 04:46:00,341.10546875,7596720.533333332,4387596.266666667,7596720.533333332,9.081451980002589,29.894330953344856,1
2023-12-17 04:48:00,342.80859375,9490861.6,5066430.666666667,9490861.6,17.871396788913344,30.271087573297944,1
2023-12-17 04:50:00,347.44921875,7799151.2,4266770.133333334,7799151.2,12.90559141777016,26.99538056331221,1
2023-12-17 04:52:00,340.53515625,6410145.866666666,3814251.7333333325,6410145.866666666,16.726553584448993,14.700271780020554,1
2023-12-17 04:54:00,342.78515625,6802431.2,3723473.6,6802431.2,11.552454699994993,32.444705160014564,1
2023-12-17 04:56:00,335.6484375,8817863.733333332,4817559.2,8817863.733333332,14.121466224443994,29.47839058334163,1
2023-12-17 04:58:00,340.39453125,8927218.133333333,4948554.133333334,8927218.133333333,16.660727935571533,28.418237336688126,1
2023-12-17 05:00:00,337.63671875,5499240.8,2826194.4,5499240.8,20.68123321553382,22.253493046688767,1
2023-12-17 05:02:00,342.72265625,10715749.608555153,5789665.0564680025,10715749.608555153,20.212077207358657,26.318291884625197,1
2023-12-17 05:04:00,342.6796875,10482167.733333332,5999941.066666666,10482167.733333332,24.588155064460203,21.133847026697673,1
2023-12-17 05:06:00,341.2265625,7844489.866666666,4795403.466666667,7844489.866666666,20.274116424423283,38.24270558664769,1
2023-12-17 05:08:00,340.26953125,8808724.8,4878027.733333333,8808724.8,8.559238746691133,13.997959803333895,1
2023-12-17 05:10:00,343.0234375,11319189.866666667,5802861.333333332,11319189.866666667,17.24237686223609,34.127409040035374,1
2023-12-17 05:12:00,337.12109375,11677327.733333332,6264101.866666666,11677327.733333332,19.01613022443295,27.180559423334977,1
2023-12-17 05:14:00,343.3359375,9203802.4,5296673.6,9203802.4,17.203958846673938,29.448096303337174,1
2023-12-17 05:16:00,343.16796875,6976054.133333334,3936722.933333333,6976054.133333334,17.159556468896984,26.977213793337192,1
2023-12-17 05:18:00,333.37109375,8772089.066666666,5061760.533333333,8772089.066666666,19.464556768879344,27.891285733348926,1
2023-12-17 05:20:00,333.30859375,4778983.466666667,2745312.0,4778983.466666667,9.799789380016994,28.094289949998107,1
2023-12-17 05:22:00,342.55859375,8083572.533333332,4499084.266666667,8083572.533333332,10.841401462223278,15.248510193341644,1
2023-12-17 05:24:00,337.03515625,9488677.6,5737260.8,9488677.6,26.2869589666823,27.41406321666242,1
2023-12-17 05:26:00,345.46875,7089669.910678578,3936800.1599786696,7089669.910678578,25.37534539392321,25.927780969182635,1
2023-12-17 05:28:00,336.2421875,9167868.0,5319398.133333334,9167868.0,15.74522859775849,29.413439829998733,1
2023-12-17 05:30:00,341.59765625,9228376.0,5077725.6,9228376.0,17.35754883333963,27.48882300996532,1
2023-12-17 05:32:00,342.33203125,8161254.133333334,4579130.133333334,8161254.133333334,20.84265671110997,16.159404533342848,1
2023-12-17 05:34:00,336.421875,9165230.738456408,5148690.11501917,9165230.738456408,18.935454322408688,30.988479199866454,1
2023-12-17 05:36:00,336.09375,8204058.133333334,4831825.6,8204058.133333334,17.060417920001782,37.150488086675374,1
2023-12-17 05:38:00,342.87890625,5171789.754357898,2972572.342765724,5171789.754357898,17.505741479181044,32.84968841782294,1
2023-12-17 05:40:00,340.84375,8573141.6,4601916.8,8573141.6,21.41185468664237,31.92401634665051,1
2023-12-17 05:42:00,333.2890625,9089835.466666667,5007694.666666667,9089835.466666667,16.616234166657602,32.19990221332409,1
2023-12-17 05:44:00,348.48828125,8731952.0,5114115.2,8731952.0,21.753687395571934,25.346990930023217,1
2023-12-17 05:46:00,342.75390625,7708407.439504033,4468973.26844877,7708407.439504033,17.457120809729258,24.15461924873377,1
2023-12-17 05:48:00,337.55859375,7436034.4,4067379.466666667,7436034.4,16.521713291133185,42.025619336636744,1
2023-12-17 05:50:00,341.58203125,9950843.2,5509206.133333334,9950843.2,13.196592840023285,27.37830475996209,1
2023-12-17 05:52:00,331.29296875,5360306.666666667,2629047.2,5360306.666666667,19.802353602232564,26.6052822766748,1
2023-12-17 05:54:00,342.94921875,4309328.533333333,2262859.733333333,4309328.533333333,18.004551235547602,25.246582909991652,1
2023-12-17 05:56:00,341.7421875,8144968.533333332,4909400.266666667,8144968.533333332,17.05084338001648,24.868359433312435,1
2023-12-17 05:58:00,335.5625,8368384.533333332,4975760.533333333,8368384.533333332,21.58422911552609,30.84725168000053,1
2023-12-17 06:00:00,333.51171875,3502940.8,2097292.533333333,3502940.8,17.712930319992466,32.05447664998549,1
2023-12-17 06:02:00,338.4140625,7573161.333333332,4163013.866666666,7573161.333333332,15.321911697780402,24.511356500006514,1
2023-12-17 06:04:00,348.1796875,7943234.666666668,4560597.6,7943234.666666668,18.92516445779216,27.750054909993192,1
2023-12-17 06:06:00,341.05078125,9668133.866666667,5546961.066666666,9668133.866666667,23.076451366683212,28.47448638664597,1
2023-12-17 06:08:00,337.58203125,3679853.6,1939029.6,3679853.6,19.220974335556907,26.370973346687002,1
2023-12-17 06:10:00,346.15625,9198531.466666667,4927830.666666667,9198531.466666667,20.528338146654683,23.417730356644217,1
2023-12-17 06:12:00,350.0546875,11647828.788585905,6321803.320221349,11647828.788585905,18.070477547390578,19.719343122891328,1
2023-12-17 06:14:00,336.2578125,7627029.333333332,4232716.0,7627029.333333332,20.51411633111356,24.200293929995194,1
2023-12-17 06:16:00,336.1875,10088219.2,5435526.4,10088219.2,13.95278703557172,21.709701376676094,1
2023-12-17 06:18:00,332.296875,7286288.266666668,3771988.8,7286288.266666668,18.521973793330194,26.94633049997113,1
2023-12-17 06:20:00,334.58984375,6740058.666666668,3960027.466666667,6740058.666666668,22.64144303998263,40.419783099981345,1
2023-12-17 06:22:00,339.0859375,9422163.733333332,5269320.8,9422163.733333332,13.567155931086747,13.498873416635131,1
2023-12-17 06:24:00,337.28125,8465353.066666666,4775192.8,8465353.066666666,16.453758493331,38.54985620666412,1
2023-12-17 06:26:00,344.93359375,5471896.533333333,3020268.8,5471896.533333333,20.544750813343047,17.559146750039265,1
2023-12-17 06:28:00,350.046875,6713872.266666668,3853461.066666667,6713872.266666668,21.601704097766838,24.523081889977533,1
2023-12-17 06:30:00,335.625,8173059.733333332,4740198.4,8173059.733333332,22.341964851107655,27.77532744332954,1
2023-12-17 06:32:00,335.79296875,8525555.733333332,4710087.466666667,8525555.733333332,22.89480453557593,31.291992146677032,1
2023-12-17 06:34:00,337.1171875,4658282.666666667,2712330.1333333333,4658282.666666667,15.385330068885295,32.56470405666429,1
2023-12-17 06:36:00,341.765625,7759042.133333334,4400939.466666667,7759042.133333334,17.267767973341204,32.495556443318485,1
2023-12-17 06:38:00,361.703125,8823177.333333334,4768580.0,8823177.333333334,17.732695117786836,16.468328800013598,1
2023-12-17 06:40:00,344.54296875,9568966.4,5459872.8,9568966.4,14.738701986692224,28.449148650009494,1
2023-12-17 06:42:00,355.08203125,9242854.933333334,4996993.866666666,9242854.933333334,18.187693837777864,30.400441523330908,1
2023-12-17 06:44:00,335.25390625,8328451.733333332,4499274.933333334,8328451.733333332,17.675036908897003,27.89805418331525,1
2023-12-17 06:46:00,337.9453125,8347627.2,5019921.066666666,8347627.2,21.65868749334348,30.07037643333509,1
2023-12-17 06:48:00,339.65234375,7571078.194787013,4447764.282381174,7571078.194787013,17.388221340818006,41.14115528964727,1
2023-12-17 06:50:00,341.30078125,8537120.266666668,4420896.0,8537120.266666668,25.56234109778112,31.72222808333269,1
2023-12-17 06:52:00,337.30078125,6315596.0,3681679.466666667,6315596.0,18.011179433346516,26.40318353999949,1
2023-12-17 06:54:00,344.7734375,10334183.466666667,5812234.666666668,10334183.466666667,15.921798208890118,14.490744363332244,1
2023-12-17 06:56:00,332.16796875,9370793.066666666,5398427.2,9370793.066666666,18.09986619780021,25.404616403344946,1
2023-12-17 06:58:00,332.33984375,9916360.266666668,5342341.333333333,9916360.266666668,9.051195542237515,28.45904863332786,1
2023-12-17 07:00:00,343.0234375,10100617.066666666,5873820.8,10100617.066666666,18.19169039999704,26.16287038331696,1
2023-12-17 07:02:00,345.49609375,9109104.266666668,4838299.2,9109104.266666668,14.730300022218016,34.02227453664333,1
2023-12-17 07:04:00,337.31640625,8530613.866666667,4826551.466666667,8530613.866666667,22.732465662217393,32.1946646500146,1
2023-12-17 07:06:00,343.86328125,6086632.0,3486320.533333333,6086632.0,10.426415202220797,31.207302859984342,1
2023-12-17 07:08:00,335.58984375,7413971.466666668,4193601.6,7413971.466666668,26.780939548884312,26.44563727997593,1
2023-12-17 07:10:00,335.00390625,6723159.733333332,3637701.866666666,6723159.733333332,11.238754984450578,27.499273689997306,1
2023-12-17 07:12:00,342.421875,7345818.666666668,4026596.533333333,7345818.666666668,19.36817236441938,32.63620442332467,1
2023-12-17 07:14:00,331.72265625,6914925.866666666,3917949.066666667,6914925.866666666,19.44539440666429,25.195361450023483,1
2023-12-17 07:16:00,342.08984375,3708293.6,2079244.5333333332,3708293.6,12.668867097753616,23.703397019999105,1
2023-12-17 07:18:00,338.140625,7921422.370395065,3987891.84864144,7921422.370395065,19.491738685343197,27.254157579610066,1
2023-12-17 07:20:00,339.703125,4619994.531692841,2704105.364942816,4619994.531692841,15.884458164128011,16.37116760361896,1
2023-12-17 07:22:00,333.97265625,7749273.6,4400080.8,7749273.6,9.44894075778494,35.55846035000286,1
2023-12-17 07:24:00,337.8203125,7667811.733333332,4304432.0,7667811.733333332,10.578743220022364,31.431673953338752,1
2023-12-17 07:26:00,335.80078125,3986022.7401553793,2073013.103931179,3986022.7401553793,15.450861754077167,34.278007995723925,1
2023-12-17 07:28:00,338.75,9562621.6,5515656.0,9562621.6,22.575875344433975,20.457105506648077,1
2023-12-17 07:30:00,332.1953125,7687606.133333334,4250310.933333334,7687606.133333334,17.738522888879142,24.05748205332202,1
2023-12-17 07:32:00,334.72265625,4926542.933333334,2991660.0,4926542.933333334,27.06909934886628,26.676183119998317,1
2023-12-17 07:34:00,344.98828125,7278241.6,4038805.066666667,7278241.6,18.358070126657065,31.077137753309213,1
2023-12-17 07:36:00,328.60546875,8455591.733333332,4706073.333333333,8455591.733333332,23.13534246000927,29.052151223343873,1
2023-12-17 07:38:00,342.875,8011473.333333332,4566392.8,8011473.333333332,13.184727393349426,24.27574910335049,1
2023-12-17 07:40:00,336.56640625,6011206.4,3661664.266666666,6011206.4,13.62214420446738,30.348795179985853,1
2023-12-17 07:42:00,339.14453125,3629785.6,2091066.666666667,3629785.6,17.762102871104922,30.38688745999631,1
2023-12-17 07:44:00,339.453125,9111277.333333334,5191360.0,9111277.333333334,14.103634073334332,26.53721924332785,1
2023-12-17 07:46:00,339.34765625,10365402.4,6020782.4,10365402.4,17.569969255548333,29.915671196649786,1
2023-12-17 07:48:00,337.46484375,10131895.2,5742908.533333332,10131895.2,14.386598713333823,14.058407396660185,1
2023-12-17 07:50:00,343.28515625,7068594.4,4106910.4,7068594.4,20.384786800002786,22.700384346680952,1
2023-12-17 07:52:00,332.984375,5325508.8,2832438.1333333333,5325508.8,27.32206777333179,29.47232293333703,1
2023-12-17 07:54:00,338.546875,6940536.533333332,3895752.0,6940536.533333332,28.08916396002233,22.4096491500192,1
2023-12-17 07:56:00,343.2578125,9638478.514518118,5135220.722072206,9638478.514518118,11.232738000447366,22.17246953359809,1
2023-12-17 07:58:00,342.765625,8031996.532408643,4971794.345158709,8031996.532408643,8.901251464822012,16.853111666433552,1
2023-12-17 08:00:00,333.6015625,7537440.533333332,4091007.2,7537440.533333332,17.3194613777903,31.525705869959587,1
2023-12-17 08:02:00,335.84765625,8698221.496417264,5182396.000666556,8698221.496417264,19.504926978837407,27.099035390778578,1
2023-12-17 08:04:00,318.37890625,5594252.0,3878103.2,5594252.0,16.67510823556869,31.516236796645288,1
2023-12-17 08:06:00,304.07421875,3568048.0,2351316.266666666,3568048.0,18.35639168000651,25.17412496332933,1
2023-12-17 08:08:00,283.30078125,3390870.4,3058637.6,3390870.4,16.40406626664723,17.178529770026213,1
2023-12-17 08:10:00,272.2890625,4071543.2,3703088.0,4071543.2,17.264567806657094,20.427327900009306,1
2023-12-17 08:12:00,269.328125,3880007.7328178124,3526249.1833877736,3880007.7328178124,15.076834962131464,26.380006429595586,1
2023-12-17 08:14:00,283.1796875,4771309.6,4462691.466666667,4771309.6,8.983922648864489,19.11511684666039,1
2023-12-17 08:16:00,270.78125,3948405.866666666,3768134.933333333,3948405.866666666,14.470967133335456,22.91739048669115,1
2023-12-17 08:18:00,271.015625,4688961.866666666,4447481.6,4688961.866666666,13.730050819997105,22.07910911000605,1
2023-12-17 08:20:00,271.87109375,4423825.866666666,4137494.666666666,4423825.866666666,23.494601255547927,15.423650959952885,1
2023-12-17 08:22:00,269.0546875,5790775.2,5348597.333333333,5790775.2,15.03980063998218,11.268324006620484,1
2023-12-17 08:24:00,274.2265625,4338518.933333334,3909721.6,4338518.933333334,14.377256300002852,24.55856837002405,1
2023-12-17 08:26:00,274.1953125,3542072.266666666,3733089.066666667,3542072.266666666,10.190331624439247,14.02306704665534,1
2023-12-17 08:28:00,276.20703125,5265293.866666666,4854309.6,5265293.866666666,17.819275980000388,24.05434619999141,1
2023-12-17 08:30:00,272.67578125,4150609.333333334,3901774.933333333,4150609.333333334,17.394416284449914,24.738845916678358,1
2023-12-17 08:32:00,271.65234375,4925454.933333334,4288857.6,4925454.933333334,16.84254121112948,22.65265691336632,1
2023-12-17 08:34:00,273.7734375,2177572.266666666,1926872.0,2177572.266666666,17.761297619985676,10.404770653306818,1
2023-12-17 08:36:00,270.41796875,4499791.2,4134951.466666667,4499791.2,12.217135186656376,28.566158453322714,1
2023-12-17 08:38:00,270.3203125,2720968.266666666,2430458.4,2720968.266666666,12.761056491128533,29.63531573332148,1
2023-12-17 08:40:00,276.0625,4113547.466666667,3884490.4,4113547.466666667,16.075778035544015,27.49259910997353,1
2023-12-17 08:42:00,273.57421875,4993371.2,4617958.933333334,4993371.2,13.299129277778167,26.90731663669188,1
2023-12-17 08:44:00,285.96484375,4469880.0,4044228.8,4469880.0,14.303863255578715,24.11106450332833,1
2023-12-17 08:46:00,283.54296875,3813411.2,3539384.8,3813411.2,12.289807559993482,20.064850659982763,1
2023-12-17 08:48:00,285.50390625,4308212.533333333,3944341.6,4308212.533333333,9.454856920023706,22.142135463315448,1
2023-12-17 08:50:00,275.08984375,4629909.333333333,4370699.733333333,4629909.333333333,9.861605971107364,22.603804456690952,1
2023-12-17 08:52:00,285.70703125,6556872.8,5827787.466666668,6556872.8,16.745752539977225,14.335480013348086,1
2023-12-17 08:54:00,272.84765625,4580624.8,4256550.933333334,4580624.8,21.184704433318178,29.22081326997917,1
2023-12-17 08:56:00,285.2265625,3423517.6,3281887.2,3423517.6,13.517640524466211,20.5598213999959,1
2023-12-17 08:58:00,283.515625,4571263.2,4323137.866666666,4571263.2,14.176900148902655,28.761615876671087,1
2023-12-17 09:00:00,271.79296875,4581992.533333333,4224281.6,4581992.533333333,13.225280733345746,23.439504626682414,1
2023-12-17 09:02:00,275.58203125,4954710.666666667,4509160.8,4954710.666666667,7.271762611118094,25.60010159000133,1
2023-12-17 09:04:00,282.05859375,4755838.389225949,4391546.103073538,4755838.389225949,16.818132879973582,24.19831440095589,1
2023-12-17 09:06:00,282.99609375,4175101.6,3801566.4,4175101.6,15.25221433998215,21.17611823331875,1
2023-12-17 09:08:00,277.94140625,3596269.0846056407,3424634.442296153,3596269.0846056407,14.043632822187902,20.867753853599886,1
2023-12-17 09:10:00,284.4140625,4030535.7333333325,4155006.4,4030535.7333333325,20.770035066654803,19.989296880036516,1
2023-12-17 09:12:00,281.9375,4503888.266666667,3959634.4,4503888.266666667,14.403193897774651,16.71767750997485,1
2023-12-17 09:14:00,272.8125,4115471.7333333325,3809754.4,4115471.7333333325,10.97669685999992,21.669747893368672,1
2023-12-17 09:16:00,281.4375,4751883.2,4383991.733333333,4751883.2,13.943927668895212,19.06356599666955,1
2023-12-17 09:18:00,272.4765625,4932681.6,4474691.2,4932681.6,16.164996313358035,22.907884296631284,1
2023-12-17 09:20:00,276.3984375,5658184.266666668,5236757.333333333,5658184.266666668,14.37470108445268,14.472568016693305,1
2023-12-17 09:22:00,273.6640625,3797807.466666667,3310471.2,3797807.466666667,12.268615575546088,23.00632886331489,1
2023-12-17 09:24:00,284.2734375,5811741.333333332,5412331.733333333,5811741.333333332,13.634793811102606,17.9221024766836,1
2023-12-17 09:26:00,281.09765625,5705321.866666666,5325816.0,5705321.866666666,10.732975524442736,24.908551826665644,1
2023-12-17 09:28:00,281.375,2661191.2,2498744.8,2661191.2,15.107537653335994,21.544233029999305,1
2023-12-17 09:30:00,267.640625,4678093.333333333,4260067.466666667,4678093.333333333,9.368808026677772,22.329998313313503,1
2023-12-17 09:32:00,279.96875,5380750.133333334,4912133.866666666,5380750.133333334,12.469782295585091,19.84089092666788,1
2023-12-17 09:34:00,273.7109375,5148175.733333333,4673538.133333334,5148175.733333333,16.987597886666965,24.46695688665689,1
2023-12-17 09:36:00,273.8828125,3959585.066666667,3641459.466666667,3959585.066666667,16.533880837766144,20.23730953670262,1
2023-12-17 09:38:00,273.53125,5144472.533333333,4756149.6,5144472.533333333,20.115060515559488,20.665347200022854,1
2023-12-17 09:40:00,272.24609375,3576734.666666666,3209722.666666666,3576734.666666666,8.285954131117453,25.37506229001641,1
2023-12-17 09:42:00,289.06640625,4266642.933333334,3928485.6,4266642.933333334,13.444801064421576,22.845323299989104,1
2023-12-17 09:44:00,274.02734375,3798652.8,3506019.2,3798652.8,18.19312858666914,24.338442219983946,1
2023-12-17 09:46:00,285.60546875,5129532.993231302,4669350.6718682265,5129532.993231302,12.60618629144071,12.835364816120961,1
2023-12-17 09:48:00,279.08203125,4809050.133333334,4423025.333333333,4809050.133333334,7.597193908877671,19.642558040019747,1
2023-12-17 09:50:00,280.3515625,5670268.266666668,5264741.333333333,5670268.266666668,14.370267300012832,26.724840310004463,1
2023-12-17 09:52:00,269.9921875,6481390.133333334,5858462.133333334,6481390.133333334,12.053402911082635,13.930104763324685,1
2023-12-17 09:54:00,278.3203125,4614415.57229518,4322512.365842277,4614415.57229518,18.904440406199587,24.092035877596928,1
2023-12-17 09:56:00,282.40234375,4196570.666666667,3915771.2,4196570.666666667,16.31991463334998,21.38379760333919,1
2023-12-17 09:58:00,272.0,4483684.266666667,4087801.866666666,4483684.266666667,14.735390988902914,22.96018990998467,1
2023-12-17 10:00:00,275.22265625,5253184.266666667,4850519.733333333,5253184.266666667,18.164432675564765,21.36906342998069,1
2023-12-17 10:02:00,275.79296875,3474139.2,3155681.333333333,3474139.2,13.65125952443729,19.7677352866837,1
2023-12-17 10:04:00,270.31640625,3814429.066666667,3545735.466666667,3814429.066666667,9.536923646681117,22.90318783668529,1
2023-12-17 10:06:00,267.3515625,4811184.266666667,4558368.533333333,4811184.266666667,8.860671691104978,19.536757250025406,1
2023-12-17 10:08:00,274.07421875,3792166.933333333,3531995.733333333,3792166.933333333,13.631564615546573,21.566338429984174,1
2023-12-17 10:10:00,274.3984375,3742654.1333333324,3513329.8666666667,3742654.1333333324,15.178371904443743,25.40161534333796,1
2023-12-17 10:12:00,273.2578125,5126601.6,4498610.933333334,5126601.6,11.39788495777692,22.75031636333248,1
2023-12-17 10:14:00,285.046875,4921069.6,4467868.8,4921069.6,12.756702706651087,19.675782169991482,1
2023-12-17 10:16:00,273.5625,1931826.133333333,1775691.2,1931826.133333333,14.455890644458124,30.29882085334975,1
2023-12-17 10:18:00,281.55859375,5444252.533333333,5138066.933333334,5444252.533333333,16.035503473313938,16.497443629972018,1
2023-12-17 10:20:00,270.0078125,5939093.006200414,5428102.673511568,5939093.006200414,15.791702660185704,13.085746336428507,1
2023-12-17 10:22:00,267.921875,5279228.070175439,4676881.862450805,5279228.070175439,16.50396690014331,22.383027069612023,1
2023-12-17 10:24:00,269.0390625,4555298.933333334,4232780.0,4555298.933333334,19.030100460028432,29.23485087337516,1
2023-12-17 10:26:00,270.55859375,2783550.1333333333,2569159.733333333,2783550.1333333333,12.696932284452489,28.833751566659583,1
2023-12-17 10:28:00,272.62890625,4592734.933333334,4255668.0,4592734.933333334,14.770723671115574,17.38693782336971,1
2023-12-17 10:30:00,270.60546875,3843575.2,3562939.2,3843575.2,13.140973528885903,22.967411730011612,1
2023-12-17 10:32:00,279.54296875,4757692.266666667,4454134.933333334,4757692.266666667,20.683245584433386,26.965219280003414,1
2023-12-17 10:34:00,275.2265625,3390375.733333333,3125046.4,3390375.733333333,14.780897897758727,22.44585426000413,1
2023-12-17 10:36:00,274.46484375,4701881.066666666,4459847.2,4701881.066666666,12.660779542218533,22.62233311669358,1
2023-12-17 10:38:00,282.421875,6187629.866666666,5722094.4,6187629.866666666,13.421244744418395,20.357281753337396,1
2023-12-17 10:40:00,270.6484375,3797683.2,3583972.8,3797683.2,15.388329397796447,22.017481819978762,1
2023-12-17 10:42:00,284.0078125,4961116.533333333,4507604.8,4961116.533333333,16.366806853329766,16.55791370998486,1
2023-12-17 10:44:00,271.1640625,4247442.933333334,4089765.6,4247442.933333334,15.656475182234619,11.28464558001724,1
2023-12-17 10:46:00,284.078125,4145769.6,3987038.4,4145769.6,14.531936695566404,14.752047140015446,1
2023-12-17 10:48:00,274.359375,4678281.333333333,4234770.666666667,4678281.333333333,18.735261420014368,21.94740396667233,1
2023-12-17 10:50:00,272.953125,3982020.8,3712627.7333333325,3982020.8,16.58244686666876,24.315171333340306,1
2023-12-17 10:52:00,271.24609375,4159150.4,3596072.0,4159150.4,15.139035102232206,20.29385069666508,1
2023-12-17 10:54:00,277.93359375,2664904.266666666,2528784.533333333,2664904.266666666,14.809857853332586,21.86749063335204,1
2023-12-17 10:56:00,276.35546875,4964487.2,4706623.466666667,4964487.2,15.442817717751794,22.21585907667759,1
2023-12-17 10:58:00,279.0703125,4487455.2,4093197.333333334,4487455.2,14.970617886639149,24.43996693332641,1
2023-12-17 11:00:00,270.1640625,5182826.4,4752836.0,5182826.4,13.37311392223152,31.87051293333449,1
2023-12-17 11:02:00,269.2734375,5462396.266666667,4780468.0,5462396.266666667,16.84297287109075,24.729931689992856,1
2023-12-17 11:04:00,267.7421875,5118714.4,4728375.2,5118714.4,18.81234019778074,21.839544190006567,1
2023-12-17 11:06:00,278.5546875,4309453.866666666,4055688.266666666,4309453.866666666,8.86175844223342,27.275646786680838,1
2023-12-17 11:08:00,269.734375,3767562.1333333324,3522704.533333333,3767562.1333333324,24.2639952888971,11.284375839992814,1
2023-12-17 11:10:00,270.03515625,3785037.6,3537128.266666666,3785037.6,10.585561279990038,13.710836269989764,1
2023-12-17 11:12:00,281.6015625,4958246.4,4365207.2,4958246.4,15.823443842204545,23.326731199971015,1
2023-12-17 11:14:00,274.23828125,4345051.733333333,3972512.8,4345051.733333333,12.643743259993949,26.866556460008727,1
2023-12-17 11:16:00,272.28515625,6229383.2,5645650.133333334,6229383.2,16.182808975572698,26.68644504335437,1
2023-12-17 11:18:00,283.7578125,4473323.733333333,4104796.266666666,4473323.733333333,18.94015282887267,27.54847565665841,1
2023-12-17 11:20:00,280.7578125,3699685.6,3429524.0,3699685.6,17.76975399332716,21.32164106665489,1
2023-12-17 11:22:00,271.4609375,5327934.404373041,4785520.9652689835,5327934.404373041,15.665214399047422,28.12480675623753,1
2023-12-17 11:24:00,271.515625,6327684.533333332,5764927.2,6327684.533333332,13.653915722227087,14.405414076657813,1
2023-12-17 11:26:00,280.0390625,4363074.48050432,4062812.3144658282,4363074.48050432,11.939939254878313,18.663439188155934,1
2023-12-17 11:28:00,271.2890625,4359716.266666667,4059141.6,4359716.266666667,14.486769479990473,18.473819890011026,1
2023-12-17 11:30:00,273.17578125,4912014.133333334,4487549.333333333,4912014.133333334,13.548978724445783,20.158443630013302,1
2023-12-17 11:32:00,268.90625,4490727.733333333,3974373.6,4490727.733333333,20.468371253357166,19.51800240999243,1
2023-12-17 11:34:00,270.921875,2620077.6,2291157.333333333,2620077.6,15.62316806666786,22.241377946678167,1
2023-12-17 11:36:00,284.2890625,2867447.2,2602874.1333333333,2867447.2,9.627744742222903,19.070214626699453,1
2023-12-17 11:38:00,283.51171875,4288744.266666667,3953061.333333334,4288744.266666667,16.712770408905474,20.464200716669442,1
2023-12-17 11:40:00,283.96875,2434189.8666666667,2117626.1333333333,2434189.8666666667,13.022043077766693,24.197228416693783,1
2023-12-17 11:42:00,276.44921875,6409679.466666668,5822519.2,6409679.466666668,18.31647773111601,26.159602930032026,1
2023-12-17 11:44:00,276.484375,4376995.2,3979526.4,4376995.2,15.637587824441853,22.795887156680692,1
2023-12-17 11:46:00,280.61328125,5363352.017862499,4893962.87532909,5363352.017862499,15.662081745345676,21.34629853037923,1
2023-12-17 11:48:00,286.18359375,4706466.666666667,4341909.066666666,4706466.666666667,13.247392153328596,28.403538699979737,1
2023-12-17 11:50:00,280.21875,4079086.4,3847627.7333333325,4079086.4,14.772328693329149,28.172652550031966,1
2023-12-17 11:52:00,271.09375,5172916.266666667,4661629.066666666,5172916.266666667,15.074507073311706,29.268075676664015,1
2023-12-17 11:54:00,272.921875,4004855.2,3750342.1333333324,4004855.2,19.27737943999495,12.357395143335452,1
2023-12-17 11:56:00,280.2265625,2436016.0,2365676.266666666,2436016.0,7.83589856443642,22.932416786643444,1
2023-12-17 11:58:00,280.15625,5452344.441482272,5015935.217275393,5452344.441482272,21.715994059378943,14.70526500268898,1
2023-12-17 12:00:00,289.09375,4351309.692041061,4014746.8337554988,4351309.692041061,10.427444460749324,28.348933308903327,1
2023-12-17 12:02:00,286.94140625,4002866.726684672,3544794.104898136,4002866.726684672,21.897236397608687,21.801232909861284,1
2023-12-17 12:04:00,291.7109375,5244847.733333333,4754197.066666666,5244847.733333333,14.23287549777241,18.426698010007385,1
2023-12-17 12:06:00,283.25390625,5178603.466666667,4732651.733333333,5178603.466666667,16.471994086653773,28.555973056645602,1
2023-12-17 12:08:00,290.375,5318775.2,4891321.6,5318775.2,15.508107342207547,21.199721700007405,1
2023-12-17 12:10:00,278.44140625,4665658.133333334,4300266.933333334,4665658.133333334,18.275379913328734,21.748154290010767,1
2023-12-17 12:12:00,276.984375,2338006.933333333,2103174.1333333333,2338006.933333333,18.853412795579057,23.899951313360358,1
2023-12-17 12:14:00,274.203125,5096177.066666666,4841964.266666667,5096177.066666666,17.836764853337726,28.096104946695647,1
2023-12-17 12:16:00,287.58203125,6083626.133333334,5636738.133333334,6083626.133333334,15.357625480003964,26.66230260671,1
2023-12-17 12:18:00,286.93359375,3682516.0,3387637.333333333,3682516.0,14.606938402220194,14.986377046637546,1
2023-12-17 12:20:00,281.69140625,3193218.1333333333,3039025.066666667,3193218.1333333333,13.415019704455819,26.463013896670113,1
2023-12-17 12:22:00,287.20703125,5455402.133333334,4831117.333333333,5455402.133333334,17.094887986669267,19.160397879992768,1
2023-12-17 12:24:00,286.8984375,2397902.666666666,2158532.533333333,2397902.666666666,21.012976420008474,26.36198529668036,1
2023-12-17 12:26:00,287.97265625,2270290.591451624,2120312.595852504,2270290.591451624,15.079086561759606,27.10739878309943,1
2023-12-17 12:28:00,277.484375,2576758.1333333333,2259361.066666667,2576758.1333333333,14.667516222236571,11.382541586644948,1
2023-12-17 12:30:00,275.88671875,5642423.466666668,5150136.8,5642423.466666668,12.111778768917752,27.757400310025936,1
2023-12-17 12:32:00,275.78125,6864002.133333334,6180152.0,6864002.133333334,18.881955455581192,23.108072860001503,1
2023-12-17 12:34:00,275.7890625,4278442.666666667,3859881.866666666,4278442.666666667,15.767567395555995,23.71703817334492,1
2023-12-17 12:36:00,274.0,4401554.933333334,4062293.866666666,4401554.933333334,17.55538395554241,20.65746101332479,1
2023-12-17 12:38:00,278.25390625,4971886.133333334,4838493.6,4971886.133333334,12.207193746677756,23.507852833330013,1
2023-12-17 12:40:00,274.484375,3908110.933333333,3534833.066666667,3908110.933333333,16.555416197774726,21.399192556661237,1
2023-12-17 12:42:00,284.375,2971362.666666666,2599498.933333333,2971362.666666666,12.732958306668374,15.451030513359001,1
2023-12-17 12:44:00,277.66796875,3328852.0,3168131.733333333,3328852.0,14.29277458001808,10.194845716663016,1
2023-12-17 12:46:00,289.86328125,4883269.6,4368386.666666667,4883269.6,13.60278713998721,13.703108959986515,1
2023-12-17 12:48:00,282.08984375,4503358.666666667,4076543.7333333325,4503358.666666667,17.841292071097996,23.845200796689216,1
2023-12-17 12:50:00,283.21484375,4775175.2,4402231.733333333,4775175.2,17.399756502224285,22.750735303319136,1
2023-12-17 12:52:00,287.83203125,2617952.266666666,2611790.1333333333,2617952.266666666,12.638917940009074,16.8021168433188,1
2023-12-17 12:54:00,278.82421875,4591401.066666666,4260385.333333333,4591401.066666666,17.01215092665128,23.14685246664643,1
2023-12-17 12:56:00,279.12109375,4772966.666666667,4521413.333333333,4772966.666666667,18.79237484665484,19.319086746691028,1
2023-12-17 12:58:00,285.08984375,4192277.333333334,3838556.0,4192277.333333334,15.2281009866662,14.707947316686235,1
2023-12-17 13:00:00,276.46875,4956204.533333333,4610947.733333333,4956204.533333333,15.40980786001051,27.912952853366733,1
2023-12-17 13:02:00,289.25,5862866.666666668,5277030.4,5862866.666666668,18.655521153349486,19.369850306684388,1
2023-12-17 13:04:00,281.6171875,6952101.866666666,6493676.266666668,6952101.866666666,13.01756140446135,22.86736759003057,1
2023-12-17 13:06:00,281.17578125,4051813.866666666,3769300.266666666,4051813.866666666,14.535963044456567,33.16605683668361,1
2023-12-17 13:08:00,294.30078125,3769540.266666666,3613600.0,3769540.266666666,16.325625226664773,22.65596036333591,1
2023-12-17 13:10:00,278.58203125,2686824.8,2625981.6,2686824.8,7.394432388892811,27.427031043334864,1
2023-12-17 13:12:00,274.38671875,4921483.2,4373485.333333333,4921483.2,17.88154448000973,23.40630391001468,1
2023-12-17 13:14:00,273.92578125,4591902.666666667,4244627.2,4591902.666666667,9.681740297787153,20.44175638337037,1
2023-12-17 13:16:00,276.8125,5109469.333333333,4793714.666666667,5109469.333333333,15.289882297769914,24.52167502997327,1
2023-12-17 13:18:00,286.3125,5974384.266666668,5449174.666666667,5974384.266666668,12.779250857775976,24.74063513999378,1
2023-12-17 13:20:00,285.953125,4076026.1333333324,3692579.466666667,4076026.1333333324,16.539018002222292,18.398019196659643,1
2023-12-17 13:22:00,279.9609375,2805282.4,2475228.0,2805282.4,14.767819084453446,14.020009083372614,1
2023-12-17 13:24:00,281.0390625,5752321.066666666,5351834.666666667,5752321.066666666,8.062592413334643,22.54517553000672,1
2023-12-17 13:26:00,279.1171875,4718566.933333334,4302955.733333333,4718566.933333334,15.060718317787785,17.786018946644614,1
2023-12-17 13:28:00,285.5078125,2754986.1013898607,2580840.8492484083,2754986.1013898607,15.141169403060898,22.570689287738894,1
2023-12-17 13:30:00,280.98046875,4137461.333333334,3895383.7333333325,4137461.333333334,14.232727346663726,18.2127539733483,1
2023-12-17 13:32:00,286.41015625,3971517.866666666,3434330.1333333333,3971517.866666666,14.725538075565254,19.324428126662195,1
2023-12-17 13:34:00,278.50390625,4366219.733333333,4170915.466666667,4366219.733333333,6.888970693334057,24.543594079974962,1
2023-12-17 13:36:00,290.3203125,3309501.066666667,3158520.266666666,3309501.066666667,15.789453171115987,23.38502194669369,1
2023-12-17 13:38:00,278.29296875,4105754.1333333324,3714372.0,4105754.1333333324,15.947964924432904,21.610644893323,1
2023-12-17 13:40:00,289.71875,4247593.866666666,3946954.1333333324,4247593.866666666,14.652507357790856,12.216670726629673,1
2023-12-17 13:42:00,279.46875,4880245.066666666,4484946.933333334,4880245.066666666,15.398370013345911,23.800103993319983,1
2023-12-17 13:44:00,293.98828125,3853382.933333333,3444511.2,3853382.933333333,12.830007720007822,23.98948373001379,1
2023-12-17 13:46:00,281.3203125,4481236.349089939,4210194.012934196,4481236.349089939,6.949092432813655,21.459700150022613,1
2023-12-17 13:48:00,283.35546875,6493021.066666666,6049508.266666668,6493021.066666666,13.715508662215948,26.80240279000524,1
2023-12-17 13:50:00,278.84375,4746908.0,4498042.933333334,4746908.0,15.143987855537693,25.49954783666181,1
2023-12-17 13:52:00,277.48828125,5996969.6,5490404.533333333,5996969.6,9.414898973320508,11.363665459988017,1
2023-12-17 13:54:00,294.828125,4818548.533333333,4339165.333333333,4818548.533333333,16.41487661555099,13.158839366660686,1
2023-12-17 13:56:00,286.328125,7201944.461112778,6657228.922892287,7201944.461112778,16.97849463170241,21.077205360522832,1
2023-12-17 13:58:00,282.875,5500278.666666667,4995388.0,5500278.666666667,14.352456373324255,21.271190393308643,1
2023-12-17 14:00:00,274.44140625,4187345.512735031,3828338.17842379,4187345.512735031,15.617747170708412,27.612136244821034,1
2023-12-17 14:02:00,279.12890625,4305673.866666666,3739906.933333333,4305673.866666666,10.546466837792345,29.050370263333512,1
2023-12-17 14:04:00,289.6796875,4839213.6,4592274.933333334,4839213.6,16.124268682227314,22.009169386680394,1
2023-12-17 14:06:00,277.31640625,5047272.266666667,4721266.933333334,5047272.266666667,14.994458788908865,22.517507706700897,1
2023-12-17 14:08:00,279.23046875,4531820.266666667,4214117.6,4531820.266666667,12.57201716442877,26.18646217000788,1
2023-12-17 14:10:00,280.5,4207947.184155246,3942421.3930845917,4207947.184155246,17.24282166206198,26.65185596680615,1
2023-12-17 14:12:00,282.8515625,5519891.733333333,5029953.066666666,5519891.733333333,17.369386155559265,24.3575027633536,1
2023-12-17 14:14:00,274.8515625,4010840.0,3865527.466666667,4010840.0,11.515583471110507,26.22708903669263,1
2023-12-17 14:16:00,276.296875,4117565.066666667,3781338.1333333324,4117565.066666667,14.858903973331005,12.28911616335002,1
2023-12-17 14:18:00,300.796875,4951196.533333333,4579920.266666667,4951196.533333333,18.38388443998863,15.185310760037586,1
2023-12-17 14:20:00,285.546875,4398580.0,3973837.6,4398580.0,13.654375537751346,27.36682668997673,1
2023-12-17 14:22:00,286.1640625,2577552.8,2223168.533333333,2577552.8,23.58745999999681,30.931129613357676,1
2023-12-17 14:24:00,274.87109375,5208609.6,5111872.0,5208609.6,15.614264062217748,16.820805436679322,1
2023-12-17 14:26:00,271.41796875,2815329.8666666667,2560386.666666666,2815329.8666666667,15.686168584442283,13.979853623362336,1
2023-12-17 14:28:00,290.65625,4338104.266666667,4166525.066666667,4338104.266666667,16.23162140219291,25.193227640023302,1
2023-12-17 14:30:00,285.5078125,4494692.266666667,4158647.466666667,4494692.266666667,9.529373879971294,25.167748206634613,1
2023-12-17 14:32:00,287.8046875,2834124.533333333,2574700.8,2834124.533333333,13.67179493998669,18.71135341003537,1
2023-12-17 14:34:00,279.7421875,4458977.078891259,4116635.1279317695,4458977.078891259,16.86159112249702,24.85561988273953,1
2023-12-17 14:36:00,291.23828125,5356324.100923241,5410588.00786588,5356324.100923241,15.575526322909287,11.738784574893598,1
2023-12-17 14:38:00,278.7109375,2175746.933333333,3215228.533333333,2175746.933333333,11.292988582216722,20.582541300003268,1
2023-12-17 14:40:00,284.640625,2271621.066666667,3336956.266666666,2271621.066666667,4.574363819976699,8.921917396655774,1
2023-12-17 14:42:00,276.61328125,2583581.8666666667,3650586.666666666,2583581.8666666667,8.818146062225829,19.522475386669004,1
2023-12-17 14:44:00,277.21875,2319728.687077323,3440128.460539028,2319728.687077323,13.70056369167903,15.786524249580062,1
2023-12-17 14:46:00,277.49609375,2169796.266666666,3140147.733333333,2169796.266666666,14.71415829999993,24.14108005332916,1
2023-12-17 14:48:00,274.09765625,1818265.866666667,2561307.466666667,1818265.866666667,11.911773580003581,17.29930932332839,1
2023-12-17 14:50:00,276.18359375,3012889.9110088986,4431930.406959305,3012889.9110088986,8.242496703663384,8.313102406419413,1
2023-12-17 14:52:00,288.4765625,3172367.466666667,4341206.666666667,3172367.466666667,11.622090015540989,18.539218513324162,1
2023-12-17 14:54:00,283.7734375,2996618.1333333333,4276378.133333334,2996618.1333333333,9.010394195566834,11.244191289976397,1
2023-12-17 14:56:00,272.0234375,1946046.133333333,3029880.533333333,1946046.133333333,15.185263964457489,7.7700775566821285,1
2023-12-17 14:58:00,290.69921875,2391723.733333333,3562439.466666667,2391723.733333333,6.960652040013679,16.357188960003743,1
2023-12-17 15:00:00,271.05859375,3072026.1333333333,4395678.933333334,3072026.1333333333,11.61348122889952,19.001009380008327,1
2023-12-17 15:02:00,267.98046875,3020381.333333333,4284453.066666666,3020381.333333333,13.7132543400124,17.863513933310358,1
2023-12-17 15:04:00,270.2421875,1628884.0,2281299.2,1628884.0,9.990699146680225,19.388345196687926,1
2023-12-17 15:06:00,274.8984375,2245315.466666667,3199510.666666666,2245315.466666667,14.000699357776384,17.872724449989622,1
2023-12-17 15:08:00,288.4140625,2432037.6,3544442.666666666,2432037.6,13.341554893348885,10.679835103316387,1
2023-12-17 15:10:00,270.5390625,1763653.333333333,2562906.666666666,1763653.333333333,14.490366751108215,15.204295380002195,1
2023-12-17 15:12:00,275.6328125,3124221.333333333,4071086.666666666,3124221.333333333,14.093720642235386,21.38303378664811,1
2023-12-17 15:14:00,272.40234375,1595214.933333333,2369433.8666666667,1595214.933333333,10.939043222202196,10.645732039993165,1
2023-12-17 15:16:00,278.5234375,2523190.668221963,3678259.756707215,2523190.668221963,11.083298021434635,21.01194214965961,1
2023-12-17 15:18:00,286.66796875,2413807.466666667,3460176.266666666,2413807.466666667,7.384298679988004,15.785026663361352,1
2023-12-17 15:20:00,290.66796875,845072.8,2622897.333333333,845072.8,7.132289739998263,11.967689363324704,1
2023-12-17 15:22:00,288.08984375,4907477.066666666,4567484.0,4907477.066666666,8.833459364444328,18.857890683333,1
2023-12-17 15:24:00,290.90625,5134972.0,4939311.466666667,5134972.0,13.78609956888896,14.653031083338039,1
2023-12-17 15:26:00,306.453125,3006240.533333333,3456448.266666666,3006240.533333333,10.62676361335131,20.62276836668995,1
2023-12-17 15:28:00,297.20703125,251793.86666666673,3320865.333333333,251793.86666666673,8.506383097782317,9.525063400020976,1
2023-12-17 15:30:00,278.921875,2589548.266666666,2510407.2,2589548.266666666,15.464384004428412,21.763556043297285,1
2023-12-17 15:32:00,276.56640625,6391883.733333332,6031485.6,6391883.733333332,13.66378336000101,25.860701896648003,1
2023-12-17 15:34:00,289.05078125,2870722.666666666,3549787.466666667,2870722.666666666,13.488482648907747,20.716249380008477,1
2023-12-17 15:36:00,288.2578125,3600843.101953724,3180989.7979595917,3600843.101953724,13.480158173849158,20.482561809029416,1
2023-12-17 15:38:00,283.01953125,4910680.8,4642176.0,4910680.8,19.871311126658433,19.489122433345376,1
2023-12-17 15:40:00,281.9453125,4445611.466666667,4107541.066666667,4445611.466666667,18.23084988446984,22.93355359666748,1
2023-12-17 15:42:00,275.328125,4820727.2,4474765.6,4820727.2,16.212130422225325,26.707897443363127,1
2023-12-17 15:44:00,286.875,5740382.133333334,5293556.0,5740382.133333334,18.678964893333614,23.72100682002686,1
2023-12-17 15:46:00,276.9296875,4585156.266666667,4291025.066666666,4585156.266666667,15.0793417600087,21.9341184500081,1
2023-12-17 15:48:00,279.30859375,3412873.066666667,3432488.533333333,3412873.066666667,17.867897822191782,24.12344905998907,1
2023-12-17 15:50:00,281.58984375,3909322.933333333,4044206.4,3909322.933333333,15.39608292000291,18.91196040334762,1
2023-12-17 15:52:00,287.50390625,4971385.825721715,4593542.769517968,4971385.825721715,21.61956356643888,21.1602660177434,1
2023-12-17 15:54:00,278.71484375,4201826.133333334,3850107.2,4201826.133333334,15.328321551108576,28.993433343324188,1
2023-12-17 15:56:00,273.76171875,4198097.866666666,3797217.066666667,4198097.866666666,15.243066886646881,21.481442216706146,1
2023-12-17 15:58:00,281.80078125,4132691.2,3838538.933333333,4132691.2,16.093390755542917,17.369214859985124,1
2023-12-17 16:00:00,280.203125,4827036.533333333,4554247.2,4827036.533333333,8.588229388858759,30.903370430023642,1
2023-12-17 16:02:00,278.3515625,4512265.6,4012077.333333334,4512265.6,11.45177043110986,22.071659516659565,1
2023-12-17 16:04:00,280.26171875,5413926.133333334,5031118.133333334,5413926.133333334,9.219719002236769,30.536713766632598,1
2023-12-17 16:06:00,283.90625,3743383.7333333325,3821134.1333333324,3743383.7333333325,10.322413515532391,12.996555416660462,1
2023-12-17 16:08:00,273.70703125,3906624.533333333,3676007.466666667,3906624.533333333,13.418686413335507,27.82870616996661,1
2023-12-17 16:10:00,286.93359375,4476226.666666667,4132905.066666667,4476226.666666667,16.10287171555683,13.164421099985097,1
2023-12-17 16:12:00,285.3984375,2503180.266666666,2319137.066666667,2503180.266666666,18.361605048897523,28.999475463351693,1
2023-12-17 16:14:00,291.6171875,4751061.6,4484353.066666666,4751061.6,20.72150470889432,20.81564506336387,1
2023-12-17 16:16:00,282.20703125,1882420.0,1801545.333333333,1882420.0,13.740902322234534,23.721060693351323,1
2023-12-17 16:18:00,273.08984375,4813867.2,4507632.533333333,4813867.2,14.854911124437221,13.83720102002068,1
2023-12-17 16:20:00,291.40234375,3818740.0,3704452.533333333,3818740.0,17.45953132443699,20.336823749967152,1
2023-12-17 16:22:00,283.4453125,1980305.6,1751483.4666666666,1980305.6,18.25706148668865,27.267604033307485,1
2023-12-17 16:24:00,281.52734375,2679904.8,2419170.933333333,2679904.8,15.728395693327506,27.54836909337125,1
2023-12-17 16:26:00,289.71875,3372022.933333333,3236088.8,3372022.933333333,12.586242151123265,11.949780799962655,1
2023-12-17 16:28:00,283.28125,4966864.8,4350345.333333333,4966864.8,15.625849273314493,36.04789785002746,1
2023-12-17 16:30:00,288.36328125,3991937.866666666,3817318.666666666,3991937.866666666,22.46636877554313,19.742728363295704,1
2023-12-17 16:32:00,278.703125,5310756.0,4706708.533333333,5310756.0,8.131286351094282,15.124408316672392,1
2023-12-17 16:34:00,285.42578125,2782604.266666666,2608622.666666666,2782604.266666666,12.267751953331757,19.615453260000017,1
2023-12-17 16:36:00,278.92578125,5234777.066666666,4874456.266666667,5234777.066666666,16.719872424469536,19.803720716639265,1
2023-12-17 16:38:00,281.703125,5866428.533333332,5403013.6,5866428.533333332,15.298473791109345,22.75670719662837,1
2023-12-17 16:40:00,289.6328125,5375222.4,4880178.4,5375222.4,14.424797100008517,21.685773746673174,1
2023-12-17 16:42:00,277.6015625,5557337.066666666,4833928.533333333,5557337.066666666,16.417088144452364,21.553413496634068,1
2023-12-17 16:44:00,280.4296875,4233142.133333334,3974140.8,4233142.133333334,18.17805147998216,23.841214006679362,1
2023-12-17 16:46:00,279.2734375,5435258.133333334,5153525.066666666,5435258.133333334,12.114981599992865,24.680843273332965,1
2023-12-17 16:48:00,276.2578125,5634931.733333332,5279632.0,5634931.733333332,15.669132073332243,24.66782610669421,1
2023-12-17 16:50:00,278.53125,4522694.4,4245348.266666667,4522694.4,15.808776562237954,32.581227813352605,1
2023-12-17 16:52:00,274.203125,3391814.1333333333,3201770.666666666,3391814.1333333333,16.476427168882864,30.951763063349066,1
2023-12-17 16:54:00,286.15234375,4576095.733333333,4123144.0,4576095.733333333,13.934479339998992,20.73551760001768,1
2023-12-17 16:56:00,276.50390625,3377376.266666666,2993066.1333333333,3377376.266666666,13.558991120015786,25.737512623357674,1
2023-12-17 16:58:00,287.91796875,2905375.466666667,2655553.066666667,2905375.466666667,12.470062182239618,22.250626650008297,1
2023-12-17 17:00:00,274.890625,3923681.333333334,3475645.6,3923681.333333334,14.380100540001873,26.12234248668149,1
2023-12-17 17:02:00,276.54296875,2967729.8666666667,2530173.066666667,2967729.8666666667,18.18339990445465,34.50562894999166,1
2023-12-17 17:04:00,273.8515625,4613440.266666667,4301391.733333333,4613440.266666667,9.436330226663914,14.544842440033484,1
2023-12-17 17:06:00,277.16015625,6513083.2,6197860.533333332,6513083.2,19.22917278890964,26.61730157332689,1
2023-12-17 17:08:00,287.0859375,5387577.333333333,4897804.266666667,5387577.333333333,17.379512251096052,20.606239859965477,1
2023-12-17 17:10:00,290.5390625,6287754.666666668,5767976.533333332,6287754.666666668,15.250328662223179,23.77625474332793,1
2023-12-17 17:12:00,279.62890625,5759840.0,5139667.466666667,5759840.0,15.345015893334574,25.776874160025425,1
2023-12-17 17:14:00,273.59375,5809540.8,5273716.533333333,5809540.8,16.524330988888526,29.319165216681238,1
2023-12-17 17:16:00,280.4296875,4607002.766390028,4226934.639869346,4607002.766390028,18.344072328333198,24.764106289377803,1
2023-12-17 17:18:00,282.2109375,4742996.0,4352790.4,4742996.0,19.51556708890065,22.239721133325173,1
2023-12-17 17:20:00,288.09375,4291657.066666666,4089911.7333333325,4291657.066666666,14.2798203355374,20.529101473318104,1
2023-12-17 17:22:00,284.66796875,4373845.6,3800944.0,4373845.6,18.730104631136374,22.49089299332506,1
2023-12-17 17:24:00,281.23046875,2879492.8,2564133.066666667,2879492.8,13.360492326674928,23.831327909962663,1
2023-12-17 17:26:00,283.59375,4743040.8,4442993.333333333,4743040.8,17.079849806678894,22.31288422000944,1
2023-12-17 17:28:00,279.5859375,4591335.466666667,4250974.933333334,4591335.466666667,13.358227577797756,23.59093671664596,1
2023-12-17 17:30:00,279.21484375,6878735.2,6395186.666666668,6878735.2,14.90519029334084,25.887955046637217,1
2023-12-17 17:32:00,289.5703125,2865201.920512136,2560141.904507869,2865201.920512136,14.127212610037404,33.428008448920195,1
2023-12-17 17:34:00,280.20703125,4304516.636660665,3972004.534240181,4304516.636660665,14.477256804694875,26.389743622051625,1
2023-12-17 17:36:00,279.8046875,3928397.6,3490761.066666667,3928397.6,14.816909204431191,22.51539254667781,1
2023-12-17 17:38:00,282.58203125,5156326.133333334,4639622.4,5156326.133333334,13.892116142216967,25.08109802331698,1
2023-12-17 17:40:00,282.87109375,5204666.133333334,4774552.266666667,5204666.133333334,7.782927339980638,29.62739578331821,1
2023-12-17 17:42:00,288.0546875,5214855.466666667,4624627.733333333,5214855.466666667,14.452939751111744,12.633570933345863,1
2023-12-17 17:44:00,272.46484375,4592538.666666667,4261000.8,4592538.666666667,15.142086255525806,23.003991883354807,1
2023-12-17 17:46:00,275.60546875,4415282.4,4123936.8,4415282.4,14.166531422233676,19.78550214334973,1
2023-12-17 17:48:00,271.56640625,3911321.6,3677557.6,3911321.6,17.621277851123725,19.327644940009726,1
2023-12-17 17:50:00,285.91796875,3312355.733333333,3091954.4,3312355.733333333,6.670751411099143,22.592788389980946,1
2023-12-17 17:52:00,279.5859375,4999048.8,4639056.533333333,4999048.8,15.674821853333723,24.222145013336558,1
2023-12-17 17:54:00,278.0078125,5807627.975198346,5296458.1638775915,5807627.975198346,13.838471371413524,25.375390512692203,1
2023-12-17 17:56:00,277.15625,4857636.533333333,4462624.266666667,4857636.533333333,18.50980821777032,26.0707718966296,1
2023-12-17 17:58:00,289.26953125,4985957.066666666,4610520.533333333,4985957.066666666,12.771841186654964,20.669178329990245,1
2023-12-17 18:00:00,278.81640625,5001832.0,4613162.666666667,5001832.0,14.050102188872795,21.291396023346653,1
2023-12-17 18:02:00,279.71875,4920482.933333334,4373793.6,4920482.933333334,15.337069093333815,23.654723190023407,1
2023-12-17 18:04:00,276.765625,4678952.533333333,4338383.2,4678952.533333333,15.7572145000126,31.787289176669827,1
2023-12-17 18:06:00,278.890625,4876361.866666666,4496870.133333334,4876361.866666666,13.3305139311253,23.10134265668845,1
2023-12-17 18:08:00,287.59375,4779048.266666667,4396488.266666667,4779048.266666667,16.29204832667407,13.574383813296055,1
2023-12-17 18:10:00,284.32421875,6386381.866666666,5808524.266666668,6386381.866666666,14.714070026691642,23.45569503333536,1
2023-12-17 18:12:00,271.6484375,6032576.912823248,5402066.648893628,6032576.912823248,15.712506316082553,22.58150347575326,1
2023-12-17 18:14:00,292.796875,2964632.533333333,2829061.333333333,2964632.533333333,17.907377491129512,22.78880686334257,1
2023-12-17 18:16:00,291.8984375,3931708.8,3589637.6,3931708.8,16.018628706676992,19.482103690000557,1
2023-12-17 18:18:00,275.12890625,3527468.0,3386456.266666666,3527468.0,18.232413688900927,20.979329173327034,1
2023-12-17 18:20:00,290.3046875,3284332.0,3039060.8,3284332.0,12.863734182222593,21.29432668002361,1
2023-12-17 18:22:00,282.37109375,6584124.0,5840858.933333334,6584124.0,14.530950188895481,20.572039706651896,1
2023-12-17 18:24:00,281.67578125,4820035.733333333,4470898.133333334,4820035.733333333,15.962833195549646,25.476742896668533,1
2023-12-17 18:26:00,285.359375,4432429.866666666,4069921.866666666,4432429.866666666,18.079989117751317,29.491556186694652,1
2023-12-17 18:28:00,282.0,4543583.733333333,4198534.666666667,4543583.733333333,15.29367694220532,18.29265698664434,1
2023-12-17 18:30:00,277.7890625,5112092.0,4638489.066666666,5112092.0,12.751275008906507,15.083274619973965,1
2023-12-17 18:32:00,280.15625,5959712.266666668,5418370.933333334,5959712.266666668,18.840632924467272,20.34266559329505,1
2023-12-17 18:34:00,284.0859375,4801104.8,4356697.866666666,4801104.8,17.11155198886344,20.82684735330986,1
2023-12-17 18:36:00,283.46484375,4489955.2,4198653.333333333,4489955.2,15.443753682225685,18.449210439963892,1
2023-12-17 18:38:00,283.078125,5119742.133333334,4644271.466666667,5119742.133333334,15.163495646686188,23.609857620031107,1
2023-12-17 18:40:00,274.55078125,4831418.4,4468382.133333334,4831418.4,14.557122580008585,26.030302669969387,1
2023-12-17 18:42:00,278.0859375,4889905.066666666,4461536.0,4889905.066666666,7.868283120009839,24.09361197336693,1
2023-12-17 18:44:00,275.8671875,3435437.8666666667,3368618.1333333333,3435437.8666666667,14.854531257781975,23.351640410013108,1
2023-12-17 18:46:00,283.41015625,5349513.6,4797630.133333334,5349513.6,14.30592908000108,23.28704596332197,1
2023-12-17 18:48:00,273.15625,3975993.6,3724914.933333333,3975993.6,15.216357244450288,27.563055066663466,1
2023-12-17 18:50:00,286.22265625,1929588.2666666661,1857053.6,1929588.2666666661,17.61299445778908,17.833270403304297,1
2023-12-17 18:52:00,289.953125,5362163.466666667,4685163.466666667,5362163.466666667,13.691908560027109,21.66146109336599,1
2023-12-17 18:54:00,270.98828125,4923188.266666667,4498200.533333333,4923188.266666667,15.191389031113227,25.661760649963984,1
2023-12-17 18:56:00,285.546875,4668216.8,4255862.133333334,4668216.8,18.123463122238817,25.466879223337553,1
2023-12-17 18:58:00,275.78125,4687490.133333334,4381025.066666666,4687490.133333334,17.055445091132743,22.536874463306354,1
2023-12-17 19:00:00,273.54296875,2619174.1333333333,2591072.266666666,2619174.1333333333,13.121607251103141,33.442234009999076,1
2023-12-17 19:02:00,277.3828125,5584463.2,4980427.466666667,5584463.2,16.58173194446135,14.314772296638695,1
2023-12-17 19:04:00,274.0234375,3882544.0,3554082.933333333,3882544.0,17.292496237787418,26.56618594002793,1
2023-12-17 19:06:00,269.265625,2919965.066666667,2697158.933333333,2919965.066666667,17.45395069553827,25.278616913322672,1
2023-12-17 19:08:00,283.25,5210927.733333333,4652104.533333333,5210927.733333333,16.30983276221539,17.857751003369533,1
2023-12-17 19:10:00,272.234375,4316692.0,3842308.8,4316692.0,18.096702648876494,29.168181030011805,1
2023-12-17 19:12:00,275.62890625,2910324.4900679914,2546567.3910145317,2910324.4900679914,13.371114000346635,22.008819084137134,1
2023-12-17 19:14:00,277.328125,5536050.393280895,5206723.1035861885,5536050.393280895,15.669439085911732,24.691895640575403,1
2023-12-17 19:16:00,273.1328125,4698309.1024230905,4328064.526880645,4698309.1024230905,13.340995638192373,27.056562663742035,1
2023-12-17 19:18:00,287.62890625,5202564.266666667,4746386.933333334,5202564.266666667,10.682937235558507,13.371514936637444,1
2023-12-17 19:20:00,304.23828125,5498423.466666667,5198296.0,5498423.466666667,17.361883548890344,21.6420750033285,1
2023-12-17 19:22:00,271.98046875,5658485.866666666,5119754.4,5658485.866666666,10.794870293337024,31.213488436672677,1
2023-12-17 19:24:00,285.45703125,6133436.8,5718622.4,6133436.8,15.311496137777187,26.717047209967863,1
2023-12-17 19:26:00,274.85546875,4569143.2,4231734.4,4569143.2,14.590900477778632,22.276367029990073,1
2023-12-17 19:28:00,280.34765625,5060367.2,4626297.866666666,5060367.2,14.336604000030393,29.93456151666275,1
2023-12-17 19:30:00,280.76953125,5164156.266666667,4822268.266666667,5164156.266666667,14.536642628890046,20.82527102999544,1
2023-12-17 19:32:00,276.54296875,5591116.266666667,5022501.6,5591116.266666667,16.953969157798888,27.12528639667047,1
2023-12-17 19:34:00,274.9453125,2744083.733333333,2721729.333333333,2744083.733333333,12.20453681333715,23.947206396696853,1
2023-12-17 19:36:00,272.3828125,4332393.6,3986795.7333333325,4332393.6,21.23301049998392,26.631124949975252,1
2023-12-17 19:38:00,283.046875,5136662.666666667,4747117.866666666,5136662.666666667,13.645331217752151,24.986410383329105,1
2023-12-17 19:40:00,283.7578125,2331408.266666666,1990540.8,2331408.266666666,13.10231107112486,18.68740970002061,1
2023-12-17 19:42:00,283.94140625,4616050.4,4109869.333333334,4616050.4,16.875812262199663,22.048022149974713,1
2023-12-17 19:44:00,271.55078125,2530495.2,2220310.4,2530495.2,21.74317785108643,24.51333620667962,1
2023-12-17 19:46:00,269.89453125,6699241.6,6332287.2,6699241.6,14.981671571117154,22.982836873367585,1
2023-12-17 19:48:00,273.2578125,4422660.533333333,4095960.8,4422660.533333333,10.750614828882842,20.915151036654912,1
2023-12-17 19:50:00,273.7890625,2510897.6,2232550.666666666,2510897.6,18.303986886652037,24.8273521400309,1
2023-12-17 19:52:00,269.65625,4966213.066666666,4502097.866666666,4966213.066666666,14.808505946647427,26.374912850005778,1
2023-12-17 19:54:00,275.078125,3887056.8,3587266.4,3887056.8,11.472381335560286,31.76654469333395,1
2023-12-17 19:56:00,273.1328125,4082812.8,3728602.933333333,4082812.8,12.879753077771358,20.358481563356086,1
2023-12-17 19:58:00,275.56640625,6105140.0,5655793.066666666,6105140.0,13.937220648901226,24.430536286672574,1
2023-12-17 20:00:00,269.26171875,5317160.8,4685342.4,5317160.8,16.328249904456445,26.28457490999911,1
2023-12-17 20:02:00,270.91796875,6422047.271393807,5747584.891822515,6422047.271393807,20.549408531969913,33.207815874916754,1
2023-12-17 20:04:00,275.96875,2195306.4,2047571.2,2195306.4,9.47782835777616,16.822965780011145,1
2023-12-17 20:06:00,271.515625,4248924.0,3973898.1333333324,4248924.0,17.2847920844409,24.724062586659173,1
2023-12-17 20:08:00,275.97265625,4758805.6,4375962.4,4758805.6,7.195146215575128,26.88339827664701,1
2023-12-17 20:10:00,272.8203125,5099595.466666667,4629682.933333334,5099595.466666667,14.437928935545239,23.072019623311164,1
2023-12-17 20:12:00,285.71484375,5502881.6,4948263.2,5502881.6,9.530901939983274,22.408986763330173,1
2023-12-17 20:14:00,274.20703125,5702336.0,5240595.2,5702336.0,14.125327913336351,29.967886783318445,1
2023-12-17 20:16:00,289.015625,5166964.266666667,4810809.333333333,5166964.266666667,17.54405707111194,20.30023125334992,1
2023-12-17 20:18:00,275.203125,5086253.866666666,4823650.4,5086253.866666666,18.55789880885924,22.616805333333712,1
2023-12-17 20:20:00,293.4609375,5084472.0,4685288.0,5084472.0,18.875089871127983,15.740091466674736,1
2023-12-17 20:22:00,278.80859375,4151667.7333333325,3544325.066666667,4151667.7333333325,18.13628064222737,26.102342506686306,1
2023-12-17 20:24:00,280.97265625,5957417.333333332,5422189.6,5957417.333333332,16.54716826441775,23.562168276645625,1
2023-12-17 20:26:00,279.9765625,6769197.347815947,6270946.589811083,6769197.347815947,17.414806223973144,24.853946972967968,1
2023-12-17 20:28:00,274.8515625,4885560.8,4467138.933333334,4885560.8,14.787222846644001,26.50369362003403,1
2023-12-17 20:30:00,283.8984375,5451432.266666667,4984178.133333334,5451432.266666667,18.663302517767686,18.625102883330936,1
2023-12-17 20:32:00,278.83984375,5033776.0,4455081.6,5033776.0,15.285508566658892,26.996716503344945,1
2023-12-17 20:34:00,276.75390625,5113949.866666666,4671725.866666666,5113949.866666666,15.16342533555063,20.83679953997489,1
2023-12-17 20:36:00,284.31640625,2219086.4189301785,2148630.1616397267,2219086.4189301785,18.875507124371318,24.85978905849851,1
2023-12-17 20:38:00,289.328125,5176734.666666667,4886255.466666667,5176734.666666667,18.663882824443537,20.148356509986726,1
2023-12-17 20:40:00,275.515625,4949861.866666666,4656550.933333334,4949861.866666666,7.471874779989268,19.598191000016715,1
2023-12-17 20:42:00,277.36328125,4363285.066666666,3844382.666666666,4363285.066666666,12.889087955570885,22.565783590010447,1
2023-12-17 20:44:00,276.93359375,4934415.2,4728103.466666667,4934415.2,15.857402197757946,23.844308356686568,1
2023-12-17 20:46:00,274.734375,4312389.066666666,4087704.266666666,4312389.066666666,10.972244380003152,26.142752483331908,1
2023-12-17 20:48:00,274.140625,5201443.466666667,4795870.4,5201443.466666667,15.508071037766056,18.86280177665564,1
2023-12-17 20:50:00,271.37109375,2476569.333333333,2244673.333333333,2476569.333333333,13.418879408887324,25.745171719997114,1
2023-12-17 20:52:00,275.71484375,4469208.8,3948303.2,4469208.8,15.764004186655965,24.7091850466677,1
2023-12-17 20:54:00,286.83984375,3861144.9536388493,3657787.2056567282,3861144.9536388493,12.952095715214245,23.476223897691305,1
2023-12-17 20:56:00,274.8984375,3667678.666666666,3375473.6,3667678.666666666,15.431099355563575,24.595549553341694,1
2023-12-17 20:58:00,285.53125,4066314.4,3716927.2,4066314.4,8.820640059970579,25.87134178000269,1
2023-12-17 21:00:00,280.42578125,5898881.333333332,5408288.533333333,5898881.333333332,19.904628177787853,14.73615132669996,1
2023-12-17 21:02:00,273.48046875,5096949.333333333,4533921.6,5096949.333333333,15.040173955559213,24.1795570999966,1
2023-12-17 21:04:00,282.71875,4198780.533333333,3840283.2,4198780.533333333,13.233903664448814,19.922429286622602,1
2023-12-17 21:06:00,269.56640625,4499595.907075958,4100390.227643902,4499595.907075958,16.23976724106468,19.19034639873585,1
2023-12-17 21:08:00,272.625,3613804.946336911,3168809.812679155,3613804.946336911,15.251027684837736,21.782662762477454,1
2023-12-17 21:10:00,284.43359375,5044111.2,4752235.2,5044111.2,13.569182586700965,21.55481774000995,1
2023-12-17 21:12:00,271.15625,6178138.666666668,5467836.0,6178138.666666668,17.478245004442414,27.72267230330423,1
2023-12-17 21:14:00,274.9765625,4907012.8,4626440.0,4907012.8,16.785101424449948,23.352223843297306,1
2023-12-17 21:16:00,286.43359375,5558631.2,5056430.133333334,5558631.2,16.14480144001492,19.20963910660551,1
2023-12-17 21:18:00,270.16796875,6216025.6,5772770.933333334,6216025.6,16.660070239967254,23.36138258659048,1
2023-12-17 21:20:00,278.265625,5685810.4,5281380.266666667,5685810.4,18.3969710155442,22.66964277330165,1
2023-12-17 21:22:00,276.77734375,6384401.333333332,5698763.733333332,6384401.333333332,18.233037417780398,29.04874623335976,1
2023-12-17 21:24:00,295.31640625,4717616.266666667,4351089.866666666,4717616.266666667,11.261537337753301,16.27090632993107,1
2023-12-17 21:26:00,290.203125,4518172.0,4199783.2,4518172.0,17.125058757762112,23.62385939001493,1
2023-12-17 21:28:00,297.109375,4386843.733333333,4004949.333333334,4386843.733333333,15.996560799992745,19.620791436658088,1
2023-12-17 21:30:00,281.9375,4697340.266666667,4402048.266666667,4697340.266666667,13.854459440012254,28.732390383374877,1
2023-12-17 21:32:00,284.53125,3054207.733333333,2721552.266666666,3054207.733333333,14.119324697789528,20.57668585999636,1
2023-12-17 21:34:00,276.3828125,4796330.4,4352911.2,4796330.4,17.97452255999411,32.19715720663468,1
2023-12-17 21:36:00,285.1796875,3769516.533333333,3778913.866666666,3769516.533333333,15.787086442190533,24.69900617996852,1
2023-12-17 21:38:00,280.4609375,3677762.1333333324,3516672.266666666,3677762.1333333324,16.539207993321018,19.830658589974824,1
2023-12-17 21:40:00,273.2734375,4220995.466666667,3939463.2,4220995.466666667,13.761048102233973,29.46823157661129,1
2023-12-17 21:42:00,283.2890625,2342252.0,2144929.333333333,2342252.0,14.781328044482509,14.581907136695616,1
2023-12-17 21:44:00,276.89453125,4535697.066666666,4252957.333333333,4535697.066666666,14.489869317751277,24.50276463001501,1
2023-12-17 21:46:00,287.2578125,2679023.733333333,2646242.933333333,2679023.733333333,16.79324754888916,23.95898752671201,1
2023-12-17 21:48:00,287.69140625,3856518.666666666,3429550.4,3856518.666666666,8.997409339968323,14.159684586726751,1
2023-12-17 21:50:00,277.40234375,3543982.4,3321864.8,3543982.4,13.521379633328051,30.986907273278728,1
2023-12-17 21:52:00,272.2890625,4771512.0,4354267.2,4771512.0,13.686999917780565,25.210001259983983,1
2023-12-17 21:54:00,274.015625,4859709.820387217,4527395.381385583,4859709.820387217,19.598556553039515,26.515209360506464,1
2023-12-17 21:56:00,273.46484375,2888504.0,2550196.533333333,2888504.0,16.00362876443089,18.88629558001412,1
2023-12-17 21:58:00,276.33203125,4167889.866666666,3733401.866666666,4167889.866666666,13.633360606682901,21.951695413251095,1
2023-12-17 22:00:00,270.85546875,2791656.0,2525731.2,2791656.0,16.771770873391585,21.56692701673213,1
2023-12-17 22:02:00,278.5625,3910407.7333333325,3568589.333333333,3910407.7333333325,16.065695204435745,22.378663973358925,1
2023-12-17 22:04:00,280.62109375,4390010.666666667,4011972.266666666,4390010.666666667,18.643229320037392,24.441100653299756,1
2023-12-17 22:06:00,274.203125,4978670.398880336,4718395.1481222315,4978670.398880336,13.25669404954937,22.84860960379347,1
2023-12-17 22:08:00,274.27734375,7235960.533333332,6769909.066666666,7235960.533333332,17.128857928910293,22.26416221004911,1
2023-12-17 22:10:00,276.3515625,3992580.8,3836724.0,3992580.8,15.638026355558804,26.45397369662533,1
2023-12-17 22:12:00,270.890625,5915458.133333334,5192430.666666667,5915458.133333334,12.019245128871665,22.62231335994632,1
2023-12-17 22:14:00,270.01171875,6497351.2,5963854.133333334,6497351.2,15.62002646665658,23.7256501132894,1
2023-12-17 22:16:00,268.3203125,5938696.452387302,5626566.817818085,5938696.452387302,14.987968469377055,25.867480511467534,1
2023-12-17 22:18:00,269.48828125,4599385.866666666,4314796.0,4599385.866666666,12.558874186619908,34.182589843306545,1
2023-12-17 22:20:00,282.35546875,2485039.733333333,2380751.2,2485039.733333333,13.601203986650539,21.129820349936683,1
2023-12-17 22:22:00,278.96484375,4571324.266666667,4111463.466666667,4571324.266666667,10.581565928942938,21.6430496799876,1
2023-12-17 22:24:00,278.4609375,4430813.866666666,4074292.533333333,4430813.866666666,16.941106866644176,25.06704257665357,1
2023-12-17 22:26:00,280.61328125,5417652.533333333,4887550.933333334,5417652.533333333,14.572898193340128,22.74952448332139,1
2023-12-17 22:28:00,276.12109375,4313462.666666667,3951621.866666666,4313462.666666667,13.330636604417426,20.947312736631527,1
2023-12-17 22:30:00,282.05859375,5597899.733333333,5298783.2,5597899.733333333,16.203281922240016,21.84963706007693,1
2023-12-17 22:32:00,286.765625,5702200.713262008,5149259.740692598,5702200.713262008,16.8104065193042,23.852824907546662,1
2023-12-17 22:34:00,272.0859375,5601224.0,5084384.266666667,5601224.0,15.161320286699466,11.482264773318699,1
2023-12-17 22:36:00,281.82421875,4364173.066666666,4007674.4,4364173.066666666,15.699742513307786,13.581412620066356,1
2023-12-17 22:38:00,275.4375,4353200.0,4095229.333333334,4353200.0,18.162707299990068,33.01036587664081,1
2023-12-17 22:40:00,276.87890625,4903518.933333334,4698950.933333334,4903518.933333334,12.673292499966918,26.73839493664369,1
2023-12-17 22:42:00,290.08203125,4277430.133333334,3717805.866666666,4277430.133333334,12.967685022223225,28.784678566735238,1
2023-12-17 22:44:00,275.01171875,4823752.8,4394721.866666666,4823752.8,16.006236304464334,26.03115938002399,1
2023-12-17 22:46:00,274.08203125,4206099.466666667,3938806.666666666,4206099.466666667,16.583916486706585,27.536071593349327,1
2023-12-17 22:48:00,284.19921875,3088919.466666667,2905186.666666666,3088919.466666667,13.222883039981953,19.88876257664136,1
2023-12-17 22:50:00,285.34375,4130372.8,3974453.866666666,4130372.8,13.192874779989426,29.5815623899883,1
2023-12-17 22:52:00,282.95703125,3408450.666666666,3135140.533333333,3408450.666666666,11.485391082177456,13.8142063265938,1
2023-12-17 22:54:00,272.04296875,2553401.6,2488281.066666667,2553401.6,12.61442134667757,24.389314716681838,1
2023-12-17 22:56:00,273.59765625,4494254.933333334,4223524.8,4494254.933333334,13.232513253331287,33.18237277669444,1
2023-12-17 22:58:00,275.34375,4292078.133333334,4071869.066666667,4292078.133333334,10.676136282207963,21.438759113273896,1
2023-12-17 23:00:00,272.5625,6371982.933333334,5790523.2,6371982.933333334,16.843585271077853,21.917346893266462,1
2023-12-17 23:02:00,273.421875,6475053.066666666,5850314.133333334,6475053.066666666,20.85770492888211,24.622341313321762,1
2023-12-17 23:04:00,282.40234375,5242744.0,5007365.6,5242744.0,17.791775706638067,24.178044220025182,1
2023-12-17 23:06:00,274.52734375,4908213.6,4474826.933333334,4908213.6,16.35936829998779,13.586736066596739,1
2023-12-17 23:08:00,273.1328125,4842550.4,4605057.866666666,4842550.4,16.779765764497114,20.19590331658643,1
2023-12-17 23:10:00,273.8125,4092355.466666667,3621168.8,4092355.466666667,14.498223535548382,25.96181427671885,1
2023-12-17 23:12:00,274.18359375,4068503.7333333325,3446396.266666666,4068503.7333333325,14.905671502217753,31.18405986994427,1
2023-12-17 23:14:00,273.73828125,4547248.308727964,4224763.55517046,4547248.308727964,16.7081187211619,26.177831249341267,1
2023-12-17 23:16:00,273.171875,5167317.690974536,4940477.802959605,5167317.690974536,18.67072493223184,32.180134302101145,1
2023-12-17 23:18:00,291.828125,2525159.2,2278678.933333333,2525159.2,9.724157682244874,26.16834061336704,1
2023-12-17 23:20:00,268.95703125,5448917.6,4893792.266666667,5448917.6,14.235292280015225,23.14746290668457,1
2023-12-17 23:22:00,284.3671875,4505773.6,4077745.066666667,4505773.6,16.187221628885407,30.736371566599697,1
2023-12-17 23:24:00,290.2734375,3041285.333333333,2773222.933333333,3041285.333333333,13.868365919980636,21.506899943342432,1
2023-12-17 23:26:00,276.984375,4721826.933333334,4461740.0,4721826.933333334,13.461742284449024,23.134994873350177,1
2023-12-17 23:28:00,284.7734375,4324571.2,4005686.933333333,4324571.2,13.91505242668144,24.79337498332218,1
2023-12-17 23:30:00,275.44140625,4942459.2,4626777.066666666,4942459.2,18.246954413350775,20.961947426646173,1
2023-12-17 23:32:00,282.9765625,4062597.066666667,3650390.933333333,4062597.066666667,16.297604337774427,23.85930351001055,1
2023-12-17 23:34:00,272.8203125,4175059.466666667,3859246.666666666,4175059.466666667,13.169124324469724,18.286180569945518,1
2023-12-17 23:36:00,274.26953125,3844780.478047805,3586726.1392805944,3844780.478047805,16.358838072746963,25.927118718534302,1
2023-12-17 23:38:00,282.99609375,6867352.0,6510611.2,6867352.0,16.655587151116276,21.22342646335407,1
2023-12-17 23:40:00,285.546875,4202257.866666666,3850905.066666667,4202257.866666666,14.751447197761285,23.42350933002308,1
2023-12-17 23:42:00,273.76953125,4241486.133333334,3709432.533333333,4241486.133333334,12.661086311111124,21.716361166715316,1
2023-12-17 23:44:00,278.421875,3948192.533333333,3705836.266666666,3948192.533333333,18.681058211109807,22.378333240048963,1
2023-12-17 23:46:00,273.65234375,4521686.933333334,4218261.333333333,4521686.933333334,11.879874804484036,33.039099026646,1
2023-12-17 23:48:00,272.00390625,4158984.266666666,3733379.2,4158984.266666666,13.877890588870892,19.46725205993668,1
2023-12-17 23:50:00,287.4921875,3897751.1496167937,3589450.1832722425,3897751.1496167937,15.576142412564318,21.0860347717925,1
2023-12-17 23:52:00,274.8359375,5344261.066666666,4642116.0,5344261.066666666,8.241836242248409,26.87248150332986,1
2023-12-17 23:54:00,278.60546875,2087359.7333333332,2018506.666666667,2087359.7333333332,12.376436186669807,26.16316785667247,1
2023-12-17 23:56:00,273.01171875,4797491.466666667,4536320.0,4797491.466666667,9.535966777798926,18.278559243287123,1
2023-12-17 23:58:00,278.94921875,4442589.6,4103162.4,4442589.6,14.516519493384598,21.925785169975523,1
2023-12-18 00:00:00,274.1640625,3396591.466666667,3153236.8,3396591.466666667,12.624586391094557,20.701591206598092,1
2023-12-18 00:02:00,271.12890625,5768199.433427762,5087711.514747542,5768199.433427762,15.78202553571226,21.324039066854137,1
2023-12-18 00:04:00,275.54296875,5684527.2,5300906.4,5684527.2,15.311051242169926,20.699529356691826,1
2023-12-18 00:06:00,273.07421875,4466117.545087841,4149592.8259492614,4466117.545087841,21.03454603906958,21.087847778105253,1
2023-12-18 00:08:00,288.30078125,4338699.996667,4032235.176482352,4338699.996667,12.961924125332015,21.729954524531657,1
2023-12-18 00:10:00,271.9453125,4648569.333333333,4245120.266666667,4648569.333333333,13.267777164453745,21.095512700073108,1
2023-12-18 00:12:00,278.10546875,4878243.466666667,4360219.2,4878243.466666667,16.400757906699766,27.334692073345646,1
2023-12-18 00:14:00,272.76953125,3885949.4151754477,3419898.030590823,3885949.4151754477,16.650972046202778,19.18659110266972,1
2023-12-18 00:16:00,276.53125,4568994.933333334,4205601.6,4568994.933333334,10.770102288871486,24.82120089000091,1
2023-12-18 00:18:00,273.375,4683128.266666667,4338316.8,4683128.266666667,14.999727980013835,21.829756079920728,1
2023-12-18 00:20:00,273.11328125,5098686.133333334,4710952.0,5098686.133333334,16.834028977771393,28.885796463291626,1
2023-12-18 00:22:00,280.78515625,5149484.0,4669832.533333333,5149484.0,10.648574102217227,24.373268000005435,1
2023-12-18 00:24:00,300.94921875,3816717.333333334,3542130.933333333,3816717.333333334,17.57897974224761,26.055833436645717,1
2023-12-18 00:26:00,273.72265625,4295669.6,4074999.466666667,4295669.6,13.055719688871047,27.399517423376285,1
2023-12-18 00:28:00,288.37890625,5207640.8,4810648.533333333,5207640.8,15.987358922203484,24.558538936641227,1
2023-12-18 00:30:00,281.30859375,6068642.133333334,5645490.4,6068642.133333334,9.1943701933552,30.75969641329721,1
2023-12-18 00:32:00,272.5234375,5667987.2,5139358.933333334,5667987.2,12.088884675564866,14.441222063323949,1
2023-12-18 00:34:00,281.34375,3502589.035160806,3385783.436093985,3502589.035160806,17.177382551807906,28.657075450780486,1
2023-12-18 00:36:00,272.01953125,4650639.733333333,4275097.866666666,4650639.733333333,13.057512637783981,21.393453459992696,1
2023-12-18 00:38:00,276.85546875,3188639.466666667,3054549.6,3188639.466666667,9.126200953291523,23.923821143301517,1
2023-12-18 00:40:00,272.37890625,4687806.666666667,4229824.266666667,4687806.666666667,13.406780964449153,27.64842358670042,1
2023-12-18 00:42:00,275.89453125,4088343.317895578,3694946.0567087587,4088343.317895578,14.407196041759956,19.640239519563906,1
2023-12-18 00:44:00,286.50390625,5674708.8,5238724.0,5674708.8,22.501661895528542,24.437367643307272,1
2023-12-18 00:46:00,275.7734375,5260758.133333334,4759157.866666666,5260758.133333334,9.260242364446944,18.19379540664765,1
2023-12-18 00:48:00,269.78125,4776355.2,4484960.0,4776355.2,13.608350655542585,24.52100945006047,1
2023-12-18 00:50:00,274.26953125,2778495.2,2526433.8666666667,2778495.2,9.361444608851649,12.205472343290847,1
2023-12-18 00:52:00,273.5078125,4542968.0,4080216.533333333,4542968.0,12.648792506661264,23.305214996701878,1
2023-12-18 00:54:00,277.68359375,4310611.2,3990902.4,4310611.2,14.23398945778091,24.67743504996179,1
2023-12-18 00:56:00,274.17578125,4520961.066666666,4226798.4,4520961.066666666,16.198529671140324,23.692765129962936,1
2023-12-18 00:58:00,268.2734375,3947335.2,3792127.7333333325,3947335.2,15.810968173318546,21.441239616736613,1
2023-12-18 01:00:00,288.0546875,3394297.6,3282361.8666666667,3394297.6,14.571875531109981,21.41035387001466,1
2023-12-18 01:02:00,282.6171875,5658254.625462546,4959273.527352735,5658254.625462546,16.88347531416312,17.884387552070237,1
2023-12-18 01:04:00,269.7265625,4509981.333333333,4068003.466666667,4509981.333333333,15.47458398666802,24.938650626669787,1
2023-12-18 01:06:00,276.4296875,4430638.933333334,4063000.533333333,4430638.933333334,18.869352779972054,21.617480356653687,1
2023-12-18 01:08:00,279.69140625,2841197.066666667,2631387.733333333,2841197.066666667,17.86416983995069,31.99688716665453,1
2023-12-18 01:10:00,280.1640625,4850160.8,4484783.466666667,4850160.8,18.959135766619717,23.33675761328777,1
2023-12-18 01:12:00,268.85546875,4564697.6,3962292.0,4564697.6,17.596961008902227,24.264935740017492,1
2023-12-18 01:14:00,277.65625,4407473.066666666,3971686.666666666,4407473.066666666,17.602456466669942,18.93573541000175,1
2023-12-18 01:16:00,274.0625,3098577.066666667,2798106.933333333,3098577.066666667,13.247947613320624,22.7047521599646,1
2023-12-18 01:18:00,272.125,3886118.666666666,3503200.266666666,3886118.666666666,14.313348606681554,27.582922266738024,1
2023-12-18 01:20:00,281.46875,2899172.8,2703984.533333333,2899172.8,15.597246917831294,19.4822189565942,1
2023-12-18 01:22:00,277.72265625,5549082.133333334,5001188.8,5549082.133333334,13.684869102241164,18.370505206597347,1
2023-12-18 01:24:00,296.54296875,4641099.733333333,4329570.933333334,4641099.733333333,18.945895066717643,22.008444946744323,1
2023-12-18 01:26:00,282.5078125,4927701.333333333,4596157.333333333,4927701.333333333,13.638037531119256,23.94636502673772,1
2023-12-18 01:28:00,274.0078125,5563470.4,5003542.133333334,5563470.4,14.388234793312021,22.5395266833948,1
2023-12-18 01:30:00,277.07421875,5788605.066666666,5162439.2,5788605.066666666,14.889290046671196,30.65715340674312,1
2023-12-18 01:32:00,281.3671875,5182547.103140209,4730389.759317288,5182547.103140209,16.371537189182714,21.23567533164841,1
2023-12-18 01:34:00,275.73828125,4614793.705827444,4281420.189358581,4614793.705827444,17.301138809621982,20.87049661292784,1
2023-12-18 01:36:00,280.39453125,5073182.863810633,4801902.983830637,5073182.863810633,15.159816651724038,34.629679769940466,1
2023-12-18 01:38:00,291.65625,3376948.266666666,3134874.666666666,3376948.266666666,14.873827302233419,27.657643850058474,1
2023-12-18 01:40:00,287.0078125,5748146.983376088,5219116.900423094,5748146.983376088,14.820524202905974,18.53227982136264,1
2023-12-18 01:42:00,276.890625,4954918.666666667,4547443.466666667,4954918.666666667,14.792512517758748,26.36018377001165,1
2023-12-18 01:44:00,273.70703125,2618484.8,2484726.666666666,2618484.8,18.586265213347765,22.55464722994172,1
2023-12-18 01:46:00,290.2421875,4348912.266666667,3975769.066666667,4348912.266666667,13.596128644421697,21.305858299989875,1
2023-12-18 01:48:00,276.3203125,4963512.0,4751314.133333334,4963512.0,15.029221633319848,20.29593389335787,1
2023-12-18 01:50:00,279.53125,3882764.8,3808914.4,3882764.8,13.87571042442384,25.179247103418067,1
2023-12-18 01:52:00,286.0078125,4036660.0,3560235.2,4036660.0,22.39330872220712,17.220017196668778,1
2023-12-18 01:54:00,273.0390625,3882518.666666666,3541182.933333333,3882518.666666666,13.20550103335538,34.371151770077034,1
2023-12-18 01:56:00,287.88671875,4667616.533333333,4339071.733333333,4667616.533333333,13.416502428913695,20.91554077671996,1
2023-12-18 01:58:00,274.06640625,6649632.266666668,6291627.2,6649632.266666668,14.416913817727215,22.006461933294002,1
2023-12-18 02:00:00,286.7265625,3883086.1333333324,3537894.4,3883086.1333333324,14.411488231142155,21.3517196966374,1
2023-12-18 02:02:00,283.25390625,6092636.266666668,5496682.133333334,6092636.266666668,14.527084175561967,14.15058689337457,1
2023-12-18 02:04:00,278.390625,4022264.2314358084,3585040.394614051,4022264.2314358084,13.602943065350823,23.361586321867534,1
2023-12-18 02:06:00,273.90234375,2882117.6,2640320.8,2882117.6,8.584241999972923,26.892028126652196,1
2023-12-18 02:08:00,281.0390625,5562331.311245916,5005960.935937604,5562331.311245916,9.81001581231566,19.94702165859944,1
2023-12-18 02:10:00,269.9375,4337137.866666666,3935131.7333333325,4337137.866666666,7.395380388867731,21.728101036666583,1
2023-12-18 02:12:00,289.40625,6168760.533333332,5505270.133333334,6168760.533333332,16.599459900042145,20.861553950041227,1
2023-12-18 02:14:00,280.91015625,4598220.266666667,4226182.4,4598220.266666667,13.798098826664498,29.172079893275317,1
2023-12-18 02:16:00,286.54296875,4656932.266666667,4235202.933333334,4656932.266666667,17.45509610666583,19.529562079987954,1
2023-12-18 02:18:00,283.81640625,4860535.466666667,4364511.466666667,4860535.466666667,18.114872855561163,18.953719676646873,1
2023-12-18 02:20:00,280.8046875,4653240.533333333,4252513.333333333,4653240.533333333,21.82175841331223,21.41317205998348,1
2023-12-18 02:22:00,293.70703125,5847161.333333332,5015813.866666666,5847161.333333332,11.962829673365276,29.48561764002079,1
2023-12-18 02:24:00,285.33984375,5486978.933333334,5187352.266666667,5486978.933333334,12.015352082218874,17.68571732992617,1
2023-12-18 02:26:00,279.71484375,4947478.933333334,4629462.133333334,4947478.933333334,6.694315646697456,23.90068585664267,1
2023-12-18 02:28:00,281.67578125,5409078.666666667,4785072.266666667,5409078.666666667,14.080679168885885,32.75427855328113,1
2023-12-18 02:30:00,285.578125,2816388.266666666,2551940.0,2816388.266666666,15.076558575577412,24.324516803317238,1
2023-12-18 02:32:00,278.21875,5840215.733333332,5064067.733333333,5840215.733333332,19.064963731151593,21.568891130057946,1
2023-12-18 02:34:00,283.625,4414925.866666666,4071521.6,4414925.866666666,14.961870273368225,14.510981043373857,1
2023-12-18 02:36:00,285.328125,5015903.466666667,4658638.933333334,5015903.466666667,15.602614875533616,19.977815663247988,1
2023-12-18 02:38:00,278.18359375,4930889.333333333,4697871.466666667,4930889.333333333,15.971990793348393,37.44766088668257,1
2023-12-18 02:40:00,278.24609375,4339370.4,3986752.0,4339370.4,13.204793797728295,23.99181866669096,1
2023-12-18 02:42:00,269.171875,4441674.133333334,3864723.7333333325,4441674.133333334,15.623518897789635,24.872911593314104,1
2023-12-18 02:44:00,282.41015625,5376897.333333333,5161079.733333333,5376897.333333333,8.638766624434437,27.00358858332039,1
2023-12-18 02:46:00,276.94140625,5730442.4,5269116.8,5730442.4,15.841332339979193,22.190662823365226,1
2023-12-18 02:48:00,277.19140625,2432816.533333333,2484494.4,2432816.533333333,16.130362280010658,22.13868657000906,1
2023-12-18 02:50:00,283.93359375,4231080.0,4043915.466666667,4231080.0,16.93083807774302,26.488025983368672,1
2023-12-18 02:52:00,275.81640625,5315249.866666666,4658640.8,5315249.866666666,8.04898980888538,22.220470416650638,1
2023-12-18 02:54:00,279.3984375,4124646.4,3829284.0,4124646.4,13.532382704433985,18.72177644332017,1
2023-12-18 02:56:00,284.7421875,4041109.874362649,3626241.8768953914,4041109.874362649,16.532566518916358,15.089468290798356,1
2023-12-18 02:58:00,271.6875,4345987.2,4002696.533333333,4345987.2,14.470520628900786,33.983948010039356,1
2023-12-18 03:00:00,274.2578125,4701285.866666666,4390188.266666667,4701285.866666666,8.8900723466779,27.187539389997248,1
2023-12-18 03:02:00,273.78515625,4217863.2,3720631.466666667,4217863.2,14.097606684469307,21.619124913413547,1
2023-12-18 03:04:00,275.12109375,4867070.4,4662001.066666666,4867070.4,15.621597737772387,23.9375577600246,1
2023-12-18 03:06:00,286.390625,5176815.2,4879660.0,5176815.2,11.722576942217225,22.82134524333136,1
2023-12-18 03:08:00,272.23828125,4960185.066666666,4390316.266666667,4960185.066666666,9.121661340015836,31.33490302328331,1
2023-12-18 03:10:00,275.1171875,2929647.2,2761300.533333333,2929647.2,16.12016224444637,26.82530571328243,1
2023-12-18 03:12:00,282.375,4713887.733333333,4170901.066666667,4713887.733333333,15.069363973388036,19.962068606594887,1
2023-12-18 03:14:00,286.8828125,2865336.266666666,2623887.733333333,2865336.266666666,16.992202226667562,14.257976660058675,1
2023-12-18 03:16:00,285.9609375,4505247.733333333,4109438.4,4505247.733333333,15.70377806001084,17.183106293377932,1
2023-12-18 03:18:00,276.546875,5975181.066666666,5450968.0,5975181.066666666,17.133170537805807,24.002767156731963,1
2023-12-18 03:20:00,278.73046875,3722650.4932018127,3652176.486270328,3722650.4932018127,14.797944574741242,25.48819702414546,1
2023-12-18 03:22:00,294.796875,4716882.133333334,4209473.866666666,4716882.133333334,16.475290126723444,20.899807540020753,1
2023-12-18 03:24:00,272.55078125,3665396.6730006323,3155552.6219288586,3665396.6730006323,18.912848827130784,26.68020017337664,1
2023-12-18 03:26:00,274.84375,5032372.533333333,4738076.533333333,5032372.533333333,16.403614973338946,20.90612454999549,1
2023-12-18 03:28:00,277.41015625,4231041.333333333,3822863.466666667,4231041.333333333,13.355894206647971,23.794995803327765,1
2023-12-18 03:30:00,291.8984375,2975153.333333333,2728523.733333333,2975153.333333333,16.6707296511029,22.051853473337054,1
2023-12-18 03:32:00,272.58984375,5474074.133333334,5112588.266666667,5474074.133333334,8.280018877833047,21.42562153332013,1
2023-12-18 03:34:00,285.0390625,4666649.333333333,4315534.4,4666649.333333333,16.44694183112329,23.48933112002366,1
2023-12-18 03:36:00,284.7578125,5524112.266666667,4970791.466666667,5524112.266666667,23.22019926660384,33.59930428666606,1
2023-12-18 03:38:00,287.7734375,4661782.666666667,4301390.666666667,4661782.666666667,17.56879460441673,23.77975021333744,1
2023-12-18 03:40:00,274.47265625,4381217.6,4022251.2,4381217.6,11.741277146696422,23.014439659988664,1
2023-12-18 03:42:00,272.9921875,5567738.666666667,4911974.133333334,5567738.666666667,21.763588388890234,28.542927753393695,1
2023-12-18 03:44:00,275.77734375,2488202.6328945174,2319349.7083819364,2488202.6328945174,16.174202859505684,22.2406223662467,1
2023-12-18 03:46:00,280.4609375,4497340.8,4110041.333333334,4497340.8,6.90529953112774,20.910451053350695,1
2023-12-18 03:48:00,279.3125,4980922.4,4694460.266666667,4980922.4,16.04307364892318,22.57040255334384,1
2023-12-18 03:50:00,273.5625,4378229.6,4071024.533333333,4378229.6,15.783613506678698,20.75795275663647,1
2023-12-18 03:52:00,278.1640625,5301482.4,4895431.2,5301482.4,9.918861286649998,21.265616166735228,1
2023-12-18 03:54:00,273.74609375,5367180.533333333,4851429.866666666,5367180.533333333,13.477065855533711,27.01169093333495,1
2023-12-18 03:56:00,272.0859375,3332800.0,3219129.6,3332800.0,14.658939953337214,27.24403590332561,1
2023-12-18 03:58:00,276.27734375,4624792.533333333,4340281.066666666,4624792.533333333,15.236462571063186,23.897716646703586,1
2023-12-18 04:00:00,289.59375,5279536.0,5034135.466666667,5279536.0,15.152180286628814,20.07753623329336,1
2023-12-18 04:02:00,279.375,4484454.133333334,3967463.466666667,4484454.133333334,11.023484575562179,24.69812029662232,1
2023-12-18 04:04:00,272.82421875,5025268.533333333,4668484.8,5025268.533333333,21.835770484435166,21.15663279992684,1
2023-12-18 04:06:00,277.7734375,3474184.0,3332170.666666666,3474184.0,17.845157700034584,19.56214795674896,1
2023-12-18 04:08:00,284.0703125,4061821.6,3590384.8,4061821.6,14.74550064666093,13.38490889330084,1
2023-12-18 04:10:00,275.421875,3719226.666666666,3289528.0,3719226.666666666,17.124559315529446,23.922665366650715,1
2023-12-18 04:12:00,274.44140625,4614758.133333334,4297178.133333334,4614758.133333334,15.277377364432645,24.54002029000549,1
2023-12-18 04:14:00,287.02734375,5958257.333333332,5418305.333333333,5958257.333333332,20.85432558889604,15.796888699987905,1
2023-12-18 04:16:00,275.39453125,4710137.209147276,4365196.613107542,4710137.209147276,15.780237827003365,25.65912696511421,1
2023-12-18 04:18:00,275.85546875,4526533.333333333,4113841.066666667,4526533.333333333,15.282763533307135,22.110501790011764,1
2023-12-18 04:20:00,287.84375,4409342.933333334,4137262.4,4409342.933333334,18.56977893110727,30.37749099671297,1
2023-12-18 04:22:00,276.46484375,4851543.794160779,4254682.042394348,4851543.794160779,7.35430749677225,25.54331287820223,1
2023-12-18 04:24:00,279.671875,5956838.666666668,5438039.466666667,5956838.666666668,15.438721251104855,23.31401137334372,1
2023-12-18 04:26:00,272.1328125,5458226.666666667,4876823.466666667,5458226.666666667,6.595249293346167,23.682020423390593,1
2023-12-18 04:28:00,269.76171875,5494242.133333334,5021021.066666666,5494242.133333334,13.570606002208981,19.864955546606023,1
2023-12-18 04:30:00,284.12109375,2392922.933333333,2382080.8,2392922.933333333,17.375305615520727,24.218342123300925,1
2023-12-18 04:32:00,272.25,4397669.866666666,3910073.6,4397669.866666666,14.994558991101155,23.365397313415688,1
2023-12-18 04:34:00,286.2734375,4530617.333333333,4184408.533333333,4530617.333333333,12.673570600001966,23.368192076741252,1
2023-12-18 04:36:00,276.203125,4682692.533333333,4375626.4,4682692.533333333,11.59939694224805,27.1655769632586,1
2023-12-18 04:38:00,274.62890625,4378687.466666667,4014106.933333333,4378687.466666667,9.41851153335948,20.6090382199424,1
2023-12-18 04:40:00,271.84765625,4521203.733333333,4250150.933333334,4521203.733333333,16.970570282234494,14.64824822333564,1
2023-12-18 04:42:00,277.09375,4425179.466666667,4104178.4,4425179.466666667,15.826904962240304,20.086152963340282,1
2023-12-18 04:44:00,277.1875,4540964.8,4248086.4,4540964.8,17.790607077768072,22.641561559964128,1
2023-12-18 04:46:00,274.23046875,4399292.8,4086596.533333333,4399292.8,9.03198391561293,23.397220963282358,1
2023-12-18 04:48:00,273.44140625,4762380.533333333,4524040.8,4762380.533333333,17.484552571161963,22.11964517666881,1
2023-12-18 04:50:00,275.0,5550945.066666666,5053073.333333333,5550945.066666666,11.08023745111293,27.68154475663323,1
2023-12-18 04:52:00,274.9375,5975326.133333334,5315000.533333333,5975326.133333334,17.549875317814035,23.44293131667655,1
2023-12-18 04:54:00,287.15234375,2780931.733333333,2583108.266666666,2780931.733333333,14.909718720009547,13.242667739978057,1
2023-12-18 04:56:00,285.58984375,4456231.748783252,4116741.6494432962,4456231.748783252,15.166189359278052,26.38477628169724,1
2023-12-18 04:58:00,270.43359375,4510330.933333334,4211942.666666667,4510330.933333334,11.662475228917575,24.873162800019298,1
2023-12-18 05:00:00,279.921875,4398930.666666667,4086507.2,4398930.666666667,13.523325048865647,25.498161326686386,1
2023-12-18 05:02:00,273.7890625,2623511.2,2470406.1333333333,2623511.2,15.468687515563536,21.28708716996092,1
2023-12-18 05:04:00,273.30859375,5867875.733333332,5365134.933333334,5867875.733333332,14.604691273351715,19.102326913368113,1
2023-12-18 05:06:00,274.1171875,4142278.1333333324,3718377.333333334,4142278.1333333324,15.719487262217124,14.414794526625581,1
2023-12-18 05:08:00,274.859375,4691833.066666666,4340361.866666666,4691833.066666666,15.382461973349562,10.753675833402667,1
2023-12-18 05:10:00,275.2109375,4600018.398773415,4310583.294447036,4600018.398773415,14.212395924701855,21.725841060562786,1
2023-12-18 05:12:00,281.10546875,3862327.7333333325,3447408.266666666,3862327.7333333325,14.2848266421869,12.645344176659515,1
2023-12-18 05:14:00,275.94140625,4352579.733333333,3957847.466666667,4352579.733333333,14.636359151142337,29.787285906592537,1
2023-12-18 05:16:00,274.1640625,4285024.266666667,4186904.266666666,4285024.266666667,16.716981495588293,28.888770929964572,1
2023-12-18 05:18:00,276.0546875,5991960.549113687,5603189.6574703455,5991960.549113687,18.345658034548908,32.57383573908626,1
2023-12-18 05:20:00,284.9375,2801642.1333333333,2572873.6,2801642.1333333333,16.50859901998451,25.079904843393408,1
2023-12-18 05:22:00,291.8515625,4696070.888437324,4182449.248809088,4696070.888437324,9.689008248083338,21.494800323181785,1
2023-12-18 05:24:00,273.26171875,4073750.1333333324,3588577.066666667,4073750.1333333324,15.349034264412088,34.98986585337358,1
2023-12-18 05:26:00,277.31640625,5219054.666666667,4608486.133333334,5219054.666666667,18.689937437819832,30.70557299002151,1
2023-12-18 05:28:00,301.84765625,2576028.266666666,2303393.6,2576028.266666666,13.99991629114892,19.96026994330653,1
2023-12-18 05:30:00,292.484375,4151990.933333333,3978054.666666666,4151990.933333333,15.855712713350336,20.661847620018914,1
2023-12-18 05:32:00,284.17578125,3913642.933333333,3773558.933333333,3913642.933333333,15.219435168870001,35.96840569671864,1
2023-12-18 05:34:00,285.91015625,2238634.4,2247631.2,2238634.4,11.413313440021335,22.92588608999116,1
2023-12-18 05:36:00,282.12890625,4809107.577424409,4569828.4495116165,4809107.577424409,15.006508186425883,21.90543530021606,1
2023-12-18 05:38:00,284.09765625,4020129.6,3682059.7333333325,4020129.6,18.25148375782495,20.117035180058643,1
2023-12-18 05:40:00,280.41015625,4333984.8,4051077.6,4333984.8,15.824550037763805,29.661095493356694,1
2023-12-18 05:42:00,285.19921875,4759215.733333333,4324228.8,4759215.733333333,16.715919695561748,21.857023046662412,1
2023-12-18 05:44:00,292.078125,2868549.6,2727166.4,2868549.6,17.83391166446058,13.536964546656234,1
2023-12-18 05:46:00,271.6796875,4339366.4,4065976.266666666,4339366.4,15.542896677765787,27.49730306667819,1
2023-12-18 05:48:00,285.44921875,5417311.873104735,4879656.902929122,5417311.873104735,15.952030321969865,19.75046507382334,1
2023-12-18 05:50:00,277.0546875,5607562.933333334,5166392.8,5607562.933333334,14.104312202220573,25.867748990034066,1
2023-12-18 05:52:00,289.3359375,3835082.933333333,3516436.8,3835082.933333333,11.893193624435096,12.602021056712449,1
2023-12-18 05:54:00,273.27734375,5626274.666666667,5050314.666666667,5626274.666666667,16.807969864457846,29.436406573319488,1
2023-12-18 05:56:00,270.91015625,3896764.8,3465376.8,3896764.8,15.90769560225049,24.732368420033406,1
2023-12-18 05:58:00,271.1171875,4324045.066666666,4070852.0,4324045.066666666,17.029356097789584,21.301868743321396,1
2023-12-18 06:00:00,271.9609375,5471485.186789749,4929746.259206185,5471485.186789749,24.101809562194976,9.69035642019877,1
2023-12-18 06:02:00,272.53125,4422165.666266507,3879562.2248899564,4422165.666266507,15.415939122340728,20.75866897097297,1
2023-12-18 06:04:00,274.32421875,1858768.8,1743459.7333333334,1858768.8,17.223567542193152,21.824024350013737,1
2023-12-18 06:06:00,271.95703125,3929418.4,3584186.666666666,3929418.4,12.921515704430124,33.36456328999096,1
2023-12-18 06:08:00,286.59765625,4423106.933333334,4089183.2,4423106.933333334,14.671675240000091,23.290569733362645,1
2023-12-18 06:10:00,291.21875,5522808.0,4954598.933333334,5522808.0,22.158677633334364,20.091556949967828,1
2023-12-18 06:12:00,271.4453125,5259120.8,4478759.466666667,5259120.8,15.746043853319454,29.98139651666861,1
2023-12-18 06:14:00,282.6796875,4614657.866666666,4238246.666666667,4614657.866666666,14.576948359996702,26.18399908998981,1
2023-12-18 06:16:00,272.734375,4918215.2,4621921.333333333,4918215.2,14.39025261775694,22.80927906666572,1
2023-12-18 06:18:00,276.82421875,3979443.7333333325,3559048.266666666,3979443.7333333325,15.223351291109186,23.724319273314904,1
2023-12-18 06:20:00,273.3125,2955524.8,2668177.066666667,2955524.8,18.035112160012233,29.676295096675553,1
2023-12-18 06:22:00,284.1796875,4558588.156841825,4094033.075486797,4558588.156841825,7.025993327073341,25.839086142966533,1
2023-12-18 06:24:00,273.43359375,4399795.733333333,3971852.8,4399795.733333333,14.936470406699096,29.36052877329833,1
2023-12-18 06:26:00,290.26953125,5105679.466666667,4909920.533333333,5105679.466666667,17.216060657778545,22.52990355666649,1
2023-12-18 06:28:00,287.26171875,4524456.8,4114267.2,4524456.8,18.157405848873573,24.577612340023432,1
2023-12-18 06:30:00,276.26953125,2753481.8666666667,2470425.8666666667,2753481.8666666667,14.231845411122775,26.993044693372216,1
2023-12-18 06:32:00,271.015625,2859601.333333333,2440393.8666666667,2859601.333333333,18.05544673109479,23.58271594673473,1
2023-12-18 06:34:00,293.98046875,4781061.153717906,4435121.307102368,4781061.153717906,19.16942455927934,24.652799086341073,1
2023-12-18 06:36:00,285.9296875,4759121.066666666,4351544.533333333,4759121.066666666,16.49522104669207,22.641867363320976,1
2023-12-18 06:38:00,280.18359375,4337105.333333333,3996026.666666666,4337105.333333333,13.640139899992695,18.74696072996206,1
2023-12-18 06:40:00,285.83203125,4343308.533333333,4048587.7333333325,4343308.533333333,15.157084093338606,13.368849013349971,1
2023-12-18 06:42:00,283.25,5275034.933333334,4564784.0,5275034.933333334,12.742335526660705,25.7152739999583,1
2023-12-18 06:44:00,280.95703125,5211326.666666667,5030943.2,5211326.666666667,13.696949884437752,19.822096133333012,1
2023-12-18 06:46:00,285.60546875,4787571.733333333,4235693.333333333,4787571.733333333,14.227778026640106,23.91279830335407,1
2023-12-18 06:48:00,284.37890625,4593392.8,4338475.733333333,4593392.8,12.217609339988687,18.666077649977524,1
2023-12-18 06:50:00,275.25,2775588.533333333,2446314.4,2775588.533333333,16.283642855576346,27.399567389996573,1
2023-12-18 06:52:00,278.26171875,2558281.6,2283880.266666666,2558281.6,15.315443995576867,20.383538009967502,1
2023-12-18 06:54:00,276.80078125,5151024.266666667,4609192.533333333,5151024.266666667,21.26990330670701,19.178963713347915,1
2023-12-18 06:56:00,270.67578125,4842136.533333333,4636269.333333333,4842136.533333333,17.826052782216316,26.17303170001833,1
2023-12-18 06:58:00,274.35546875,4126104.266666666,3816788.266666666,4126104.266666666,23.03359310446669,33.42513389002609,1
2023-12-18 07:00:00,274.9921875,5701378.133333334,5181152.533333333,5701378.133333334,20.642176144433,20.648967726738192,1
2023-12-18 07:02:00,270.265625,5649079.05612585,4935443.540861218,5649079.05612585,14.51590916546308,24.244897680314196,1
2023-12-18 07:04:00,286.4921875,4421975.2,4110559.2,4421975.2,13.761819219992807,25.810318406632486,1
2023-12-18 07:06:00,286.23046875,5495149.866666666,5036973.6,5495149.866666666,22.436406740000372,15.172946253345193,1
2023-12-18 07:08:00,292.12890625,4385128.533333333,4008633.866666666,4385128.533333333,10.424584688864543,12.700585466615546,1
2023-12-18 07:10:00,280.7578125,4620836.266666667,4242782.933333334,4620836.266666667,8.0939024377666,24.68062764664258,1
2023-12-18 07:12:00,285.03125,4675853.866666666,4192568.0,4675853.866666666,22.928482551101798,24.256769213340398,1
2023-12-18 07:14:00,284.78515625,4972914.4,4587177.866666666,4972914.4,16.038521868888186,24.840657046685614,1
2023-12-18 07:16:00,295.33984375,4500904.533333333,4089513.333333334,4500904.533333333,13.258349204487686,21.194548646647792,1
2023-12-18 07:18:00,285.07421875,6164244.266666668,5685870.666666668,6164244.266666668,17.172830511117358,23.352888860002476,1
2023-12-18 07:20:00,282.62109375,4415558.4,4055249.6,4415558.4,14.225466957755591,24.002041403340026,1
2023-12-18 07:22:00,291.13671875,4184880.149313425,3934770.2972936938,4184880.149313425,23.498072772509516,22.414679522726978,1
2023-12-18 07:24:00,276.71875,4419188.909993668,4064632.077043554,4419188.909993668,15.525852526437758,25.49029350858676,1
2023-12-18 07:26:00,310.47265625,4585047.4889192525,4262436.098243743,4585047.4889192525,16.851127141428393,24.46370666514492,1
2023-12-18 07:28:00,281.04296875,4373394.49908318,4016691.581930322,4373394.49908318,15.743292888823929,32.141599746624806,1
2023-12-18 07:30:00,281.140625,4707536.8,4357679.733333333,4707536.8,16.438872895539838,20.674106716663424,1
2023-12-18 07:32:00,279.18359375,4723090.684885853,4184578.5702382936,4723090.684885853,17.2261946541901,23.703577407101733,1
2023-12-18 07:34:00,280.30859375,2816727.7814790136,2570326.449033977,2816727.7814790136,13.333739224965484,22.94109737503108,1
2023-12-18 07:36:00,288.16015625,2304260.8,4100102.4,2304260.8,10.486860851136349,15.954077363324664,1
2023-12-18 07:38:00,288.6171875,331793.86666666664,3506713.066666667,331793.86666666664,7.463735377791131,9.75459294335451,1
2023-12-18 07:40:00,290.5390625,202280.0,2709918.4,202280.0,4.0932340466598465,7.324453313291694,1
2023-12-18 07:42:00,282.859375,388750.13333333336,3139603.733333333,388750.13333333336,5.4167013600494505,8.852553740046764,1
2023-12-18 07:44:00,284.359375,84865.06666666668,1916861.866666667,84865.06666666668,5.2301204666986845,7.157048393273728,1
2023-12-18 07:46:00,293.76171875,182862.4,2441208.0,182862.4,5.6657389844379695,7.463447336728374,1
2023-12-18 07:48:00,293.703125,60317.33333333334,1815011.7333333332,60317.33333333334,4.903163315547216,6.394129913339079,1
2023-12-18 07:50:00,280.52734375,57598.93333333333,2033293.866666667,57598.93333333333,4.729744175565429,7.528457979982097,1
2023-12-18 07:52:00,290.47265625,131512.26666666663,2367588.533333333,131512.26666666663,4.021283988840878,4.3498164365882985,1
2023-12-18 07:54:00,281.8515625,98234.66666666669,2790539.2,98234.66666666669,5.943566344471441,6.720419339932658,1
2023-12-18 07:56:00,279.20703125,81179.9520127966,2775564.11623567,81179.9520127966,8.186946585313644,5.516289019549934,1
2023-12-18 07:58:00,277.703125,42368.8,1316640.8,42368.8,5.088998795577532,7.442036546708549,1
2023-12-18 08:00:00,278.54296875,145505.06666666668,2775551.733333333,145505.06666666668,2.733440762256376,8.22332934330916,1
2023-12-18 08:02:00,283.62109375,281342.3570595099,2644421.003500583,281342.3570595099,5.860657949720836,7.879670221723522,1
2023-12-18 08:04:00,286.15625,41850.68657512332,1316160.5119317423,41850.68657512332,5.009933157801174,6.32628096593997,1
2023-12-18 08:06:00,278.578125,123612.3612361236,2474298.096476314,123612.3612361236,4.8492658910385655,7.138836366987347,1
2023-12-18 08:08:00,286.63671875,165307.2,2442395.2,165307.2,4.968168946668608,11.719404013322976,1
2023-12-18 08:10:00,287.4140625,179646.66666666663,2934098.4,179646.66666666663,6.528658384470169,9.175919696669249,1
2023-12-18 08:12:00,277.19140625,264974.66666666674,2284549.8666666667,264974.66666666674,7.701757382213449,9.150278063316364,1
2023-12-18 08:14:00,294.11328125,61069.06666666666,2199931.2,61069.06666666666,5.20491200667392,8.586869669961741,1
2023-12-18 08:16:00,281.2578125,227763.46666666673,1695221.6,227763.46666666673,6.589191586632903,9.428155929975524,1
2023-12-18 08:18:00,281.359375,303566.9333333333,3770734.666666666,303566.9333333333,7.186628502224469,10.666962106673354,1
2023-12-18 08:20:00,275.94140625,2912242.933333333,3704617.6,2912242.933333333,10.728648493338069,18.53101681335829,1
2023-12-18 08:22:00,278.73828125,3382799.733333333,3797444.8,3382799.733333333,13.027347633356435,17.483078720009264,1
2023-12-18 08:24:00,277.46484375,2391724.0,2307018.933333333,2391724.0,13.36229336001755,21.363844383352745,1
2023-12-18 08:26:00,280.50390625,5698068.0,5498448.266666667,5698068.0,15.239930962173581,26.66401519672945,1
2023-12-18 08:28:00,274.3125,3973211.3493148405,4097581.4356683227,3973211.3493148405,19.895831098344843,20.509887793790032,1
2023-12-18 08:30:00,279.046875,5587012.706353176,5731163.181590796,5587012.706353176,14.318709594790963,19.657632866421643,1
2023-12-18 08:32:00,284.109375,3007800.533333333,2813547.2,3007800.533333333,18.7779381822717,21.371048023283947,1
2023-12-18 08:34:00,298.7421875,3299275.466666667,3414200.533333333,3299275.466666667,13.463598917781685,25.049947853258352,1
2023-12-18 08:36:00,295.98046875,5645126.133333334,5269821.866666666,5645126.133333334,18.185832675533472,20.06516547330345,1
2023-12-18 08:38:00,297.5,4694958.029136246,4428518.851885188,4694958.029136246,16.91276947250052,22.127072647253733,1
2023-12-18 08:40:00,284.3359375,4501274.672532747,4178004.8661800483,4501274.672532747,16.53531079782806,17.902047781842114,1
2023-12-18 08:42:00,278.9453125,2271252.899613385,2249318.757499,2271252.899613385,15.441585719642402,26.77143100914851,1
2023-12-18 08:44:00,289.76953125,2821709.333333333,2488705.6,2821709.333333333,13.088163024448376,29.25899078991885,1
2023-12-18 08:46:00,286.23828125,4150518.814785188,3711539.779355398,4150518.814785188,16.12361786931552,19.130419818044704,1
2023-12-18 08:48:00,277.3125,3917906.666666666,3558718.4,3917906.666666666,11.089497666624892,22.8904439266383,1
2023-12-18 08:50:00,275.83984375,6688520.8,6436417.6,6688520.8,20.403500431113773,22.106429373282786,1
2023-12-18 08:52:00,286.1875,3010025.333333333,2877397.333333333,3010025.333333333,11.408082004442502,21.99810651664545,1
2023-12-18 08:54:00,275.703125,4392353.866666666,4099509.866666666,4392353.866666666,11.299323842201073,23.85375809341591,1
2023-12-18 08:56:00,274.05078125,2801097.066666667,2538293.8666666667,2801097.066666667,14.571623771140974,12.18299602662834,1
2023-12-18 08:58:00,275.59765625,4308572.533333333,3987425.333333334,4308572.533333333,14.27069950887623,26.16386594667953,1
2023-12-18 09:00:00,276.27734375,3849525.333333334,3579954.4,3849525.333333334,14.3069880688563,14.05343880673172,1
2023-12-18 09:02:00,279.2734375,4601576.371758117,4173930.7953863586,4601576.371758117,15.957647167602131,22.460685475722638,1
2023-12-18 09:04:00,290.4140625,4516492.533333333,4227134.4,4516492.533333333,16.169779522202187,14.356915753354164,1
2023-12-18 09:06:00,275.46875,2430232.533333333,2282546.1333333333,2430232.533333333,15.309127155536165,9.63996714000435,1
2023-12-18 09:08:00,273.73828125,3778887.466666667,4130698.4,3778887.466666667,12.859127657785493,13.927215353275336,1
2023-12-18 09:10:00,276.53515625,3631405.066666667,3499644.8,3631405.066666667,14.636221382275428,33.47129666993472,1
2023-12-18 09:12:00,271.97265625,5095059.466666667,4638424.8,5095059.466666667,14.445093551120305,25.292727833342123,1
2023-12-18 09:14:00,284.0625,4168418.4,3857337.866666666,4168418.4,15.970169682275607,15.710108060059913,1
2023-12-18 09:16:00,279.83203125,4903425.6,4378876.0,4903425.6,18.133250417756948,28.93834999995306,1
2023-12-18 09:18:00,287.92578125,5846545.89098183,5492455.675945992,5846545.89098183,11.881302806056695,14.120970901789105,1
2023-12-18 09:20:00,276.70703125,4684717.866666666,4353414.4,4684717.866666666,14.38434794448161,20.892231159959923,1
2023-12-18 09:22:00,277.4453125,5056071.2,4622076.533333333,5056071.2,10.577257548833993,29.98245017331404,1
2023-12-18 09:24:00,289.12109375,4375645.333333333,4066849.866666666,4375645.333333333,18.6441955688901,21.552716283282887,1
2023-12-18 09:26:00,275.171875,3033736.8,2850453.333333333,3033736.8,13.240998031105844,29.196231930012196,1
2023-12-18 09:28:00,290.1484375,2949442.933333333,2719066.1333333333,2949442.933333333,14.755324719978185,14.954668533367414,1
2023-12-18 09:30:00,277.9375,3059712.533333333,2794962.933333333,3059712.533333333,14.882876917771581,31.45875882328255,1
2023-12-18 09:32:00,286.5859375,6958660.355976269,6317574.295046997,6958660.355976269,16.698884447750693,19.45434900671634,1
2023-12-18 09:34:00,274.65234375,4207685.066666666,3989035.2,4207685.066666666,15.737482835538685,23.989563216649305,1
2023-12-18 09:36:00,291.1171875,4235274.933333334,3839307.466666667,4235274.933333334,15.874235462203313,26.224923726695128,1
2023-12-18 09:38:00,289.62109375,7045939.733333332,6512896.533333332,7045939.733333332,7.0420267755657235,21.740856733425364,1
2023-12-18 09:40:00,278.06640625,2427823.733333333,2126453.333333333,2427823.733333333,12.833195840034426,14.173707010049839,1
2023-12-18 09:42:00,276.18359375,4958785.333333333,4492585.066666666,4958785.333333333,14.057467226650465,23.30247824672066,1
2023-12-18 09:44:00,282.16015625,4014843.2,3803744.266666666,4014843.2,14.202705233344913,25.272793243348136,1
2023-12-18 09:46:00,284.70703125,4610797.866666666,4312118.133333334,4610797.866666666,16.951962977764197,29.855401126648456,1
2023-12-18 09:48:00,277.25,2803763.733333333,2690276.533333333,2803763.733333333,7.214948286677504,18.45561247338385,1
2023-12-18 09:50:00,274.40234375,4009493.866666666,3589573.066666667,4009493.866666666,17.319193033294543,19.293588376701035,1
2023-12-18 09:52:00,271.88671875,4720523.733333333,4220669.6,4720523.733333333,7.014247833350155,22.32426198665053,1
2023-12-18 09:54:00,279.53515625,4424830.666666667,4096016.0,4424830.666666667,17.687146106683127,27.576368443357445,1
2023-12-18 09:56:00,271.1015625,3852217.866666666,3580018.933333333,3852217.866666666,14.19234978668909,12.562851679977028,1
2023-12-18 09:58:00,273.84375,4346222.4,3961767.7333333325,4346222.4,14.697989028904386,27.434890543324094,1
2023-12-18 10:00:00,273.40625,4897722.666666667,4492778.4,4897722.666666667,13.928833902205547,22.315142079993773,1
2023-12-18 10:02:00,286.98046875,3417069.8666666667,3126500.266666666,3417069.8666666667,10.06665822222001,13.814737433373615,1
2023-12-18 10:04:00,287.74609375,3491523.466666667,3222120.533333333,3491523.466666667,6.533102911133836,18.93883313333693,1
2023-12-18 10:06:00,292.38671875,4816521.333333333,4524140.266666667,4816521.333333333,13.27826257775693,22.12434740329627,1
2023-12-18 10:08:00,289.3359375,3956621.6,3718571.466666667,3956621.6,16.710197742213495,19.38087775663007,1
2023-12-18 10:10:00,288.91015625,3801821.6,3339353.066666667,3801821.6,14.552118277772227,27.44588312333993,1
2023-12-18 10:12:00,277.5859375,4387664.0,3996190.4,4387664.0,8.340951777774738,16.846817766684882,1
2023-12-18 10:14:00,289.1015625,5689589.333333332,5151046.4,5689589.333333332,16.26770588666356,24.84192277004089,1
2023-12-18 10:16:00,279.94140625,6808395.466666668,6318460.533333332,6808395.466666668,19.596780213307486,11.61791315341058,1
2023-12-18 10:18:00,291.7265625,4513593.440655935,4218232.843382328,4513593.440655935,18.611407392568392,27.60446123720836,1
2023-12-18 10:20:00,280.14453125,4703621.6,4351844.0,4703621.6,14.119739548898199,24.20119024997499,1
2023-12-18 10:22:00,281.7578125,5001797.066666666,4511989.6,5001797.066666666,15.140886642232847,28.053972870014448,1
2023-12-18 10:24:00,274.7109375,4873071.2,4502689.866666666,4873071.2,16.73634079556602,37.26017417667512,1
2023-12-18 10:26:00,276.12109375,3851056.8,3711565.333333334,3851056.8,22.92591034001412,28.25295864672323,1
2023-12-18 10:28:00,288.2734375,4291252.533333333,3933362.4,4291252.533333333,15.047818515514438,15.900938319973648,1
2023-12-18 10:30:00,297.7265625,5332248.2335688565,4985138.7814958,5332248.2335688565,15.419562038341846,22.377175379888048,1
2023-12-18 10:32:00,270.58984375,4599728.266666667,4096553.866666666,4599728.266666667,17.686858279953913,23.460227820032745,1
2023-12-18 10:34:00,274.12890625,4359651.466666667,3976240.8,4359651.466666667,20.291269406637486,25.0209175166674,1
2023-12-18 10:36:00,279.77734375,5865814.933333334,5549254.133333334,5865814.933333334,19.90308866667975,27.35607721338359,1
2023-12-18 10:38:00,298.05078125,4489305.066666666,4103330.933333333,4489305.066666666,20.217076077759785,26.92053842998575,1
2023-12-18 10:40:00,284.890625,3708439.7333333325,3641431.2,3708439.7333333325,14.766226939973427,20.082195973373015,1
2023-12-18 10:42:00,272.8828125,4226433.066666666,3852473.6,4226433.066666666,13.63725070447092,10.523949176713359,1
2023-12-18 10:44:00,285.625,5093225.51829878,4651438.704086394,5093225.51829878,16.611478814740135,35.916222025132065,1
2023-12-18 10:46:00,275.546875,3587752.533333333,3444672.533333333,3587752.533333333,9.069318388873297,26.785636353403486,1
2023-12-18 10:48:00,284.015625,4622691.2,4265254.666666667,4622691.2,14.6322458488996,23.02579176001018,1
2023-12-18 10:50:00,290.6171875,3591344.533333333,3314530.933333333,3591344.533333333,18.72601396223116,20.49344965664204,1
2023-12-18 10:52:00,276.04296875,5104780.8,4649197.6,5104780.8,7.386697466653358,11.203939506667666,1
2023-12-18 10:54:00,281.5078125,4168137.3196013724,3805123.487651235,4168137.3196013724,13.808309195763226,21.82953181355898,1
2023-12-18 10:56:00,275.1953125,4303875.745758758,3960459.1540845917,4303875.745758758,19.988510757814048,11.078255871039284,1
2023-12-18 10:58:00,286.99609375,5139917.066666666,4665857.6,5139917.066666666,15.787525386678883,21.6370745167175,1
2023-12-18 11:00:00,278.484375,5809149.866666666,5339182.666666667,5809149.866666666,15.440587928880836,21.224242013316445,1
2023-12-18 11:02:00,281.19140625,6043768.0,5451817.066666666,6043768.0,14.083299575593426,19.77894362333852,1
2023-12-18 11:04:00,278.28125,2049195.2,1924413.866666667,2049195.2,12.945474926705675,22.587687503255445,1
2023-12-18 11:06:00,288.859375,5476869.333333333,5152652.0,5476869.333333333,15.052853384469119,18.789712633394327,1
2023-12-18 11:08:00,286.50390625,3859248.8,4210912.266666667,3859248.8,11.691907986662248,17.629358893318567,1
2023-12-18 11:10:00,288.484375,772100.8,2552863.2,772100.8,6.2210749844477204,10.334982070004724,1
2023-12-18 11:12:00,275.078125,4771459.2,4235370.133333334,4771459.2,14.020964713288574,25.8906949100007,1
2023-12-18 11:14:00,271.94140625,5455616.533333333,4883822.666666667,5455616.533333333,16.200169962248765,29.271842116722837,1
2023-12-18 11:16:00,293.84765625,4899772.8,4600129.866666666,4899772.8,14.719975073369115,28.280352136644073,1
2023-12-18 11:18:00,293.296875,3774701.3472055485,3690478.858209951,3774701.3472055485,8.665036009989723,20.20000276109092,1
2023-12-18 11:20:00,276.91796875,5953643.2,5526376.8,5953643.2,18.78993157336178,28.07724065001821,1
2023-12-18 11:22:00,289.26953125,3171792.0,2838503.733333333,3171792.0,14.567305359976473,19.576119499979537,1
2023-12-18 11:24:00,277.6796875,5166517.333333333,4639261.6,5166517.333333333,18.091539671101295,28.093559130017336,1
2023-12-18 11:26:00,291.359375,4114998.1333333324,3715530.1333333324,4114998.1333333324,18.919530100021,24.17100255998473,1
2023-12-18 11:28:00,279.3046875,4826706.4,4491179.2,4826706.4,20.42671975996604,22.63808355996541,1
2023-12-18 11:30:00,295.50390625,3732381.6,4080597.6,3732381.6,11.522603084449653,24.70709971666414,1
2023-12-18 11:32:00,287.8046875,5576794.933333334,4918796.8,5576794.933333334,14.358499828894207,15.574084983284896,1
2023-12-18 11:34:00,303.63671875,4357488.8,4053853.866666666,4357488.8,9.189663202269003,21.209603780007452,1
2023-12-18 11:36:00,280.00390625,2788010.4,2526796.8,2788010.4,17.542639580011986,17.99126232993634,1
2023-12-18 11:38:00,288.421875,2498929.066666667,2508098.1333333333,2498929.066666667,17.7267582755303,12.248178586693635,1
2023-12-18 11:40:00,281.41796875,4620789.866666666,4325497.6,4620789.866666666,12.677523173365948,10.920195233290238,1
2023-12-18 11:42:00,285.0,4827899.733333333,4415057.6,4827899.733333333,17.282161468885732,21.228991643292826,1
2023-12-18 11:44:00,285.37890625,2816821.10810901,2639763.8346842797,2816821.10810901,15.44885984857887,22.532167767423285,1
2023-12-18 11:46:00,278.1875,3485529.066666667,3163127.733333333,3485529.066666667,20.926795377745293,22.418787099983696,1
2023-12-18 11:48:00,280.859375,4402956.266666667,4053445.6,4402956.266666667,15.175797757821984,24.10742402668499,1
2023-12-18 11:50:00,285.26953125,4994223.2,4780904.266666667,4994223.2,14.543627775532913,14.26803107674156,1
2023-12-18 11:52:00,279.82421875,2072256.1556658782,2029062.6062039782,2072256.1556658782,18.8878217150385,21.178636747422843,1
2023-12-18 11:54:00,279.78125,3288944.533333333,3190352.8,3288944.533333333,18.408572824426102,23.096537556654464,1
2023-12-18 11:56:00,282.14453125,4376445.866666666,4116022.933333333,4376445.866666666,16.452281751100802,20.484217303261786,1
2023-12-18 11:58:00,277.30859375,5866552.8,5440320.8,5866552.8,10.995898615543004,23.75302060332615,1
2023-12-18 12:00:00,288.42578125,3742258.017201147,3582845.256350423,3742258.017201147,16.399136555797984,21.25035607047381,1
2023-12-18 12:02:00,282.86328125,6003190.133333334,5462401.066666666,6003190.133333334,15.70416275334234,27.629516323407486,1
2023-12-18 12:04:00,279.47265625,4050497.066666667,3872145.6,4050497.066666667,13.952068864471384,20.285855846692964,1
2023-12-18 12:06:00,280.8671875,5047134.4,4547087.2,5047134.4,14.553021740026047,25.84359630670709,1
2023-12-18 12:08:00,284.6328125,2999397.333333333,4384047.733333333,2999397.333333333,9.369173871107504,23.52094162672681,1
2023-12-18 12:10:00,290.9375,4199961.6,3836780.8,4199961.6,17.129042011155335,16.530501403321978,1
2023-12-18 12:12:00,282.0625,4157988.66288763,3889034.211403802,4157988.66288763,11.8194787084882,19.154311713928568,1
2023-12-18 12:14:00,287.6328125,4464899.733333333,4126909.866666666,4464899.733333333,16.35612954663682,29.51032115330842,1
2023-12-18 12:16:00,290.875,5803683.733333332,5285682.4,5803683.733333332,14.445558313357955,22.815597603330392,1
2023-12-18 12:18:00,274.00390625,3973272.533333333,3959468.0,3973272.533333333,15.527369491109212,18.19854442001088,1
2023-12-18 12:20:00,276.59765625,4430909.066666666,4090817.066666667,4430909.066666666,14.998821706653366,31.077073433358844,1
2023-12-18 12:22:00,279.43359375,4075614.1333333324,3464709.333333333,4075614.1333333324,17.406593113361545,12.231045843315465,1
2023-12-18 12:24:00,289.28515625,4201491.9005399635,3806678.4881007937,4201491.9005399635,17.38965963164438,22.890409756043702,1
2023-12-18 12:26:00,279.4453125,5261630.4,4868648.533333333,5261630.4,16.126968571075444,30.162317886715755,1
2023-12-18 12:28:00,280.4296875,2592239.733333333,2384214.4,2592239.733333333,15.302025237793307,22.342288730045162,1
2023-12-18 12:30:00,279.34375,5219797.333333333,4843718.4,5219797.333333333,20.174274979961208,21.29553033330012,1
2023-12-18 12:32:00,277.50390625,5830321.6,5306210.133333334,5830321.6,17.608356404493357,23.445633716667853,1
2023-12-18 12:34:00,285.6484375,4219400.8,4015226.933333333,4219400.8,16.011682997793994,26.713756619913806,1
2023-12-18 12:36:00,277.0,5411947.733333333,4837506.666666667,5411947.733333333,18.258825511115397,27.51886200673956,1
2023-12-18 12:38:00,279.984375,4813659.466666667,4510075.733333333,4813659.466666667,17.723615439996742,30.49209196004085,1
2023-12-18 12:40:00,275.7890625,6470233.6,5858242.666666668,6470233.6,15.253445391103414,24.729695529968012,1
2023-12-18 12:42:00,278.5390625,4901683.2,4375762.933333334,4901683.2,11.348870626663684,24.854095786674105,1
2023-12-18 12:44:00,289.98828125,2426155.733333333,2189962.933333333,2426155.733333333,16.352394344479162,22.284226129995663,1
2023-12-18 12:46:00,290.1875,4715218.933333334,4475302.933333334,4715218.933333334,9.37763107332608,21.913544206666604,1
2023-12-18 12:48:00,293.55859375,2944800.372761765,2688607.3354190243,2944800.372761765,17.993392369478634,14.594849627293446,1
2023-12-18 12:50:00,280.33203125,4083059.2,3987912.8,4083059.2,15.428846068938984,21.458730210045665,1
2023-12-18 12:52:00,280.2578125,4237585.6,3611889.6,4237585.6,17.72991781776202,24.577403326693453,1
2023-12-18 12:54:00,274.7734375,5814387.733333332,5293186.666666667,5814387.733333332,9.363649115548471,26.313134656714592,1
2023-12-18 12:56:00,275.453125,4303372.8,3984336.266666666,4303372.8,12.317136859961062,29.269239366597805,1
2023-12-18 12:58:00,279.26953125,4541440.0,4126971.2,4541440.0,15.320516688904414,28.20196873333771,1
2023-12-18 13:00:00,277.01171875,4100530.1333333324,3806844.8,4100530.1333333324,10.123953895591614,26.097217853336293,1
2023-12-18 13:02:00,278.9765625,4751869.066666666,4243462.133333334,4751869.066666666,13.769108477798808,21.101293090032414,1
2023-12-18 13:04:00,282.0859375,4770794.133333334,4455486.666666667,4770794.133333334,15.455438848908267,18.83494702002887,1
2023-12-18 13:06:00,277.85546875,2479886.666666666,2386650.933333333,2479886.666666666,17.2733582933304,19.967151830011662,1
2023-12-18 13:08:00,277.87109375,6938594.133333334,6312078.666666668,6938594.133333334,21.705895675566158,22.92784866673173,1
2023-12-18 13:10:00,284.12890625,4088370.1333333324,3786312.266666666,4088370.1333333324,14.6034128222123,25.968706640026845,1
2023-12-18 13:12:00,283.8828125,3732652.8,3259488.8,3732652.8,8.102271855588898,22.99285387668836,1
2023-12-18 13:14:00,282.76953125,2890840.266666666,2643496.0,2890840.266666666,13.545559393306675,26.086269989997767,1
2023-12-18 13:16:00,276.6875,4194454.4,3841046.1333333324,4194454.4,7.038442646670673,27.292478990081392,1
2023-12-18 13:18:00,291.4140625,4243023.466666667,4093102.933333333,4243023.466666667,17.209134455511553,21.080913803404354,1
2023-12-18 13:20:00,278.0546875,4777126.666666667,4383475.733333333,4777126.666666667,18.321333977768923,29.09727014998983,1
2023-12-18 13:22:00,280.08984375,4784097.6,4289652.8,4784097.6,17.827101811094003,11.910769973377075,1
2023-12-18 13:24:00,272.62109375,4128600.0,3692612.8,4128600.0,12.699309948883537,12.062127606671615,1
2023-12-18 13:26:00,290.0,5066217.333333333,4756982.666666667,5066217.333333333,18.45086724665533,13.193596860025233,1
2023-12-18 13:28:00,286.75,4472914.666666667,4074490.666666666,4472914.666666667,9.02329910882852,33.09742141000849,1
2023-12-18 13:30:00,280.19921875,4746859.390626042,4446933.795586373,4746859.390626042,14.468620490220538,22.997334695640998,1
2023-12-18 13:32:00,271.296875,4409477.066666666,3844554.1333333324,4409477.066666666,15.794459293376553,25.990899643317483,1
2023-12-18 13:34:00,273.84375,2166211.2,2136656.266666666,2166211.2,15.938300362257804,23.942139656671014,1
2023-12-18 13:36:00,272.41796875,5055690.933333334,4756002.666666667,5055690.933333334,19.20825375334567,24.178049559995998,1
2023-12-18 13:38:00,291.2578125,4654040.533333333,4256256.266666667,4654040.533333333,18.623606175533496,14.116620129983252,1
2023-12-18 13:40:00,285.94921875,5642955.2,5139446.666666667,5642955.2,8.107205191109744,15.503040989957904,1
2023-12-18 13:42:00,295.51953125,4220567.2,4042980.8,4220567.2,17.37211761556359,32.418480136645194,1
2023-12-18 13:44:00,284.4140625,5224759.466666667,4982866.133333334,5224759.466666667,14.284726239986615,26.536798483284656,1
2023-12-18 13:46:00,289.60546875,3746948.8,3616230.1333333324,3746948.8,14.945753566636185,25.550155623253282,1
2023-12-18 13:48:00,288.78125,3871333.066666667,3603390.666666666,3871333.066666667,16.365622648865813,24.09739521002242,1
2023-12-18 13:50:00,285.3671875,3188044.533333333,3022250.933333333,3188044.533333333,9.138601940034679,30.13253711668464,1
2023-12-18 13:52:00,292.4375,4547700.0,4082264.0,4547700.0,17.979300379973008,16.870945466701716,1
2023-12-18 13:54:00,278.8828125,5527438.666666667,5172281.066666666,5527438.666666667,8.741075055505563,23.956240273352407,1
2023-12-18 13:56:00,280.140625,3914925.866666666,3545188.0,3914925.866666666,20.236092091137024,28.29520911996951,1
2023-12-18 13:58:00,279.578125,3678835.2,3565460.266666666,3678835.2,14.463556124440705,22.53228798334021,1
2023-12-18 14:00:00,290.66796875,4688294.35094151,4358801.53307782,4688294.35094151,16.253807734297553,22.553686588893815,1
2023-12-18 14:02:00,273.6171875,4860175.2,4380062.4,4860175.2,16.078225031119974,10.976935206660226,1
2023-12-18 14:04:00,287.1875,4770233.333333333,4390346.933333334,4770233.333333333,18.76201016220471,17.248227839979037,1
2023-12-18 14:06:00,279.234375,5698839.466666668,5175393.066666666,5698839.466666668,11.447840937827197,23.446271840075497,1
2023-12-18 14:08:00,281.6953125,3189594.1072559413,3024017.331600173,3189594.1072559413,14.028183881584187,23.33802680389391,1
2023-12-18 14:10:00,278.97265625,4610356.642890474,4415676.28824745,4610356.642890474,15.555508672696615,19.95643554768724,1
2023-12-18 14:12:00,288.609375,2688109.333333333,2234548.266666666,2688109.333333333,16.657869055569687,19.381293623300735,1
2023-12-18 14:14:00,279.2578125,4411598.933333334,4018942.666666666,4411598.933333334,7.001660964451729,14.764599503250789,1
2023-12-18 14:16:00,276.44140625,1592455.7333333334,2034668.5333333332,1592455.7333333334,11.689845266648463,25.85308523994172,1
2023-12-18 14:18:00,282.59375,5509290.4,4903425.866666666,5509290.4,22.01980935332055,30.090987530032482,1
2023-12-18 14:20:00,274.6875,4903084.0,4358192.266666667,4903084.0,12.543987499989774,27.51055590333029,1
2023-12-18 14:22:00,273.75,3575667.2,4083893.333333334,3575667.2,10.293104791134182,19.248918730008878,1
2023-12-18 14:24:00,276.78515625,4057932.0,3808530.4,4057932.0,16.454536535570192,14.712720513343813,1
2023-12-18 14:26:00,281.4140625,4006342.1333333324,3793074.4,4006342.1333333324,13.160736873331995,22.865345996688124,1
2023-12-18 14:28:00,284.84375,2796325.8666666667,2661600.0,2796325.8666666667,12.782573460006258,24.626452483353205,1
2023-12-18 14:30:00,271.65625,5162323.466666667,4732326.4,5162323.466666667,14.226472000009382,29.903934143367227,1
2023-12-18 14:32:00,280.9140625,4511338.933333334,3946526.1333333324,4511338.933333334,15.549108664466381,27.446583530011893,1
2023-12-18 14:34:00,293.5546875,6154744.327080071,5657813.734963847,6154744.327080071,12.95220808369391,18.813343633940306,1
2023-12-18 14:36:00,280.94140625,5514113.066666666,5034009.333333333,5514113.066666666,14.636227277741352,10.934182633354792,1
2023-12-18 14:38:00,277.0234375,5326529.6,4875325.333333333,5326529.6,12.152101582226656,21.887186969979663,1
2023-12-18 14:40:00,291.15234375,4752602.4,4451253.333333333,4752602.4,15.979846753374051,21.904443653281003,1
2023-12-18 14:42:00,280.390625,4106385.866666666,3586223.466666667,4106385.866666666,17.362582519999705,27.622531420007967,1
2023-12-18 14:44:00,282.171875,5460601.333333333,5023611.466666667,5460601.333333333,9.010443093332773,23.09596904999732,1
2023-12-18 14:46:00,278.42578125,5172496.0,4745650.666666667,5172496.0,9.282963053362133,22.99429531665131,1
2023-12-18 14:48:00,267.2421875,5415169.6,5108804.266666667,5415169.6,18.563104959967962,11.08531069000795,1
2023-12-18 14:50:00,296.05859375,5628259.466666667,5069208.266666667,5628259.466666667,17.78733722005401,37.71830117669499,1
2023-12-18 14:52:00,274.1640625,4432612.266666667,3958587.7333333325,4432612.266666667,15.741102415550914,14.246503890026359,1
2023-12-18 14:54:00,274.53125,5595042.933333334,5273908.0,5595042.933333334,12.620773831149563,19.355247216687232,1
2023-12-18 14:56:00,280.7265625,3960792.0,3783286.666666666,3960792.0,13.10617984000904,21.328154763323255,1
2023-12-18 14:58:00,273.65234375,5988340.2439837335,5579382.974468368,5988340.2439837335,15.337136782006366,25.512970858634425,1
2023-12-18 15:00:00,284.5546875,4916234.666666667,4814889.066666666,4916234.666666667,13.952536906646051,13.012168119991355,1
2023-12-18 15:02:00,271.2890625,5296147.466666667,4796924.266666667,5296147.466666667,16.528968533319937,23.19892278329159,1
2023-12-18 15:04:00,274.14453125,4331021.866666666,3987480.266666666,4331021.866666666,15.631194344475968,22.65021808008896,1
2023-12-18 15:06:00,286.30078125,5882663.733333332,5248583.2,5882663.733333332,15.362101313334684,17.086045846711688,1
2023-12-18 15:08:00,278.3828125,4169613.066666667,3816252.533333333,4169613.066666667,16.0088201844418,24.22590999660315,1
2023-12-18 15:10:00,271.78125,4740607.733333333,4386262.4,4740607.733333333,17.898061739979312,9.772925819949403,1
2023-12-18 15:12:00,278.3046875,2359210.666666666,2239145.6,2359210.666666666,7.0354463155510745,23.087655489992667,1
2023-12-18 15:14:00,282.2109375,5212080.533333333,4855772.0,5212080.533333333,8.649689271114768,27.668944996742844,1
2023-12-18 15:16:00,273.0625,5544046.933333334,4978100.533333333,5544046.933333334,17.710902599954146,24.936670850050483,1
2023-12-18 15:18:00,272.1015625,5627472.0,5217952.8,5627472.0,14.599220515552185,25.85515360997912,1
2023-12-18 15:20:00,284.64453125,4656081.066666666,4334429.6,4656081.066666666,14.914982704471589,22.132866009972833,1
2023-12-18 15:22:00,282.23046875,5960987.459978655,5255727.054429028,5960987.459978655,18.51358265735821,29.99640449567934,1
2023-12-18 15:24:00,279.671875,5343604.266666667,5148514.4,5343604.266666667,21.453056482261875,22.11454144329764,1
2023-12-18 15:26:00,280.68359375,4527698.133333334,4365676.0,4527698.133333334,13.159475426719938,13.548758376661375,1
2023-12-18 15:28:00,277.5390625,5237285.866666666,4718846.933333334,5237285.866666666,16.621384824457994,24.320010450028352,1
2023-12-18 15:30:00,276.35546875,5157560.8,4775246.933333334,5157560.8,17.399306320003234,22.345951326618284,1
2023-12-18 15:32:00,282.23046875,4029826.933333333,3831512.533333333,4029826.933333333,15.478739393292924,21.07025722662608,1
2023-12-18 15:34:00,274.39453125,6302999.2,5713651.2,6302999.2,16.993807375547473,28.713765006687023,1
2023-12-18 15:36:00,275.23046875,4671593.866666666,4355169.066666666,4671593.866666666,16.23369334666576,24.14098988665501,1
2023-12-18 15:38:00,291.33203125,4785813.6,4474516.8,4785813.6,17.2889475067172,25.022834313373703,1
2023-12-18 15:40:00,270.82421875,4013492.8,3694188.8,4013492.8,16.185793411116013,21.35516116667229,1
2023-12-18 15:42:00,284.69921875,5111140.0,4506964.8,5111140.0,16.76685358889194,27.900050786750697,1
2023-12-18 15:44:00,286.06640625,4675402.133333334,4359298.666666667,4675402.133333334,12.357927191122954,24.422917646685768,1
2023-12-18 15:46:00,279.69921875,4690755.733333333,4453712.0,4690755.733333333,14.075025548873885,29.18647203002668,1
2023-12-18 15:48:00,280.6875,4961956.533333333,4485691.733333333,4961956.533333333,18.40661578889316,25.702226936700765,1
2023-12-18 15:50:00,287.65234375,3437616.9645238733,3250339.023739664,3437616.9645238733,7.870589679499178,25.70994301817893,1
2023-12-18 15:52:00,279.6640625,5830271.733333332,5151138.666666667,5830271.733333332,17.720755497769762,30.4373091699866,1
2023-12-18 15:54:00,285.3984375,6200252.940196569,5805840.81292687,6200252.940196569,9.604175090256103,29.015117414580676,1
2023-12-18 15:56:00,287.98046875,5286279.733333333,5314914.933333334,5286279.733333333,17.247540957760066,23.682568110040545,1
2023-12-18 15:58:00,284.265625,3462628.0,3612772.266666666,3462628.0,18.819400015507,24.08098652667832,1
2023-12-18 16:00:00,290.98046875,3854632.533333333,3707826.933333333,3854632.533333333,15.670584835526016,20.586653836653568,1
2023-12-18 16:02:00,287.4921875,4816209.6,4247960.533333333,4816209.6,14.711210115605756,28.11715472334375,1
2023-12-18 16:04:00,276.32421875,5106809.333333333,4681193.066666666,5106809.333333333,15.794474082261633,22.56395297328709,1
2023-12-18 16:06:00,289.08984375,4165983.9306551088,3822343.7239539917,4165983.9306551088,14.13400403405363,22.639110395054537,1
2023-12-18 16:08:00,270.8203125,4552206.933333334,4236486.666666667,4552206.933333334,16.225691422199212,20.634322243373997,1
2023-12-18 16:10:00,268.45703125,2774636.266666666,2519280.533333333,2774636.266666666,10.049792660025156,27.59469078999245,1
2023-12-18 16:12:00,274.05859375,4583440.71976008,4076190.869710097,4583440.71976008,16.692292271422453,26.138210966404944,1
2023-12-18 16:14:00,276.640625,4767698.933333334,4454214.4,4767698.933333334,15.840061906621687,28.20178714668145,1
2023-12-18 16:16:00,277.6328125,5159648.0,4720213.866666666,5159648.0,17.122443260029993,32.7450747366917,1
2023-12-18 16:18:00,291.4140625,4341959.063937596,4138639.9093272886,4341959.063937596,15.753287014642508,24.16555013338823,1
2023-12-18 16:20:00,275.8984375,4491411.2,4094008.8,4491411.2,18.36497076670639,26.95495071335851,1
2023-12-18 16:22:00,273.85546875,4212904.266666667,3833355.7333333325,4212904.266666667,17.191556428830758,36.28457290333851,1
2023-12-18 16:24:00,283.47265625,3838782.1333333324,3555439.466666667,3838782.1333333324,17.67772548890207,30.61072304330689,1
2023-12-18 16:26:00,273.09765625,5118009.066666666,4791611.2,5118009.066666666,16.880418273374538,26.66172944668991,1
2023-12-18 16:28:00,274.18359375,6034731.466666668,5453945.866666666,6034731.466666668,16.068882459981573,22.53593441331759,1
2023-12-18 16:30:00,298.75,3751550.1333333324,3582442.1333333333,3751550.1333333324,16.559776075559462,22.424401790000655,1
2023-12-18 16:32:00,284.84765625,2519128.8,2454255.733333333,2519128.8,8.340303837774425,25.95679613664591,1
2023-12-18 16:34:00,277.8359375,5487859.466666667,5196824.0,5487859.466666667,20.451181802200157,29.202977463331386,1
2023-12-18 16:36:00,280.64453125,4335886.4,3941403.7333333325,4335886.4,17.277443844424038,23.074673523272697,1
2023-12-18 16:38:00,296.515625,4339727.466666667,3963354.933333333,4339727.466666667,19.98437485114361,24.447364206716884,1
2023-12-18 16:40:00,278.25390625,5388505.6,5107220.8,5388505.6,18.178607417762073,23.5300829266392,1
2023-12-18 16:42:00,298.32421875,4601932.266666667,4079925.866666666,4601932.266666667,10.01980415771767,23.560349443287123,1
2023-12-18 16:44:00,285.07421875,4111813.066666667,3816612.8,4111813.066666667,15.925469708874722,23.368098813419536,1
2023-12-18 16:46:00,286.96875,4842609.507300487,4524356.290419362,4842609.507300487,17.25177224482445,13.732972854834335,1
2023-12-18 16:48:00,281.59765625,6035490.933333334,5584156.533333333,6035490.933333334,7.7225610444373975,30.79016893665539,1
2023-12-18 16:50:00,278.87109375,4458502.933333334,4160626.4,4458502.933333334,13.64967732444509,20.203653413336728,1
2023-12-18 16:52:00,284.953125,4175846.4,3917300.0,4175846.4,14.151517062241009,20.501989310044642,1
2023-12-18 16:54:00,277.84375,3774727.7333333325,3471047.466666667,3774727.7333333325,14.980405051093033,23.482047306606546,1
2023-12-18 16:56:00,285.0078125,4351706.133333334,4128267.7333333325,4351706.133333334,14.741226551122965,21.3995581799342,1
2023-12-18 16:58:00,274.4140625,3796909.066666667,4210843.2,3796909.066666667,12.814792682248584,20.943542526608024,1
2023-12-18 17:00:00,288.59375,5222817.066666666,4659289.6,5222817.066666666,8.55643012224593,23.70427501329686,1
